id,name,host_id,host_name,neighbourhood_group,neighbourhood,latitude,longitude,room_type,price,minimum_nights,number_of_reviews,last_review,reviews_per_month,calculated_host_listings_count,availability_365,number_of_reviews_ltm,license
182221,Apartments Calatrava City Valencia,1315567,Chiara,CAMINS AL GRAU,AIORA,39.46343,-0.34325,Entire home/apt,180,3,8,2024-05-04,0.07,2,336,1,VT-38755-V
250981,Apartment Ciudad de Valencia,1315567,Chiara,CAMINS AL GRAU,LA CREU DEL GRAU,39.46233,-0.34263,Entire home/apt,126,3,3,2022-12-06,0.03,2,336,0,NA
909800,I rent luxury flat Valencia(Spain),4877564,Andrea,POBLATS MARITIMS,EL GRAU,39.46157,-0.33124,Entire home/apt,40,360,0,NA,NA,1,294,0,NA
959190,Primera línea de playa cerca de Valencia,5220094,Pilar,POBLATS DEL SUD,EL SALER,39.35203,-0.32259,Entire home/apt,125,7,6,2024-05-28,0.04,1,111,4,VT-40126-V
976840,San Lia,5343696,Eduard,JESUS,LA CREU COBERTA,39.4528,-0.38262,Entire home/apt,130,2,8,2024-06-02,0.06,1,173,3,NA
1895636,Luxury Attic Old town Valencia,9609511,James,CIUTAT VELLA,LA XEREA,39.47343,-0.37101,Entire home/apt,146,30,0,NA,NA,1,200,0,NA
2060665,"Velero Lujo, 4 camarotes, 3 baños, Marina Valencia",10546463,Oscar,POBLATS MARITIMS,EL GRAU,39.461847019237474,-0.3297404088538649,Entire home/apt,256,1,10,2024-03-17,0.12,1,300,1,6va30708
2972825,ENTRE EL CENTRO Y MAR,15166343,Ines,CAMINS AL GRAU,LA CREU DEL GRAU,39.46434,-0.35032,Entire home/apt,150,1,3,2018-11-18,0.03,1,361,0,NA
3331996,Ancient fisher flat near city beach,6269463,Ana Maria,POBLATS MARITIMS,CABANYAL-CANYAMELAR,39.46514,-0.33204,Entire home/apt,140,7,3,2017-06-30,0.03,2,209,0,VT-38136-V
3437150,LOFT EN EL CENTRO,4747776,Chantal,CIUTAT VELLA,LA SEU,39.47568,-0.37902,Entire home/apt,100,5,0,NA,NA,1,255,0,NA
3567941,"casa con encanto,en el centro",850883,Joan,L'EIXAMPLE,RUSSAFA,39.46112,-0.37481,Entire home/apt,125,15,0,NA,NA,1,365,0,NA
5108571,"El Palomar, Terrace overlooking the city",26397759,Paloma,L'EIXAMPLE,RUSSAFA,39.46040344238281,-0.3678480088710785,Entire home/apt,125,3,9,2024-03-18,0.08,1,185,2,NA
6446418,New flat in front of the Old Turia River,21500764,Julia,L'OLIVERETA,NOU MOLES,39.4749,-0.39908,Entire home/apt,80,100,0,NA,NA,3,154,0,NA
7278108,Apartamento confortable,31213505,Amparo,QUATRE CARRERES,NA ROVELLA,39.44971,-0.36954,Entire home/apt,150,4,0,NA,NA,1,52,0,NA
8168768,Jewel in downtown,2757749,Cyro,LA SAIDIA,TRINITAT,39.48403,-0.37053,Entire home/apt,186,7,9,2022-08-27,0.11,4,365,0,NA
8540056,Apartamento en Ciudad de las Artes y las Ciencias.,44941737,Adrian,QUATRE CARRERES,NA ROVELLA,39.45844,-0.35837,Entire home/apt,90,2,1,2018-07-14,0.01,1,175,0,NA
8977764,"Palacio S XIX. Restaurado, Boutique",17767166,Carmen,CIUTAT VELLA,EL CARME,39.47626,-0.3817,Entire home/apt,750,4,7,2019-01-02,0.07,2,79,0,NA
9537245,Four room flat very well located! AG1,7300084,Ana,CAMINS AL GRAU,AIORA,39.46569,-0.34705,Entire home/apt,170,6,10,2019-08-15,0.1,2,22,0,VT-46950-V
11743749,APARTMENTSUITESPAIN ATIC PANORAMIC BEACH,50015130,Julian,POBLATS MARITIMS,LA MALVA-ROSA,39.47871,-0.32556,Entire home/apt,111,2,6,2021-08-15,0.06,6,188,0,NA
12338587,Big and bright wifi-air cond.-near center,61791729,Maria,LA SAIDIA,MARXALENES,39.48741999262456,-0.385931787235503,Entire home/apt,70,1,1,2023-07-22,0.09,2,17,1,NA
12538227,La cabane du Capitaine- Appartement,1542511,Terai,POBLATS MARITIMS,CABANYAL-CANYAMELAR,39.47358029999999,-0.3295688,Entire home/apt,173,2,10,2024-06-09,3.13,2,335,10,NA
13653671,Piso en el centro de valencia,11048105,Alfredo,PATRAIX,PATRAIX,39.4593,-0.39249,Entire home/apt,1014,1,0,NA,NA,4,364,0,NA
13683239,Nice cosy flat between beach&center,17075389,Marine,BENIMACLET,BENIMACLET,39.48592,-0.36321,Entire home/apt,147,20,3,2017-03-20,0.03,1,358,0,NA
13904993,Piso en Valencia,26909405,Julia,JESUS,CAMI REAL,39.45215,-0.40125,Entire home/apt,273,2,3,2024-06-02,0.04,2,362,1,NA
14081708,Alameda I,83066665,SingularStays,CAMINS AL GRAU,PENYA-ROJA,39.46168,-0.35763,Entire home/apt,70,1,5,2024-05-01,0.06,112,325,2,AT-34220-V
14081710,Comedias I,83066665,SingularStays,CIUTAT VELLA,LA XEREA,39.472562731457,-0.3721014576721,Entire home/apt,183,1,5,2023-08-01,0.06,112,332,1,VT-33491-V
14081810,Comedias Iv Sr,83066665,SingularStays,CIUTAT VELLA,LA XEREA,39.47260665893555,-0.3721120059490204,Entire home/apt,201,1,7,2023-09-03,0.08,112,318,1,AT-36906-V
15280312,Travel Habitat Oceanográfico,97229818,Travel Habitat,CAMINS AL GRAU,PENYA-ROJA,39.45574,-0.34324,Entire home/apt,164,1,7,2023-05-06,0.08,45,42,0,VT-37389-V
15280318,Ático en el centro de 2 dormitorios y gran terraza,97229818,Travel Habitat,L'EIXAMPLE,EL PLA DEL REMEI,39.466,-0.37315,Entire home/apt,255,1,6,2022-10-10,0.13,45,274,0,VT-33798-V
15280326,Travel Habitat Torres de Serrano,97229818,Travel Habitat,CIUTAT VELLA,LA SEU,39.47746,-0.37325,Entire home/apt,162,1,3,2023-05-23,0.05,45,200,0,VT-37395-V
15808798,APARTAMENTO RUZAFA,77857829,Mariana,L'EIXAMPLE,RUSSAFA,39.459661063222526,-0.3770275633160319,Entire home/apt,104,3,3,2024-06-17,3,1,77,3,NA
15848679,"APARTAMENTO ACOGEDOR EN CASA DE PUEBLO, BENIMACLET",59643241,Manuel,BENIMACLET,BENIMACLET,39.48584,-0.35967,Entire home/apt,160,2,3,2018-02-23,0.03,1,25,0,NA
16951531,Apartamento en Ruzafa,113355623,Fco Jose,L'EIXAMPLE,RUSSAFA,39.46009,-0.37105,Entire home/apt,600,90,0,NA,NA,1,365,0,VT-37965-V
17340924,Large flat with views on the sea next to the beach,117119691,Dorota,POBLATS MARITIMS,LA MALVA-ROSA,39.48288,-0.32619,Entire home/apt,45,50,6,2018-09-22,0.07,1,271,0,NA
17417608,Alameda II,83066665,SingularStays,CAMINS AL GRAU,PENYA-ROJA,39.46209,-0.35823,Entire home/apt,94,1,6,2023-12-18,0.12,112,297,2,AT34220V
17511243,San Vicente I,83066665,SingularStays,CIUTAT VELLA,LA SEU,39.4746,-0.37548,Entire home/apt,180,1,4,2023-10-19,0.15,112,305,2,VT-39751-V
17639779,"Brand New, 4 star Hotel Beds, clean, next to metro",536122,Paul,ALGIROS,L'AMISTAT,39.47125,-0.35084,Entire home/apt,150,50,0,NA,NA,1,173,0,NA
17904501,Amplio apto al lado de la playa y puntos turíticos,122695382,Marisa,POBLATS MARITIMS,CABANYAL-CANYAMELAR,39.47386,-0.3308,Entire home/apt,330,4,2,2022-07-03,0.06,1,120,0,NA
18004263,Planta Baja-Loft en el Centro Histórico,4708020,Happy Apartments Valencia,CIUTAT VELLA,EL PILAR,39.47546,-0.38125,Entire home/apt,150,1,3,2020-10-25,0.06,11,179,0,NA
18178368,Big apartment close to the beach,125413767,Alejandro,POBLATS MARITIMS,CABANYAL-CANYAMELAR,39.4695,-0.32776,Entire home/apt,135,30,6,2023-09-02,0.09,1,239,1,NA
18202999,"APARTMENT WITH 1 BEDROOM, EL CARMEN-CIUTAT VELLA",123234023,Palacio De Rojas,CIUTAT VELLA,EL PILAR,39.47618,-0.38153,Entire home/apt,180,1,10,2023-11-29,0.12,9,143,1,AT-39461-V
18223585,"Economic 1bedroom apartment,El Carmen-Ciutat Vella",123234023,Palacio De Rojas,CIUTAT VELLA,EL CARME,39.47637,-0.38108,Entire home/apt,194,1,1,2020-10-25,0.02,9,106,0,AT-39462-V
18225828,"LOFT APARTMENT, EL CARMEN-CIUTAT VELLA",123234023,Palacio De Rojas,CIUTAT VELLA,EL CARME,39.47642,-0.38106,Entire home/apt,193,1,4,2023-05-19,0.1,9,151,0,AT-34637-V
18318903,AMANECER EN LA PLAYA,113017051,Diego,POBLATS DEL SUD,EL PERELLONET,39.28586,-0.28081,Entire home/apt,200,9,0,NA,NA,1,238,0,NA
18642113,Apartamento de Luz de María MDPF,129530942,Amanda De Fatima,CAMINS AL GRAU,PENYA-ROJA,39.46317,-0.35888,Entire home/apt,443,3,6,2017-11-19,0.07,2,60,0,NA
18825661,House next to the beach. Cabañal. Valencia,131082837,Víctor,POBLATS MARITIMS,CABANYAL-CANYAMELAR,39.47458,-0.33248,Entire home/apt,300,7,9,2017-10-13,0.1,1,361,0,VT-40205-V
18845422,Precioso piso a 10' de la playa,31441753,Ana Belén,ALGIROS,LA CARRASCA,39.47223,-0.33829,Entire home/apt,290,20,0,NA,NA,1,358,0,NA
18910073,"Apartamento playa El Perellonet,  15 ' Valencia",131778508,Jose Enrique,POBLATS DEL SUD,EL PERELLONET,39.2804,-0.27876,Entire home/apt,79,2,0,NA,NA,1,294,0,NA
19004825,Carmen 1 habitación exterior,132595471,FlatsForYou,CIUTAT VELLA,EL CARME,39.47935,-0.37743,Entire home/apt,289,1,7,2024-05-01,0.11,8,327,6,NA
19004826,Carmen 2 dormitorios dobles,132595471,FlatsForYou,CIUTAT VELLA,EL CARME,39.47763,-0.37905,Entire home/apt,401,1,2,2024-04-10,0.74,8,306,2,NA
19004827,Carmen 1 habitación,132595471,FlatsForYou,CIUTAT VELLA,EL CARME,39.47977,-0.37813,Entire home/apt,279,1,5,2024-04-10,0.07,8,325,2,NA
19005713,Buhardilla Marina 2 Bedrooms 4 People,132595471,FlatsForYou,POBLATS MARITIMS,EL GRAU,39.45969,-0.3363,Entire home/apt,154,1,0,NA,NA,8,46,0,NA
19118201,Luminoso piso cerca de la playa,2924099,Cristina,POBLATS MARITIMS,CABANYAL-CANYAMELAR,39.46815,-0.33245,Entire home/apt,130,3,6,2023-08-16,0.08,1,11,4,VT-43834-V
19281163,Casa Zoe,135028323,Pilar,CIUTAT VELLA,EL CARME,39.47843,-0.38295,Entire home/apt,120,20,10,2023-08-29,0.22,2,223,2,NA
19304594,Bonito piso recién reformado con gran terraza,51230275,Mikel,POBLATS MARITIMS,CABANYAL-CANYAMELAR,39.4669,-0.33355,Entire home/apt,130,1,6,2018-06-30,0.07,1,0,0,VT-41462-V
19475720,CENTRE DELUXE AP,128151199,Inmaculada,CIUTAT VELLA,SANT FRANCESC,39.469297485714606,-0.3742582817142523,Entire home/apt,400,5,8,2024-06-03,0.1,1,69,4,NA
19579542,Квартира в центре Валенсии,136389689,Антон,QUATRE CARRERES,CIUTAT DE LES ARTS I DE LES CIENCIES,39.45658685582785,-0.35816925186188747,Entire home/apt,159,7,0,NA,NA,1,365,0,NA
19766478,Fantástico piso cerca de la playa,52574981,Hello,POBLATS MARITIMS,BETERO,39.46974,-0.33964,Entire home/apt,126,3,9,2023-07-24,0.11,6,98,2,VT-41869-V
19766736,Semiático con vistas increibles y luz natural,670775,Cpi Gestión Encuentra Tu Mansión,CAMINS AL GRAU,PENYA-ROJA,39.46102,-0.35725,Entire home/apt,169,6,8,2024-01-06,0.55,1,89,6,NA
19773866,Fantástico duplex para 12 personas,52574981,Hello,ALGIROS,CIUTAT JARDI,39.47221,-0.34274,Entire home/apt,280,6,9,2023-08-16,0.11,6,48,1,VT-41868-V
20101839,Comedias Ii,83066665,SingularStays,CIUTAT VELLA,LA XEREA,39.4726448059082,-0.3721010088920593,Entire home/apt,246,1,6,2024-04-03,0.07,112,354,1,VT-33490-V
20177692,Casita bonita,81148282,Oscar,CAMINS AL GRAU,AIORA,39.4671,-0.34289,Entire home/apt,62,4,4,2024-06-17,0.05,1,16,1,NA
21779292,Cosy Apartment in Perfect Location on Turia Garden,13674652,Victor,CAMINS AL GRAU,PENYA-ROJA,39.4649,-0.35733,Entire home/apt,150,15,5,2022-12-05,0.07,1,363,0,NA
21824519,Antiguo Reino,83066665,SingularStays,QUATRE CARRERES,MONT-OLIVET,39.46054,-0.36692,Entire home/apt,119,1,9,2024-06-11,0.12,112,339,3,AT-42056-V
21940679,Apartamiento luz de maria MDPF,129530942,Amanda De Fatima,QUATRE CARRERES,LA PUNTA,39.45325,-0.34332,Entire home/apt,250,1,0,NA,NA,2,323,0,NA
22201608,"APARTAMENTO 2 HABITACIONES, CIUTAT VELLA-EL CARMEN",123234023,Palacio De Rojas,CIUTAT VELLA,EL CARME,39.4763,-0.38085,Entire home/apt,254,1,5,2024-04-25,0.16,9,155,1,AT-34628-V
22201609,"PENTHOUSE WITH PRIVATE TERRACE ,EL CARMEN",123234023,Palacio De Rojas,CIUTAT VELLA,EL CARME,39.47629,-0.38117,Entire home/apt,272,1,10,2023-04-07,0.24,9,112,0,AT-39461-V
22201610,DÚPLEX DE 1 HABITACIÓN EN EL CARMEN- CIUTAT VELLA,123234023,Palacio De Rojas,CIUTAT VELLA,EL CARME,39.4763,-0.38085,Entire home/apt,190,1,1,2021-10-12,0.03,9,130,0,AT-34635-V
22201612,DÚPLEX DE 2 HABITACIONES EL CARMEN-CIUTAT VELLA,123234023,Palacio De Rojas,CIUTAT VELLA,EL CARME,39.4763,-0.38085,Entire home/apt,340,1,3,2024-02-22,0.1,9,106,1,AT-39459-V
22595109,Precioso Ático con piscina en Valencia,166179909,Sonia,POBLATS DE L'OEST,BENIFERRI,39.49379,-0.40623,Entire home/apt,464,5,4,2019-08-29,0.05,1,83,0,NA
22609872,"Nice flat in Valencia, great location!",166377387,Cindy,CAMINS AL GRAU,ALBORS,39.46921,-0.35206,Entire home/apt,86,2,10,2023-07-22,0.17,1,1,2,NA
23054727,1 Bedroom with balcony. El Carmen. Valencia.TRA1,170698476,Bet,CIUTAT VELLA,EL CARME,39.47993,-0.38047,Entire home/apt,173,1,2,2021-07-28,0.05,36,81,0,VT-36471-V
23054742,1 Bedroom up to 3 people. El Carmen. Valencia. TRA2,170698476,Bet,CIUTAT VELLA,EL CARME,39.47996,-0.38037,Entire home/apt,157,1,3,2020-06-28,0.04,36,78,0,VT-36472-V
23054756,1 Bedroom with balcony. El Carmen. Valencia. TRA3,170698476,Bet,CIUTAT VELLA,EL CARME,39.47841,-0.38017,Entire home/apt,173,1,5,2023-03-18,0.09,36,81,0,VT-36473-V
23054757,1 Bedroom up to 3 people. El Carmen. Valencia. TRA4,170698476,Bet,CIUTAT VELLA,EL CARME,39.47847,-0.37869,Entire home/apt,157,1,8,2024-04-26,0.1,36,78,2,VT-36474-V
23054772,1 Bedroom with balcony. El Carmen. Valencia.TRA5,170698476,Bet,CIUTAT VELLA,EL CARME,39.48021,-0.38036,Entire home/apt,173,1,4,2024-03-29,0.13,36,81,1,VT-36475-V
23054786,1 Bedroom up to 3 people. El Carmen. Valencia. TRA6,170698476,Bet,CIUTAT VELLA,EL CARME,39.47811,-0.38018,Entire home/apt,157,1,4,2021-11-15,0.06,36,78,0,VT-36476-V
23054794,1 Bedroom penthouse with terrace. El Carmen. TRA7,170698476,Bet,CIUTAT VELLA,EL CARME,39.48003,-0.37863,Entire home/apt,188,1,3,2022-02-28,0.04,36,79,0,NA
23246329,Piso acogedor cerca de la playa,52574981,Hello,ALGIROS,CIUTAT JARDI,39.47218,-0.34068,Entire home/apt,300,3,10,2023-08-17,0.28,6,14,5,NA
23427344,Travel Habitat Jardines del Rio Turia,97229818,Travel Habitat,LA SAIDIA,TRINITAT,39.48044,-0.3731,Entire home/apt,194,1,6,2022-03-13,0.09,45,294,0,AT-42914-V
23518346,Bello piso en valencia,57101174,Francisco,CAMINS AL GRAU,ALBORS,39.46895,-0.3517,Entire home/apt,95,7,6,2023-08-28,0.1,5,34,3,NA
23662301,Flats Friends Soho Suites: wheelchair accesible,121643082,Flats,CIUTAT VELLA,EL PILAR,39.47301,-0.38175,Entire home/apt,114,1,9,2024-05-01,0.14,19,145,1,AT-39816-V
23785893,Flat 4 rooms on the beach Malvarrosa for 6-7people,95895009,Alexandre,POBLATS MARITIMS,LA MALVA-ROSA,39.48091,-0.32889,Entire home/apt,95,4,9,2019-08-27,0.12,1,22,0,NA
23799068,PENTHOUSE with TERRACE of 40m2 in CENTER,178590531,Liana,L'OLIVERETA,NOU MOLES,39.47181,-0.39471,Entire home/apt,166,6,9,2023-01-25,0.12,1,77,0,NA
23808446,playa de Valencia,178672907,Carlos,POBLATS DEL SUD,EL PERELLONET,39.29595,-0.28762,Entire home/apt,156,2,2,2023-05-02,0.14,1,294,0,NA
23820340,Casa única con fuego antiguo,178801302,Fermin,CIUTAT VELLA,EL CARME,39.47849,-0.38184,Entire home/apt,200,1,0,NA,NA,1,365,0,NA
24008528,Espléndido piso para disfrutar de Valencia,96761909,David,LA SAIDIA,SANT ANTONI,39.49071,-0.37461,Entire home/apt,350,1,0,NA,NA,1,271,0,NA
24012961,A (va036) Th Atico Ciutat Vella,97229818,Travel Habitat,CIUTAT VELLA,EL MERCAT,39.47407,-0.38109,Entire home/apt,211,1,8,2022-10-01,0.13,45,225,0,AT-43335-V
24017193,Piso bello en valencia,105038100,Monica,CAMINS AL GRAU,AIORA,39.46659,-0.34814,Entire home/apt,160,7,9,2023-08-06,0.12,2,37,3,NA
24306190,"Chalet de ensueño en El Saler, ideal para familias",45158538,Juan,POBLATS DEL SUD,EL SALER,39.35317,-0.31526,Entire home/apt,264,3,9,2019-10-27,0.12,1,191,0,VT-45354-V
24965402,Piso en Valencia bello y bien ubicado,57101174,Francisco,CAMINS AL GRAU,AIORA,39.46883,-0.34843,Entire home/apt,170,7,9,2023-08-22,0.13,5,39,2,NA
25079627,Travel Habitat Palau de les Arts,97229818,Travel Habitat,QUATRE CARRERES,CIUTAT DE LES ARTS I DE LES CIENCIES,39.45323,-0.36139,Entire home/apt,270,1,5,2022-09-27,0.07,45,248,0,AT 43822 V
25276946,Travel Habitat Jardines de Viveros,97229818,Travel Habitat,LA SAIDIA,TRINITAT,39.48466,-0.36486,Entire home/apt,199,1,10,2022-07-25,0.15,45,220,0,AT 44004 V
25276947,Travel Habitat Mestalla,97229818,Travel Habitat,EL PLA DEL REAL,MESTALLA,39.47144,-0.36033,Entire home/apt,149,1,5,2023-01-05,0.08,45,155,0,AT-43786-V
25671499,5 double bedrooms in modern flat,14505249,Sophie,BENIMACLET,BENIMACLET,39.48309,-0.35502,Entire home/apt,105,7,4,2023-07-30,0.07,9,40,2,NA
25672474,Cheap 4 bedroom flat in Valencia,14505249,Sophie,EL PLA DEL REAL,CIUTAT UNIVERSITARIA,39.48039,-0.36043,Entire home/apt,85,7,5,2019-08-11,0.07,9,34,0,NA
25850020,Valencia Penthouse City & Sunrise Views,127392444,Cany,RASCANYA,TORREFIEL,39.495592,-0.3714488305760897,Entire home/apt,69,2,8,2024-06-09,0.11,1,71,2,NA
25866594,Russaflat - Premium apartment in Russafa.,104289766,Luis,L'EIXAMPLE,RUSSAFA,39.46266,-0.37093,Entire home/apt,85,2,7,2019-09-16,0.12,1,183,0,I 00118 2019 0045883
25877153,Harbor Apartments - your Valencia by the Sea,2877871,Ruslan,POBLATS MARITIMS,EL GRAU,39.45839,-0.33539,Entire home/apt,121,2,1,2021-08-08,0.03,1,26,0,NA
25908534,Apartamento ático loft ciencias,182377233,Jose,QUATRE CARRERES,CIUTAT DE LES ARTS I DE LES CIENCIES,39.45545,-0.35634,Entire home/apt,250,28,6,2024-03-30,0.32,1,148,4,NA
25989994,"Your Home at Valencia, el Carmen",104520761,Vicente Y Raquel,CIUTAT VELLA,EL CARME,39.47873,-0.38055,Entire home/apt,104,2,9,2023-12-02,0.12,8,120,3,NA
26123354,2 Bedroom apartment with balcony. VIV 12,170698476,Bet,LA SAIDIA,TRINITAT,39.4807,-0.37029,Entire home/apt,206,1,4,2023-06-05,0.14,36,66,0,VT-34098-V
26123403,One bedroom apartment. ViV 3.2,170698476,Bet,LA SAIDIA,TRINITAT,39.47916,-0.37027,Entire home/apt,164,1,5,2022-03-21,0.11,36,52,0,NA
26123427,Studio. VIV 31,170698476,Bet,LA SAIDIA,TRINITAT,39.48078,-0.37053,Entire home/apt,150,1,2,2023-08-14,0.04,36,83,1,NA
26123453,Superior 2 Bedroom apartment with balcony. VIV 11,170698476,Bet,LA SAIDIA,TRINITAT,39.47891,-0.37138,Entire home/apt,229,1,3,2023-11-17,0.09,36,82,1,VT-34097-V
26123497,Superior 2 Bedroom apartment with balcony. VIV 21,170698476,Bet,LA SAIDIA,TRINITAT,39.47914,-0.37198,Entire home/apt,229,1,4,2023-07-22,0.11,36,82,1,VT-34099-V
26241311,La Casita De La Reina,123847869,Paul,POBLATS MARITIMS,CABANYAL-CANYAMELAR,39.47325,-0.32764,Entire home/apt,115,3,4,2023-06-30,0.18,1,111,1,NA
26938413,Dúplex con Terraza,102196656,Welcomergroup,CIUTAT VELLA,EL CARME,39.47815,-0.37709,Entire home/apt,204,1,1,2021-11-14,0.03,22,133,0,NA
26938445,Apartamento Dúplex,102196656,Welcomergroup,CIUTAT VELLA,EL CARME,39.47831,-0.37904,Entire home/apt,204,1,10,2023-04-02,0.23,22,135,0,NA
26938447,Standard 2 bedrooms,102196656,Welcomergroup,CIUTAT VELLA,EL CARME,39.47815,-0.37745,Entire home/apt,178,1,4,2024-04-30,0.12,22,164,2,VT-31782-V
26938526,1 Habitación triple,102196656,Welcomergroup,CIUTAT VELLA,EL CARME,39.47857,-0.37914,Entire home/apt,148,1,4,2022-10-31,0.1,22,174,0,NA
26938551,Welcomer Valencia 3B,102196656,Welcomergroup,CIUTAT VELLA,EL CARME,39.4773,-0.37923,Entire home/apt,186,1,9,2024-05-15,0.24,22,148,3,VT-33819-V
26938578,2 Habitaciones Estándar,102196656,Welcomergroup,CIUTAT VELLA,EL CARME,39.47866,-0.37902,Entire home/apt,178,1,4,2022-09-08,0.09,22,154,0,NA
26938601,1 Habitación Básico,102196656,Welcomergroup,CIUTAT VELLA,LA SEU,39.47656,-0.37792,Entire home/apt,142,1,3,2024-04-27,0.09,22,186,1,VT-33820-V
26938631,Welcomer Valencia 7B,102196656,Welcomergroup,CIUTAT VELLA,EL CARME,39.477290000000004,-0.37714,Entire home/apt,186,1,3,2024-02-04,0.1,22,175,1,VT-32501-V
26938686,1 Habitación Estándar,102196656,Welcomergroup,CIUTAT VELLA,LA SEU,39.47655,-0.37776,Entire home/apt,148,1,3,2022-02-13,0.09,22,179,0,NA
26938747,Welcomer Valencia 10A,102196656,Welcomergroup,CIUTAT VELLA,EL CARME,39.47818,-0.37888,Entire home/apt,137,1,6,2024-04-07,0.09,22,188,1,VT-31727-V
26938772,Estudio Estándar,102196656,Welcomergroup,CIUTAT VELLA,EL CARME,39.47849,-0.37738,Entire home/apt,141,1,6,2023-02-27,0.09,22,160,0,VT-31783-V
26938796,Estudio Pequeño,102196656,Welcomergroup,CIUTAT VELLA,EL CARME,39.47838,-0.37758,Entire home/apt,119,1,2,2022-08-28,0.06,22,185,0,VT-32497-V
26938835,Estudio Básico con balcón,102196656,Welcomergroup,CIUTAT VELLA,EL CARME,39.47708,-0.37904,Entire home/apt,126,1,0,NA,NA,22,161,0,VT-33812-V
26938860,Welcomer Valencia 9A,102196656,Welcomergroup,CIUTAT VELLA,LA SEU,39.47656,-0.37876,Entire home/apt,137,1,3,2021-12-29,0.05,22,187,0,VT-31726-V
26938895,Estudio Pequeño,102196656,Welcomergroup,CIUTAT VELLA,EL CARME,39.47669,-0.37878,Entire home/apt,119,1,3,2022-11-08,0.13,22,162,0,VT-32496-V
26938955,Estudio Estándar,102196656,Welcomergroup,CIUTAT VELLA,EL CARME,39.47666,-0.37921,Entire home/apt,141,1,3,2022-10-09,0.08,22,172,0,VT-32498-V
26954928,VERY CENTRICAL HOUSE,15127620,Jose,L'OLIVERETA,NOU MOLES,39.46924,-0.39279,Entire home/apt,800,3,0,NA,NA,3,90,0,NA
26956351,5 SENSES Apartment,202827740,Ramón,POBLATS MARITIMS,LA MALVA-ROSA,39.48007,-0.33038,Entire home/apt,180,1,9,2023-09-10,0.14,1,74,2,3786890
27020160,Cozy apartment near Viveros gardens and center,70211558,Ana,BENIMACLET,BENIMACLET,39.48706,-0.3636,Entire home/apt,120,30,8,2019-08-30,0.11,1,88,0,NA
27365785,105- Apartamento Playa y Centro Ciudad,22730671,Marcela,EL PLA DEL REAL,MESTALLA,39.47495372448365,-0.35281945019960403,Entire home/apt,120,2,4,2023-08-10,0.35,10,41,4,NA
28113229,Cristina center,72081969,Cristina,LA SAIDIA,SANT ANTONI,39.487434,-0.3721014,Entire home/apt,130,2,0,NA,NA,2,235,0,VT42767-V
28331671,Chalet en  la playa cerca  campo de golf +wifi,66727046,Belen,POBLATS DEL SUD,EL PERELLONET,39.30376,-0.29191,Entire home/apt,350,3,4,2022-06-25,0.07,1,69,0,NA
28461634,Apartamento Centro Histórico Valencia,153294873,Luis - Eric,CIUTAT VELLA,EL MERCAT,39.4734041,-0.3801941,Entire home/apt,141,2,0,NA,NA,2,191,0,VT-39642-V
29696936,"Ático acogedor con terraza, amplio y luminoso.",223475862,Raul,LA SAIDIA,SANT ANTONI,39.489559,-0.37135,Entire home/apt,70,14,8,2023-09-30,0.35,1,49,3,NA
29788365,Cosy and central apartment near Turia's Park,46405736,Samir,CAMPANAR,LES TENDETES,39.48311,-0.38545,Entire home/apt,135,3,0,NA,NA,1,361,0,NA
29998393,Welcomer Valencia 6B,102196656,Welcomergroup,CIUTAT VELLA,EL CARME,39.47847,-0.37717,Entire home/apt,119,1,1,2019-01-05,0.02,22,181,0,VT-33822-V
30000310,Welcomer apartments Twin 7A,102196656,Welcomergroup,CIUTAT VELLA,EL CARME,39.47791,-0.37718,Entire home/apt,141,1,1,2019-08-21,0.02,22,159,0,VT-31779-V
30537775,Abc Zurbarán en el corazón de la ciudad,158286946,Salva,L'EIXAMPLE,EL PLA DEL REMEI,39.46718,-0.37172,Entire home/apt,427,2,0,NA,NA,6,306,0,AT-45569-V
30702043,Mercado Grao,1240766,Jessica Mary,POBLATS MARITIMS,EL GRAU,39.46296,-0.33527,Entire home/apt,80,7,4,2023-08-15,0.06,2,0,1,VT-43107-V
30842617,MARAVILLOSO APARTAMENTO DISEÑO,126990480,Elena,BENICALAP,BENICALAP,39.48698,-0.39548,Entire home/apt,84,2,3,2024-06-16,0.3,2,51,3,NA
31376773,Apartment in Valencia,102065173,Della,EXTRAMURS,EL BOTANIC,39.47706,-0.38467,Entire home/apt,300,7,0,NA,NA,1,90,0,NA
31619181,Apartamentos Dormavalencia Estudio,237038416,Apartamentos,POBLATS MARITIMS,EL GRAU,39.46161,-0.33623,Entire home/apt,108,2,1,2022-02-13,0.03,2,15,0,NA
31948548,Penthouse big terrace 10mn walking from center,239535817,Jorge,EXTRAMURS,ARRANCAPINS,39.46468,-0.38492,Entire home/apt,157,25,1,2019-06-25,0.02,1,90,0,NA
32435687,Tres dormitorios en la playa.,2484419,Maite,POBLATS MARITIMS,LA MALVA-ROSA,39.48387,-0.32836,Entire home/apt,170,29,1,2020-12-23,0.02,1,87,0,NA
32523972,Espai Loft Santa Mónica,244391830,Mónica,LA SAIDIA,MORVEDRE,39.48204,-0.37343,Entire home/apt,350,3,10,2023-12-04,0.16,2,80,3,NA
32783823,Appartement Benimamet,43532913,Seb,POBLATS DE L'OEST,BENIMAMET,39.49984,-0.41709,Entire home/apt,75,7,3,2024-06-09,0.12,1,311,2,NA
33194145,Apartamento cerca playa Las Arenas y metro,103878287,Agus,POBLATS MARITIMS,CABANYAL-CANYAMELAR,39.46486688832696,-0.33016118407249273,Entire home/apt,38,62,0,NA,NA,1,277,0,NA
33764079,Piso muy cómodo y bien ubicado,57101174,Francisco,CAMINS AL GRAU,AIORA,39.46811,-0.34595,Entire home/apt,170,5,9,2023-08-18,0.15,5,30,2,NA
33903121,Piso con vistas para familias,256020621,Elena,ALGIROS,L'ILLA PERDUDA,39.47126388549805,-0.34193000197410583,Entire home/apt,215,5,6,2023-08-23,0.1,3,139,1,NA
34714767,Espectacular piso amplio y luminoso en valencia,105038100,Monica,CAMINS AL GRAU,AIORA,39.46619,-0.34639,Entire home/apt,180,7,3,2021-08-24,0.05,2,32,0,NA
35252550,Centro Bajo Iturbi,261149179,Vacansis,CIUTAT VELLA,LA XEREA,39.47643,-0.36959,Entire home/apt,55,1,3,2024-03-17,0.12,6,276,1,NA
35362975,"APT. REFORMADO (4 HAB. y 4 BAÑOS), cerca de Playa",94456786,Andrea,CAMINS AL GRAU,AIORA,39.46567,-0.34742,Entire home/apt,70,3,5,2022-07-31,0.08,10,31,0,VT-45901-V
35460090,Mini-Estudio Pi.1 - H4,129561267,Maria Mercedes,QUATRE CARRERES,MONT-OLIVET,39.45899,-0.36735,Entire home/apt,17,30,0,NA,NA,5,1,0,NA
35751030,Apartamento con encanto en pleno centro,1730527,Carlos,CIUTAT VELLA,EL MERCAT,39.47307,-0.37726,Entire home/apt,69,4,4,2019-09-01,0.07,1,4,0,NA
35838795,3 bed apartment in central location,14505249,Sophie,EL PLA DEL REAL,MESTALLA,39.47039,-0.35898,Entire home/apt,95,7,0,NA,NA,9,54,0,NA
35976010,"APARTAMENTO reformado , tranvía directo a playa!",243834631,Maribel,RASCANYA,TORREFIEL,39.495,-0.37293,Entire home/apt,76,10,8,2022-06-10,0.13,1,141,0,NA
36510148,Twin Double Room. 2 PAX. Canovas. Valencia. CAN 4,170698476,Bet,L'EIXAMPLE,EL PLA DEL REMEI,39.46923,-0.36545,Entire home/apt,139,1,2,2023-03-04,0.06,36,63,0,HV-1463
36510187,Twin Double Room. 2 PAX. Canovas. Valencia. CAN 3,170698476,Bet,L'EIXAMPLE,LA GRAN VIA,39.46756,-0.36539,Entire home/apt,139,1,0,NA,NA,36,63,0,HV-1463
36510204,Double Room interior. 2 PAX. Canovas. Valencia. CAN 2,170698476,Bet,L'EIXAMPLE,EL PLA DEL REMEI,39.46807,-0.36747,Entire home/apt,139,1,1,2022-05-25,0.04,36,52,0,HV-1463
36510237,Double Room with balcony. 3 PAX. Canovas. Valencia. CAN 1,170698476,Bet,L'EIXAMPLE,LA GRAN VIA,39.46763,-0.36553,Entire home/apt,154,1,10,2023-09-23,0.31,36,46,2,HV-1463
36564187,Increíbles vistas en el saler,133337927,Javier,POBLATS DEL SUD,EL SALER,39.34946,-0.31579,Entire home/apt,91,3,8,2024-06-16,0.14,1,24,6,NA
37292763,Traditional Cozy Home in Valencia Historic Centre,103842584,Galina,LA SAIDIA,SANT ANTONI,39.4881,-0.37357,Entire home/apt,153,3,0,NA,NA,2,44,0,NA
37809824,comfortable modern artist's house near beach,14015494,Ali+Jac,POBLATS MARITIMS,CABANYAL-CANYAMELAR,39.46905,-0.32623,Entire home/apt,48,30,6,2024-02-18,0.14,1,79,2,NA
37907141,Living w style in the Cabanyal / AC and Wi-Fi,59700048,Jose,POBLATS MARITIMS,CABANYAL-CANYAMELAR,39.46991,-0.32902,Entire home/apt,121,2,6,2022-08-11,0.1,4,86,0,NA
38685067,Nice and cossy apartment very well located,23776415,Fernanda,QUATRE CARRERES,MONT-OLIVET,39.46081,-0.36499,Entire home/apt,35,30,3,2023-06-30,0.1,2,0,1,NA
38848287,Studio Art,17767166,Carmen,CIUTAT VELLA,EL PILAR,39.4755981,-0.3824912,Entire home/apt,160,6,0,NA,NA,2,72,0,NA
39417986,FLAT EL CARMEN CENTRO DE VALENCIA,141206394,Rafael,CIUTAT VELLA,EL CARME,39.47768,-0.37696,Entire home/apt,26,60,0,NA,NA,1,83,0,NA
39581582,Beach Luxury Apartment,304125016,Maria Cristina,POBLATS MARITIMS,CABANYAL-CANYAMELAR,39.474094,-0.327562,Entire home/apt,250,1,3,2024-04-28,0.12,1,16,1,Vt-33247-V
39597754,Lovely 3-Bedroom Apartment 15 Minutes from Beach,272234800,Adolfo,ALGIROS,L'ILLA PERDUDA,39.4695,-0.34036,Entire home/apt,85,3,3,2020-03-07,0.05,1,57,0,NA
39633137,Apartamento de ensueño en el Perellonet,16671839,Ester,POBLATS DEL SUD,EL PERELLONET,39.27933,-0.2761,Entire home/apt,121,2,7,2023-06-28,0.15,1,279,1,NA
40439651,Coqueto estudio privado cerca de la playa con WIFI,8987701,Adolfo Y Sara,POBLATS MARITIMS,CABANYAL-CANYAMELAR,39.46719,-0.33203,Entire home/apt,87,3,10,2023-08-06,0.19,3,112,1,VT-36715-V
40443593,Bonito estudio privado con WIFI cerca de la playa,8987701,Adolfo Y Sara,POBLATS MARITIMS,CABANYAL-CANYAMELAR,39.46556,-0.33084,Entire home/apt,88,3,6,2023-08-21,0.14,3,94,1,NA
40677070,Cosy duplex in Valencia center.,200746199,Neyl,CIUTAT VELLA,EL MERCAT,39.47414,-0.3788,Entire home/apt,300,4,0,NA,NA,1,364,0,NA
40774063,Vivaldi Center City - Apartamento completo,42749214,Vivaldi Flats,EXTRAMURS,LA ROQUETA,39.46732,-0.38168,Entire home/apt,166,2,9,2024-03-02,0.29,3,143,1,VT-43180-V
40887658,Arty loft P4,137557003,Francisco,CIUTAT VELLA,EL CARME,39.47757,-0.37757,Entire home/apt,65,32,7,2023-12-29,0.14,18,221,5,NA
40984971,Apartamento Playa WIFI,319624250,Elena,POBLATS MARITIMS,CABANYAL-CANYAMELAR,39.46975,-0.32777,Entire home/apt,200,2,2,2022-12-25,0.04,1,19,0,NA
41129846,"Piso Archiduque Carlos wifi, ascensor",107477338,Mihaela Gianina,PATRAIX,SAFRANAR,39.46166,-0.39779,Entire home/apt,98,7,9,2024-06-20,0.42,6,65,8,VT-44668-V
41633534,Unique Ruzafa Loft,2202709,Sangeeta,L'EIXAMPLE,RUSSAFA,39.46411,-0.37472,Entire home/apt,68,30,6,2024-01-01,0.18,1,123,4,NA
41779815,GOYA en el corazón de la ciudad,158286946,Salva,L'EIXAMPLE,EL PLA DEL REMEI,39.46722,-0.37192,Entire home/apt,400,2,2,2021-12-31,0.04,6,277,0,VT:4592
41851061,Extraordinario piso en Valencia,330830064,Marisa,BENIMACLET,BENIMACLET,39.48915,-0.36623,Entire home/apt,200,15,0,NA,NA,1,365,0,NA
42056816,Apartamento.Entero 2habitaciones RUZAFA (Valencia),12584383,Adrian,L'EIXAMPLE,RUSSAFA,39.46134,-0.37373,Entire home/apt,150,4,3,2021-08-16,0.08,1,362,0,NA
42084599,Casa la Buhardilla,333016488,Bea,POBLATS MARITIMS,CABANYAL-CANYAMELAR,39.46713,-0.3327,Entire home/apt,140,5,6,2024-04-21,0.12,1,3,1,NA
42105284,"Apartamento perfecto, tranquilo y muy cómodo",8007293,Alexandr,QUATRE CARRERES,MONT-OLIVET,39.4593289,-0.3632325,Entire home/apt,105,2,4,2023-08-13,0.23,3,0,2,NA
42151107,alloggio in pieno centro storico di  valencia,132276214,Marcello,CIUTAT VELLA,EL PILAR,39.47166,-0.38377,Entire home/apt,116,5,1,2024-06-14,1,1,125,1,NA
42169839,Precioso Ático con terraza. Wonderful Penthouse,65646948,Esperanza,CIUTAT VELLA,EL PILAR,39.4723,-0.38133,Entire home/apt,130,15,4,2023-08-17,0.08,1,152,1,VT-34603-V
42192261,“Luna de Valencia” en pleno centro,248002765,Maria,L'OLIVERETA,NOU MOLES,39.47026,-0.39245,Entire home/apt,147,5,7,2024-06-18,0.17,1,255,4,NA
42311329,MAJESTIC FLATS,104492327,Patricia,CIUTAT VELLA,EL CARME,39.480655670166016,-0.3801530003547669,Entire home/apt,181,2,8,2024-04-01,0.36,1,13,2,NA
42369255,Finca Reloj,337021337,Finca,CIUTAT VELLA,EL MERCAT,39.4755,-0.37816,Entire home/apt,215,4,5,2024-03-20,0.14,1,86,4,9152714959786154175
42537249,A (va055) Th Plaza de la Virgen,97229818,Travel Habitat,CIUTAT VELLA,LA SEU,39.4777,-0.37666,Entire home/apt,190,1,8,2022-08-10,0.17,45,307,0,AT-44276-V
42553487,Excelente apartamento bien ubicado exterior,57101174,Francisco,CAMINS AL GRAU,AIORA,39.46578,-0.34587,Entire home/apt,88,5,1,2024-06-09,1,5,29,1,NA
42678495,Central Apartament in Valencia,9666115,Federica,CIUTAT VELLA,EL MERCAT,39.4755,-0.37866,Entire home/apt,180,2,8,2023-08-05,0.23,2,4,1,NA
42700250,Stylish City Apartment,154048802,René,CIUTAT VELLA,EL MERCAT,39.475067138671875,-0.3793970048427582,Entire home/apt,109,4,9,2024-05-01,0.27,30,72,3,ESX2158438A
42775408,Apartamento moderno y reformado cerca de playa,2999161,Eduardo,CAMINS AL GRAU,AIORA,39.46503,-0.33758,Entire home/apt,114,3,3,2024-06-09,0.06,1,82,2,NA
42988148,APARTMENTSUITESPAIN Beach Economy,50015130,Julian,POBLATS MARITIMS,LA MALVA-ROSA,39.47909,-0.32734,Entire home/apt,108,2,0,NA,NA,6,188,0,VT-38053-V
42997469,APARTMENTSUITESPAIN Beach Family,50015130,Julian,POBLATS MARITIMS,CABANYAL-CANYAMELAR,39.4745,-0.3288,Entire home/apt,170,2,0,NA,NA,6,188,0,NA
42999079,APARTMENTSUITESPAIN Family Beach 2 bathrooms,50015130,Julian,POBLATS MARITIMS,LA MALVA-ROSA,39.47868,-0.32891,Entire home/apt,193,2,1,2021-09-18,0.03,6,188,0,NA
43130095,BUBUFLATS  Mercat  / BUBU 6 - Duplex,336792903,Bubuflats,CIUTAT VELLA,LA SEU,39.47388,-0.37598,Entire home/apt,165,2,4,2024-03-31,0.11,7,265,2,NA
43504322,"Apartamento playa Valencia, a 5min de la playa",222040223,Actividades Y Mas En VLC,POBLATS MARITIMS,CABANYAL-CANYAMELAR,39.47162,-0.33028,Entire home/apt,185,2,9,2023-09-25,0.19,2,281,1,NA
43517592,Apartamento céntrico garaje wifi,34339159,Begoña,EXTRAMURS,ARRANCAPINS,39.46834,-0.38503,Entire home/apt,135,15,0,NA,NA,1,301,0,NA
43561115,Precioso Estudio  con altillo _Aguilar_3,29610078,Silvia,CAMINS AL GRAU,AIORA,39.46512,-0.34135,Entire home/apt,22,26,3,2021-11-13,0.06,9,296,0,NA
43598858,Perfect for Family and friends to stay in the city,1757336,Xu,PATRAIX,FAVARA,39.45497,-0.39173,Entire home/apt,100,1,5,2023-08-26,0.46,5,85,5,NA
43601629,Ático dúplex enorme y luminoso,145708883,Santi,EL PLA DEL REAL,MESTALLA,39.46707,-0.35725,Entire home/apt,625,7,0,NA,NA,1,102,0,VT-44130-V
43604633,Valencia City Center New Apartments,275775652,Isabel,EXTRAMURS,LA ROQUETA,39.46583,-0.37756,Entire home/apt,120,3,1,2021-07-07,0.03,4,101,0,VT-37922-V
43614386,"Lovely, spacious and good connections in Valencia",84325772,Fausto Manuel,L'OLIVERETA,NOU MOLES,39.47257,-0.39887,Entire home/apt,125,5,10,2023-08-30,0.21,1,22,4,NA
43840869,Apartamento El Carmen - City Center,8276817,Jose,CIUTAT VELLA,EL CARME,39.47775,-0.37885,Entire home/apt,135,7,1,2023-09-04,0.1,4,50,1,NA
43853675,Cerca de Ruzafa - Apartamento nuevo a estrenar,8276817,Jose,QUATRE CARRERES,NA ROVELLA,39.45386,-0.36799,Entire home/apt,15,180,0,NA,NA,4,119,0,NA
43922769,Apartamento Adaptado,348190054,Restwell,CAMINS AL GRAU,AIORA,39.46446,-0.33782,Entire home/apt,150,1,1,2020-08-22,0.02,4,174,0,NA
43925035,PATACONA POOL & BEACH,339059789,Luisa,ALGIROS,LA CARRASCA,39.47849,-0.34157,Entire home/apt,400,3,2,2023-05-02,0.08,1,357,0,NA
44058754,Apartamento en playa El Perellonet,284731473,Fernando,POBLATS DEL SUD,EL PERELLONET,39.27948,-0.27796,Entire home/apt,87,7,0,NA,NA,1,163,0,NA
44086287,CASA MARÍTIMO,4945920,Isabel,CAMINS AL GRAU,AIORA,39.46494,-0.34048,Entire home/apt,219,30,0,NA,NA,4,86,0,NA
44087246,Apartamento junto a la playa,13690556,Sara,POBLATS MARITIMS,CABANYAL-CANYAMELAR,39.46703,-0.32629,Entire home/apt,180,3,0,NA,NA,1,156,0,NA
44180848,Vlc apartamento cerca de la playa.,298318735,Raquel,POBLATS MARITIMS,CABANYAL-CANYAMELAR,39.46427,-0.32992,Entire home/apt,324,1,10,2024-06-02,0.29,1,70,5,Exp. 03501-2019-1904
44245316,Estupendo apartamento con vistas al mar,356552930,Adriana,POBLATS DEL SUD,EL PERELLONET,39.30797,-0.29748,Entire home/apt,50,30,8,2024-06-02,0.34,1,154,5,NA
44296582,Beautiful & comfortable near the beach apartment,22295438,Angelica,CAMINS AL GRAU,AIORA,39.46403,-0.34093,Entire home/apt,139,15,8,2024-05-28,0.22,1,54,2,NA
44318790,Valencia Apartamento Miró - 6,218746122,Isabel,L'EIXAMPLE,LA GRAN VIA,39.46528,-0.36797,Entire home/apt,385,2,8,2024-03-29,0.19,11,148,2,EGVT-410-V
44576146,Apartamento playa y universidades Valencia,145226018,Amir,POBLATS MARITIMS,CABANYAL-CANYAMELAR,39.46602,-0.32682,Entire home/apt,350,180,9,2022-09-26,0.24,1,364,0,NA
44601778,"SolPlaya, Apartment in the first line of beach",211275563,Coroa Coroa,POBLATS MARITIMS,CABANYAL-CANYAMELAR,39.46406,-0.32344,Entire home/apt,300,1,0,NA,NA,8,48,0,NA
44601873,"Sol Playa, Apartment with sea view",211275563,Coroa Coroa,POBLATS MARITIMS,CABANYAL-CANYAMELAR,39.46442,-0.3229,Entire home/apt,400,1,0,NA,NA,8,48,0,NA
44673994,Apartamento Familiar 4 personas,348190054,Restwell,CAMINS AL GRAU,AIORA,39.46242,-0.33851,Entire home/apt,150,1,4,2022-01-23,0.11,4,168,0,NA
45608356,Ático soleado en el Carmen ( centro de valencia),15390044,Mon,CIUTAT VELLA,EL CARME,39.47921,-0.37957,Entire home/apt,83,2,4,2023-08-16,0.17,1,128,1,NA
46348258,Apartamento cerca de la playa,375121404,Claudia,L'EIXAMPLE,EL PLA DEL REMEI,39.46899,-0.37156,Entire home/apt,300,1,1,2020-11-17,0.02,1,179,0,NA
46784508,Sol Playa Suite in the first line of beach,308967204,Coroa Gestion,POBLATS MARITIMS,CABANYAL-CANYAMELAR,39.46627,-0.32427,Entire home/apt,169,1,8,2023-02-03,0.24,24,293,0,NA
47145774,Apartamento céntrico,92923428,Carlos,LA SAIDIA,TRINITAT,39.48512751364931,-0.36566125396727545,Entire home/apt,86,3,9,2023-08-07,0.66,1,9,8,NA
47326394,Horticultor apartment Mid-term,63053029,MD Rentals,LA SAIDIA,TORMOS,39.48913,-0.38053,Entire home/apt,157,1,8,2024-04-14,0.23,66,345,2,EGVT-330-V
47480204,Perfect family & digital nomad retreat in the city,225837992,Barbara,ALGIROS,CIUTAT JARDI,39.47075,-0.3457,Entire home/apt,163,3,9,2023-08-18,0.41,1,34,4,NA
47716505,Apartamento Superior,380914636,Goerlich,CIUTAT VELLA,EL PILAR,39.47271,-0.38082,Entire home/apt,148,1,2,2024-05-30,0.1,5,184,1,NA
47716730,Estudio Deluxe,380914636,Goerlich,CIUTAT VELLA,EL MERCAT,39.47435,-0.37929,Entire home/apt,155,2,1,2023-03-18,0.06,5,185,0,NA
47741500,Loft,380914636,Goerlich,CIUTAT VELLA,EL MERCAT,39.47436,-0.37907,Entire home/apt,146,2,1,2024-04-30,0.55,5,186,1,NA
47915097,Apartamento entero Playa Perellonet en Valencia,46052758,Coco,POBLATS DEL SUD,EL PERELLONET,39.29049,-0.28354,Entire home/apt,500,6,0,NA,NA,1,331,0,NA
48079878,Vivienda Turistica Valencia 3,195184288,Astrocornucopia S.L,QUATRE CARRERES,CIUTAT DE LES ARTS I DE LES CIENCIES,39.45369,-0.35855,Entire home/apt,101,2,8,2024-05-26,0.23,6,330,4,NA
48154286,Apartamento Deluxe,380914636,Goerlich,CIUTAT VELLA,EL MERCAT,39.47266,-0.37915,Entire home/apt,165,1,3,2023-01-03,0.15,5,193,0,NA
48154349,Estudio Superior,380914636,Goerlich,CIUTAT VELLA,EL MERCAT,39.47275,-0.37877,Entire home/apt,146,1,3,2024-05-06,0.15,5,184,2,NA
48251216,Apartment with private pool.,6641855,Eladio,ALGIROS,CIUTAT JARDI,39.47325,-0.34557,Entire home/apt,92,60,9,2023-08-20,0.25,1,167,3,NA
48435600,Big 7 rooms apartment in Plaza Espanya,214440330,Alejandro,EXTRAMURS,ARRANCAPINS,39.4656,-0.38596,Entire home/apt,164,5,6,2023-08-31,0.25,29,60,4,NA
48522780,Céntrico y cerca de la playa,112953572,Jocelyn,ALGIROS,L'ILLA PERDUDA,39.47181,-0.34078,Entire home/apt,64,10,2,2022-08-14,0.05,1,52,0,NA
48784386,"Hidden Gem
2bd Beach Apartment in Valencia",25007346,Lianne,POBLATS MARITIMS,CABANYAL-CANYAMELAR,39.473,-0.33268,Entire home/apt,130,3,6,2023-08-30,0.27,1,72,5,NA
48823559,Central & Bright in the old town- Monthly Rental,392955565,Christine And Matt,CIUTAT VELLA,EL PILAR,39.47450052749582,-0.3830344832150038,Entire home/apt,109,1,9,2024-06-08,0.71,1,140,8,NA
49034332,"Casa Poblados Marítimos, Marina Beach",395161919,Alejandro,POBLATS MARITIMS,NATZARET,39.448760986328125,-0.3339790105819702,Entire home/apt,220,2,1,2022-07-17,0.04,1,302,0,VT-49749-V
49059301,Luxury San Miguel Apartments. Sunny and quiet,123160301,Place Your Place,CIUTAT VELLA,EL CARME,39.47725,-0.3796,Entire home/apt,211,4,6,2024-04-09,0.17,51,68,1,NA
49094592,la cruz,39446368,Nicolas,POBLATS MARITIMS,CABANYAL-CANYAMELAR,39.46905,-0.33072,Entire home/apt,109,4,8,2023-06-21,0.22,1,61,0,NA
49191214,Apartamento ideal para familias.,254122008,Sonia,CAMINS AL GRAU,PENYA-ROJA,39.4567,-0.34399,Entire home/apt,250,2,6,2023-08-30,0.25,1,7,3,VT-45428-V
49343510,Rent for months downtown apartment,333736576,Laura,CIUTAT VELLA,EL MERCAT,39.47284,-0.37855,Entire home/apt,62,15,3,2021-09-19,0.09,18,218,0,NA
49536571,Apartamento muy tranquilo,375635079,Alberto,POBLATS MARITIMS,CABANYAL-CANYAMELAR,39.46684315454924,-0.3309615904005283,Entire home/apt,124,2,0,NA,NA,2,191,0,NA
49623941,Citizentral Apt. 3D Terraza,400264625,Citizentral,CIUTAT VELLA,LA SEU,39.4757617,-0.3766588,Entire home/apt,365,1,6,2024-02-25,0.43,4,237,4,NA
49624114,Ático  Citizentral,400264625,Citizentral,CIUTAT VELLA,SANT FRANCESC,39.4725249,-0.3757207,Entire home/apt,265,1,9,2024-02-25,0.65,4,238,5,NA
49681033,Piso amplio en el centro.Ofertas para familias! .,69770197,Nayara,L'EIXAMPLE,RUSSAFA,39.46309,-0.37707,Entire home/apt,225,3,8,2023-08-10,0.22,1,27,2,NA
49787942,Penthouse 1st row at the beach with amazing views,401529621,Verena,POBLATS DEL SUD,EL PERELLONET,39.30325,-0.29065,Entire home/apt,136,28,1,2023-06-30,0.08,1,31,1,NA
49819767,Gran piso de 5 habitaciones en Algirós,54208373,Francisco,ALGIROS,CIUTAT JARDI,39.47178,-0.34235,Entire home/apt,350,6,2,2022-08-08,0.06,1,12,0,NA
49891619,Sunlit Duplex - 10min walk to beach,192961972,Catalina,POBLATS MARITIMS,CABANYAL-CANYAMELAR,39.47421646118164,-0.3336479961872101,Entire home/apt,103,2,4,2024-06-09,0.11,1,20,1,NA
49914989,"Appartement a Valencia, idéal pour une famille.",402509108,Marta,RASCANYA,TORREFIEL,39.49366,-0.37788,Entire home/apt,90,5,5,2023-02-21,0.14,2,36,0,NA
49998522,Cozy Studio next to the Central Market,134221412,VLC Host,CIUTAT VELLA,EL MERCAT,39.47512,-0.3802,Entire home/apt,92,3,5,2024-05-01,0.22,151,137,4,NA
49998536,One bedroom apartment in the heart of the city,134221412,VLC Host,CIUTAT VELLA,EL MERCAT,39.47488,-0.3801,Entire home/apt,136,3,3,2023-10-28,0.15,151,196,1,NA
49998575,Charming apartment next to the Central Market,134221412,VLC Host,CIUTAT VELLA,EL MERCAT,39.47566,-0.38019,Entire home/apt,168,3,3,2024-02-03,0.16,151,195,1,NA
50016758,Charming apartment in the Old Town,134221412,VLC Host,CIUTAT VELLA,EL MERCAT,39.47481,-0.37974,Entire home/apt,121,3,7,2023-12-31,0.31,151,193,3,NA
50019964,Leones flat · Blue marine Leones apartment,12044109,Invalencia Flats,CAMINS AL GRAU,AIORA,39.46542,-0.34939,Entire home/apt,95,1,2,2023-12-18,0.14,25,168,1,NA
50135504,EN EL CORAZÓN DE VALENCIA. Reformado integralment,8927002,Javier,L'EIXAMPLE,EL PLA DEL REMEI,39.46895,-0.37178,Entire home/apt,100,30,6,2021-09-01,0.17,1,167,0,NA
50223483,Jungle in the beach,25468478,Sophie,POBLATS MARITIMS,LA MALVA-ROSA,39.47957,-0.33165,Entire home/apt,150,3,9,2022-08-29,0.25,3,7,0,NA
50243665,Superbe appartement à 5 mins de la plage,81255776,Annabelle,POBLATS MARITIMS,CABANYAL-CANYAMELAR,39.46937989801611,-0.3303857597209438,Entire home/apt,190,3,0,NA,NA,1,33,0,NA
50388932,"Amplio y luminoso, 3 habitaciones. Zona Gran Vía.",407037782,Marino,L'EIXAMPLE,LA GRAN VIA,39.46491,-0.36653,Entire home/apt,144,1,6,2023-12-01,0.17,1,65,3,NA
50390676,Apartamento al lado de la playa con piscina,130961823,Laura,POBLATS DEL SUD,EL PERELLONET,39.2843,-0.28245,Entire home/apt,75,30,0,NA,NA,1,88,0,NA
50391122,Florit Flats - Valencia Port Rooms 1,269579384,Cano Florit,POBLATS MARITIMS,EL GRAU,39.45833,-0.33608,Entire home/apt,176,1,10,2023-08-02,0.27,5,172,1,VT-50505-V
50392028,Florit Flats - Valencia Port Rooms 3,269579384,Cano Florit,POBLATS MARITIMS,EL GRAU,39.46028,-0.33444,Entire home/apt,275,1,9,2023-07-23,0.25,5,121,1,VT-50507-V
50436290,Bright flat with terrace and open views.,9036540,Wäntig,BENIMACLET,BENIMACLET,39.48456,-0.35826,Entire home/apt,68,28,7,2022-08-26,0.2,5,55,0,NA
50487507,VALENCIA PORT ROOMS 8,407773315,Obra,POBLATS MARITIMS,EL GRAU,39.46034,-0.33583,Entire home/apt,196,1,4,2022-04-26,0.11,5,258,0,VT-54157-V
50559196,IDEAL PARA GRUPOS CERCA DE PLAYA,94456786,Andrea,ALGIROS,L'ILLA PERDUDA,39.4705,-0.34136,Entire home/apt,70,3,6,2023-08-01,0.17,10,19,2,NA
50627221,Acogedor apartamento de madera cerca de la playa,52574981,Hello,ALGIROS,CIUTAT JARDI,39.47197,-0.34106,Entire home/apt,200,3,9,2023-07-13,0.25,6,41,1,NA
50787565,Valencia Luxury - Boutique Center Deluxe 5,409088222,Cristian,CIUTAT VELLA,EL MERCAT,39.471329,-0.377594,Entire home/apt,217,2,5,2024-05-13,0.14,31,158,2,NA
50807371,Complete private appartment close to main beach,50060828,Mark,POBLATS MARITIMS,CABANYAL-CANYAMELAR,39.468189,-0.331022,Entire home/apt,85,90,0,NA,NA,1,53,0,NA
50866608,Apartamento 1 dormitorio con terraza en Abastos,374138888,Líbere,EXTRAMURS,ARRANCAPINS,39.466248,-0.387546,Entire home/apt,157,1,7,2024-03-07,0.21,5,247,2,NA
50875432,"Arenas beach 2 , a 5 min de la Playa !",103400500,Juan Pablo,POBLATS MARITIMS,CABANYAL-CANYAMELAR,39.46292,-0.3292,Entire home/apt,120,7,1,2021-10-22,0.03,4,316,0,VT-50164-V
50971434,Piso moderno reformado por arquitecto en el centro,36696231,Elena,JESUS,LA RAIOSA,39.45907,-0.38409,Entire home/apt,85,58,3,2023-11-30,0.12,1,363,1,NA
51004789,Valencia Apartamento Velázquez - A,218746122,Isabel,L'EIXAMPLE,LA GRAN VIA,39.46459,-0.36799,Entire home/apt,319,2,2,2022-04-17,0.07,11,148,0,NA
51012677,Valencia Luxury  - Calma Beach 1H,409088222,Cristian,POBLATS MARITIMS,CABANYAL-CANYAMELAR,39.463661,-0.329281,Entire home/apt,246,2,5,2024-05-02,0.21,31,198,2,NA
51142196,Valencia Luxury - Boutique Center Superior 1,409088222,Cristian,CIUTAT VELLA,EL MERCAT,39.471329,-0.377594,Entire home/apt,339,2,4,2022-11-13,0.15,31,223,0,0179V
51426120,Solo familias! A 10 min del centro y la playa : ),52011703,Pere,BENIMACLET,BENIMACLET,39.485822425495186,-0.36306773817608906,Entire home/apt,128,6,6,2023-07-30,0.26,1,49,1,NA
51440701,Appartement près de la plage,416617619,Christelle,POBLATS MARITIMS,EL GRAU,39.459207316579345,-0.33605356674929965,Entire home/apt,176,5,0,NA,NA,1,26,0,NA
51527758,Vivienda Turística Valencia 6,195184288,Astrocornucopia S.L,QUATRE CARRERES,CIUTAT DE LES ARTS I DE LES CIENCIES,39.45541,-0.35853,Entire home/apt,279,2,2,2022-10-01,0.07,6,352,0,VT44449-V
51667922,8 personas en playa malvarrosa a 5 minutos a pie,109490685,Maria Jose,POBLATS MARITIMS,LA MALVA-ROSA,39.47991348964228,-0.3280762924077499,Entire home/apt,178,3,3,2023-10-06,0.13,4,108,1,55667788
51700502,Valencia Luxury - Boutique Center Deluxe 11,409088222,Cristian,CIUTAT VELLA,EL MERCAT,39.471329,-0.377594,Entire home/apt,179,2,3,2023-10-26,0.09,31,226,1,0179V
51700742,Valencia Luxury - Boutique Center Estándar 14,409088222,Cristian,CIUTAT VELLA,EL MERCAT,39.471329,-0.377594,Entire home/apt,171,2,6,2024-02-05,0.63,31,137,6,0179V
51720008,Valencia Luxury - Boutique Redonda  Estándar R2,409088222,Cristian,CIUTAT VELLA,LA SEU,39.47451,-0.37511,Entire home/apt,162,2,2,2024-04-11,0.08,31,212,1,0179V
51720318,Valencia Luxury - Boutique Redonda Con terraza R3,409088222,Cristian,CIUTAT VELLA,EL MERCAT,39.47253,-0.37734,Entire home/apt,177,2,1,2023-04-16,0.07,31,203,0,0179V
51720969,Valencia Luxury - Boutique Redonda Estándar R12,409088222,Cristian,CIUTAT VELLA,SANT FRANCESC,39.47223,-0.37566,Entire home/apt,166,2,1,2023-12-21,0.16,31,225,1,0179V
51721072,Valencia Luxury - Boutique Redonda Estándar R17,409088222,Cristian,CIUTAT VELLA,SANT FRANCESC,39.47223,-0.37682,Entire home/apt,158,2,2,2023-12-30,0.32,31,233,2,0179V
51724026,Valencia Luxury - Boutique Redonda Deluxe R18,409088222,Cristian,CIUTAT VELLA,EL MERCAT,39.47221,-0.37708,Entire home/apt,201,2,0,NA,NA,31,208,0,0179V
51724354,Valencia Luxury - Boutique Redonda Superior R23,409088222,Cristian,CIUTAT VELLA,SANT FRANCESC,39.47311,-0.37516,Entire home/apt,195,2,4,2024-06-07,0.17,31,229,2,0179V
51739671,Valencia Luxury - Boutique Redonda Clásico R11,409088222,Cristian,CIUTAT VELLA,LA SEU,39.47396,-0.37527,Entire home/apt,164,2,3,2024-05-29,0.57,31,197,3,0179V
51833474,Bonito y soleado piso en Valencia,244861977,Jose Angel,PATRAIX,PATRAIX,39.45975,-0.38958,Entire home/apt,70,15,1,2022-08-31,0.05,1,40,0,VT-43479-V
51902090,Modern apt rent as long as need 5 min far to UPV,9964938,Sylvia Elena,POBLATS MARITIMS,BETERO,39.4702,-0.33534,Entire home/apt,45,150,3,2024-05-01,0.09,2,296,2,NA
52045805,The Malvarrosa Beach I Apartament,409088222,Cristian,POBLATS MARITIMS,CABANYAL-CANYAMELAR,39.468,-0.32629,Entire home/apt,332,3,8,2024-05-28,0.31,31,184,6,0179V
52046513,The Malvarrosa Beach II Apartament,409088222,Cristian,POBLATS MARITIMS,CABANYAL-CANYAMELAR,39.46821,-0.3264,Entire home/apt,421,3,9,2024-04-29,0.36,31,174,3,0179V
52271648,"Close to beach in Cabanyal: Pool, Terrace, 2 bdr",14873384,Oliver,POBLATS MARITIMS,CABANYAL-CANYAMELAR,39.4707,-0.33019,Entire home/apt,262,5,5,2023-12-09,0.23,1,14,4,NA
52376778,Apartment-Apartment-Ensuite with Shower-Courtyard,423951576,Red Snapper,CIUTAT VELLA,EL PILAR,39.47385,-0.38332,Entire home/apt,93,1,7,2023-08-02,0.22,1,347,1,VT-38224-V
52541844,Slow Home Apartments 06 VLC,424800807,Jorge,POBLATS MARITIMS,CABANYAL-CANYAMELAR,39.472042083740234,-0.33117398619651794,Entire home/apt,231,2,5,2022-10-14,0.15,8,62,0,2000/2021/179893
52543765,Slow Home Apartments 01 VLC,424800807,Jorge,POBLATS MARITIMS,CABANYAL-CANYAMELAR,39.472042083740234,-0.33117398619651794,Entire home/apt,195,1,8,2022-08-29,0.24,8,99,0,22000/2021/179893
52544001,Slow Home ApartmentS 05 VLC,424800807,Jorge,POBLATS MARITIMS,CABANYAL-CANYAMELAR,39.472042083740234,-0.33117398619651794,Entire home/apt,195,1,8,2022-04-17,0.24,8,85,0,ESXXX
52645397,Apartment-Apartment-Ensuite with Shower-Terrace,425992433,Red Snapper,EXTRAMURS,LA ROQUETA,39.46606,-0.37741,Entire home/apt,75,1,10,2024-05-23,0.3,1,299,2,.
52978167,Apartamento de larga estancia,428912536,Javier,CAMINS AL GRAU,ALBORS,39.46842,-0.35059,Entire home/apt,105,16,5,2024-01-16,0.17,1,131,2,NA
53020173,Old Town Flats Casa Burguerini Planta Baja,340946071,"Old Town Flats, S.L.",CIUTAT VELLA,EL CARME,39.47665,-0.3788,Entire home/apt,78,1,7,2023-07-27,0.33,5,147,2,AV-7
53057454,Piso entero en Centro Histórico,77772233,Rodri,CIUTAT VELLA,LA XEREA,39.47336,-0.37194,Entire home/apt,105,3,10,2024-04-01,0.32,1,10,4,NA
53107512,Luxury Apartment nr centr/Turia & centrArts & Sci,156202978,Shirley,L'EIXAMPLE,LA GRAN VIA,39.46494,-0.36391,Entire home/apt,200,30,2,2023-07-11,0.13,2,56,1,NA
53126650,Apartment near port Valencia,200677689,Baptiste,CAMINS AL GRAU,AIORA,39.46465,-0.33905,Entire home/apt,104,7,1,2023-08-26,0.1,1,24,1,NA
53245681,Apartement 3 km away from the beach for 6 ppl.,431072264,"Loic, Estelle And Co",EL PLA DEL REAL,MESTALLA,39.466923,-0.357985,Entire home/apt,123,1,0,NA,NA,1,364,0,VT-42707V
53340113,ViviendaTuristicaValencia 7,195184288,Astrocornucopia S.L,QUATRE CARRERES,CIUTAT DE LES ARTS I DE LES CIENCIES,39.45369,-0.3577,Entire home/apt,309,2,0,NA,NA,6,215,0,NA
53512001,Bright apartment with A/C in Blasco Ibañez,214440330,Alejandro,POBLATS MARITIMS,BETERO,39.473297,-0.337005,Entire home/apt,92,5,4,2023-08-24,0.18,29,53,2,NA
53568246,Amplio apartamento primera línea de playa,433809280,Javier,POBLATS DEL SUD,EL PERELLONET,39.28726,-0.28426,Entire home/apt,140,3,9,2024-03-31,0.34,1,293,1,NA
53604361,Grabador 1 Ciudad Artes y Ciencias Mid-term,63053029,MD Rentals,QUATRE CARRERES,LA FONTETA S.LLUIS,39.44672,-0.36573,Entire home/apt,246,2,10,2024-03-13,0.37,66,323,2,EGVT-330-V
53698649,"Precioso apartamento, céntrico y bien comunicado.",215532221,Ana,EL PLA DEL REAL,MESTALLA,39.47,-0.35755,Entire home/apt,120,3,8,2022-12-06,0.33,1,21,0,NA
53870708,Apartment-Apartment-Ensuite with Shower,435433406,Giovanna,CIUTAT VELLA,EL CARME,39.477992850598895,-0.3790067914206613,Entire home/apt,105,1,8,2024-01-02,0.34,1,351,4,VT-41787-V
53923695,Preciosa Apartamento en Valencia,65326519,Marvin,EXTRAMURS,ARRANCAPINS,39.46742,-0.38821,Entire home/apt,250,300,1,2022-01-17,0.03,1,365,0,NA
54300689,Apartamento en puerto de Valencia,56172916,Dominant Succes SL,POBLATS MARITIMS,EL GRAU,39.462,-0.33391,Entire home/apt,120,7,4,2024-05-19,0.19,2,177,3,NA
54408404,Perfect for nomads! 2 bedroom Ruzafa. Monthly rent,442047800,Maria Jose,L'EIXAMPLE,RUSSAFA,39.4604,-0.36969,Entire home/apt,129,1,9,2024-05-21,0.38,1,329,4,NA
498194164881103040,Hermoso apartamento cerca de la plaza de la Reina,273469059,Ingrid Rosa,CIUTAT VELLA,LA SEU,39.47477,-0.37591,Entire home/apt,111,3,0,NA,NA,1,77,0,NA
503261468386836500,LUXURY APARTMENT WITH PRIVATE TERRACE IN THE CENTER OF VALENCIA,433256900,Moontels,L'EIXAMPLE,RUSSAFA,39.46652,-0.37589,Entire home/apt,254,1,5,2022-11-26,0.18,4,233,0,VT-37915-V
540245421734292740,New apartment Ruzafa,8276817,Jose,QUATRE CARRERES,NA ROVELLA,39.45553,-0.36591,Entire home/apt,135,7,2,2022-03-28,0.07,4,50,0,NA
542519462657831940,Charming apartment in Valencia near the beach,440997492,Luana,POBLATS MARITIMS,LA MALVA-ROSA,39.48136,-0.32767,Entire home/apt,477,2,4,2022-11-20,0.14,1,142,0,NA
542759471483053440,Precioso apartamento en el barrio de Ruzafa,441059874,Magdalena,L'EIXAMPLE,RUSSAFA,39.4605,-0.37221,Entire home/apt,40,30,10,2024-05-08,0.39,1,256,5,NA
552733972736276100,Hotelito Boutique Valencia Estación 1,3733331,Sergio,EXTRAMURS,ARRANCAPINS,39.462699123,-0.379835041,Entire home/apt,131,1,7,2024-03-21,0.25,9,266,3,HV-1477
552734879687934500,Hotelito Boutique Valencia Estación 3,3733331,Sergio,EXTRAMURS,ARRANCAPINS,39.4626329,-0.3798565,Entire home/apt,122,1,10,2024-04-26,0.35,9,260,1,HV-1477
552735080476843500,Hotelito Boutique Valencia Estación 4,3733331,Sergio,EXTRAMURS,ARRANCAPINS,39.4626329,-0.3798565,Entire home/apt,115,1,1,2024-06-19,1,9,274,1,HV-1477
552735701112668400,Hotelito Boutique Valencia Estación 6,3733331,Sergio,EXTRAMURS,ARRANCAPINS,39.4626329,-0.3798565,Entire home/apt,115,1,6,2022-07-28,0.21,9,253,0,HV-1477
552735901452438660,Hotelito Boutique Valencia Estación 7,3733331,Sergio,EXTRAMURS,ARRANCAPINS,39.4626329,-0.3798565,Entire home/apt,115,1,7,2024-03-25,0.27,9,275,4,HV-1477
552737562483085400,Hotelito Boutique Valencia Estación 9,3733331,Sergio,EXTRAMURS,ARRANCAPINS,39.4626329,-0.3798565,Entire home/apt,112,1,4,2023-10-20,0.14,9,279,1,HV-1477
553348335823123840,"APARTAMENTO EN EL CENTRO HISTORICO, BBQ AND SUN",5946580,Nahuel,CIUTAT VELLA,EL CARME,39.47738,-0.38164,Entire home/apt,300,15,7,2023-08-27,0.3,51,115,4,NA
554073992367580200,Moderno Apartamento en la Plaza del Tossal,442912153,Red Snapper,CIUTAT VELLA,EL MERCAT,39.47517,-0.3792,Entire home/apt,117,1,8,2024-04-01,0.34,1,319,2,AT-33663-V
556842790628931300,La buhardilla,49318407,Jorge,EXTRAMURS,LA PETXINA,39.47142,-0.38702,Entire home/apt,200,5,1,2023-03-20,0.07,1,76,0,NA
559078800980303600,Ocenografic Arts Center 46,444426018,Jose Esteban,CAMINS AL GRAU,LA CREU DEL GRAU,39.463352,-0.346354,Entire home/apt,105,7,0,NA,NA,1,156,0,VT- 43744 - V
560062702969600260,Apartement 700 m away from the beach for 4 ppl.,432412764,"Loic, Estelle And Co",POBLATS MARITIMS,CABANYAL-CANYAMELAR,39.4646,-0.33139,Entire home/apt,247,1,0,NA,NA,1,364,0,VT/38635-V
5.6006288803557523e+17,Apartement 8 km away from the beach for 2 ppl.,432413455,"Loic, Estelle And Co",L'OLIVERETA,NOU MOLES,39.473061,-0.406194,Entire home/apt,91,1,0,NA,NA,1,364,0,GVMAG/2019/639
562068862606051140,Increíble apartamento familiar.,400923450,Alba,POBLATS MARITIMS,BETERO,39.47315,-0.33445,Entire home/apt,130,13,8,2023-08-26,0.34,3,149,4,NA
564869105381470850,Apartment AC 2-4 PAX 4' playa Arenas VALENCIA. A5,445538238,Rav,POBLATS MARITIMS,CABANYAL-CANYAMELAR,39.46564102172851,-0.32678601145744324,Entire home/apt,111,2,10,2023-10-05,0.42,1,9,9,NA
567137578147201660,Precioso apartamento para Fallas o puentes.,98578246,Jesús,CIUTAT VELLA,LA SEU,39.47725,-0.37427,Entire home/apt,114,2,7,2024-06-16,0.26,1,355,5,NA
571808686504387650,Patraix,125037312,Claudia,L'OLIVERETA,NOU MOLES,39.46767,-0.39329,Entire home/apt,74,30,4,2023-09-05,0.17,30,86,1,NA
572842743998341200,Albufera,125037312,Claudia,POBLATS DEL SUD,EL PERELLONET,39.30875,-0.29694,Entire home/apt,56,30,2,2023-06-28,0.11,30,97,1,NA
573679146671031e3,"The PALM TREE FLAT -best area, city, beach",7899285,Victoria,POBLATS MARITIMS,CABANYAL-CANYAMELAR,39.46714,-0.32924,Entire home/apt,245,10,2,2022-08-13,0.08,1,76,0,NA
573836957653841860,Lovely apartment in Russafa,3098541,Hector,L'EIXAMPLE,RUSSAFA,39.4611,-0.37194,Entire home/apt,92,31,6,2023-06-01,0.23,1,310,0,NA
574480228993596400,Valencia Luxury  - Boutique Center Clásico 7,409088222,Cristian,CIUTAT VELLA,EL MERCAT,39.47225694412576,-0.3769609368857364,Entire home/apt,199,2,0,NA,NA,31,137,0,NA
575011539168408700,Joaquín Sorolla,125037312,Claudia,EXTRAMURS,ARRANCAPINS,39.45852,-0.38331,Entire home/apt,50,30,5,2024-05-01,0.19,30,194,1,NA
575821613764129800,Comfy & bright condo 1B + office in good location,9067723,Jose,L'OLIVERETA,NOU MOLES,39.46816,-0.39212,Entire home/apt,54,31,5,2024-03-31,0.23,2,178,4,NA
576719534485755500,Piso de diseño a 15 min de la playa y del centro,448234336,Oscar,CAMINS AL GRAU,AIORA,39.46568882157688,-0.34433876827201704,Entire home/apt,286,3,1,2023-09-17,0.11,3,364,1,NA
578710345428020700,Saler,125037312,Claudia,POBLATS DEL SUD,EL SALER,39.35855,-0.32169,Entire home/apt,70,30,9,2024-04-30,0.36,30,132,2,NA
579618177511800700,Prop centre i platja ideal families,2411133,Ferran,CAMINS AL GRAU,ALBORS,39.466629,-0.354263,Entire home/apt,221,3,3,2023-05-02,0.13,2,365,0,NA
581786873725259500,ARIZONA LOFT APARTMENT - Las Arenas Beach Area,449377050,Vicente,ALGIROS,CIUTAT JARDI,39.470226,-0.346026,Entire home/apt,150,2,8,2024-05-19,0.3,2,355,6,NA
582608829333253600,Safe and calm town near the beach and new centre.,449573106,Anzhela,CAMINS AL GRAU,AIORA,39.46225,-0.3393,Entire home/apt,70,3,0,NA,NA,1,43,0,NA
582973718271656200,Old Town Plaza Negrito Apartment,7574499,Manu,CIUTAT VELLA,EL MERCAT,39.47478,-0.37801,Entire home/apt,185,1,5,2024-03-18,0.21,1,94,1,VT-45881-V
583214814499984100,Acogedor apartamento a 10 minutos de la playa!,214440330,Alejandro,CAMINS AL GRAU,AIORA,39.46847,-0.3473,Entire home/apt,117,5,7,2023-08-15,0.29,29,31,3,NA
583839766489059600,⭐️Best Valencia Beach Flat♜Historic Area♜next➤Beach,1315486,Roy,POBLATS MARITIMS,CABANYAL-CANYAMELAR,39.47085952758789,-0.32979100942611694,Entire home/apt,90,1,6,2023-06-03,0.23,13,275,0,VT-45718-V
583895984098795500,Amplio apartamento 6pax en Valencia ciudad,214440330,Alejandro,RASCANYA,ELS ORRIOLS,39.49215,-0.37309,Entire home/apt,100,5,8,2023-08-14,0.33,29,37,3,NA
584004280470970200,Studio with private terrace in front of Malvarrosa Beach. Valencia. 2 Pax,170698476,Bet,POBLATS MARITIMS,CABANYAL-CANYAMELAR,39.46446,-0.32411,Entire home/apt,166,1,10,2024-05-09,0.4,36,108,2,EGVT-284-V
584014872307675600,Studio with terrace in front of the beach 4 Pax,170698476,Bet,POBLATS MARITIMS,CABANYAL-CANYAMELAR,39.46583,-0.32443,Entire home/apt,189,1,7,2022-09-16,0.26,36,68,0,EGVT-284-V
584777847527953200,LA AUTÉNTICA,13026766,Francis Regina,PATRAIX,PATRAIX,39.46462,-0.38856,Entire home/apt,225,5,7,2023-08-30,0.31,1,50,4,NA
585288651338477400,Casa Mosaico (P2),24910925,Carmen,QUATRE CARRERES,LA PUNTA,39.4481,-0.33577,Entire home/apt,70,31,8,2024-06-08,0.37,11,43,5,NA
589014348235968500,Turia ● metro -2 minets,450928052,Lesia,CAMPANAR,CAMPANAR,39.48397,-0.38845,Entire home/apt,146,11,0,NA,NA,1,88,0,NA
589127502776896400,⭐️Best XL Valencia Beach Flat♜Historic Area♜Beach,1315486,Roy,POBLATS MARITIMS,CABANYAL-CANYAMELAR,39.47085952758789,-0.32979100942611694,Entire home/apt,166,1,5,2023-08-20,0.21,13,223,2,VT-45718-V
589598429274659e3,PinUp APARTMENT LOFT - Las Arenas Beach Area,449377050,Vicente,ALGIROS,CIUTAT JARDI,39.470463,-0.345598,Entire home/apt,150,2,5,2024-06-02,0.19,2,355,4,NA
589675254655013900,Edificio IKONO NUEVO EN Valencia,294633352,Brahim,BENICALAP,BENICALAP,39.49095325343281,-0.3990265354514122,Entire home/apt,320,6,2,2024-04-24,0.54,1,364,2,NA
591805530303039900,"☆☆ ☆☆ Maison atypique loft,  en Cabanyal .",9016625,Jean Marc,POBLATS MARITIMS,CABANYAL-CANYAMELAR,39.47178,-0.33201,Entire home/apt,178,6,7,2024-03-19,0.31,10,38,3,NA
592436292471271300,Centre port València Marathon,2411133,Ferran,CAMINS AL GRAU,CAMI FONDO,39.4656,-0.35313,Entire home/apt,260,1,7,2024-06-02,0.26,2,364,1,NA
592693641182427900,Bonito Apartamento en Pleno casco antiguo Ron 3,170362985,Santiago,CIUTAT VELLA,EL MERCAT,39.47503,-0.37844,Entire home/apt,137,1,4,2023-01-04,0.15,8,83,0,NA
593979644054443600,Travel Habitat Benimaclet Loft 3,97229818,Travel Habitat,BENIMACLET,BENIMACLET,39.4870767,-0.3660525,Entire home/apt,149,1,2,2023-01-30,0.1,45,40,0,HV-14983
593979661387539200,Travel Habitat Benimaclet Loft 4,97229818,Travel Habitat,BENIMACLET,BENIMACLET,39.4870767,-0.3660525,Entire home/apt,188,1,2,2022-09-19,0.08,45,41,0,HV-1483
593979669363901e3,Travel Habitat Benimaclet apart 5 adaptado,97229818,Travel Habitat,RASCANYA,SANT LLORENS,39.488272,-0.3646697,Entire home/apt,192,1,10,2023-07-20,0.43,45,25,1,HV-1483
593979690430203900,Travel Habitat Benimaclet Loft 1,97229818,Travel Habitat,BENIMACLET,BENIMACLET,39.4870767,-0.3660525,Entire home/apt,149,1,8,2024-02-22,0.33,45,40,1,HV-1483
593979699152628500,Travel habitat La Marina Real Nº5.,97229818,Travel Habitat,POBLATS MARITIMS,EL GRAU,39.4593902,-0.3358135,Entire home/apt,155,1,0,NA,NA,45,293,0,HV-1487
593979709618491100,Travel Habitat La Marina Real Loft 1,97229818,Travel Habitat,POBLATS MARITIMS,EL GRAU,39.4593902,-0.3358135,Entire home/apt,221,1,0,NA,NA,45,301,0,HV-1487
593979738753003400,Travel Habitat La Marina Real Loft 3,97229818,Travel Habitat,POBLATS MARITIMS,EL GRAU,39.4593902,-0.3358135,Entire home/apt,221,1,2,2023-02-13,0.09,45,304,0,HV-1487
597542562505906800,Mercado Central Iii Loft,83066665,SingularStays,CIUTAT VELLA,EL MERCAT,39.47348,-0.37773,Entire home/apt,144,1,1,2022-10-26,0.05,112,270,0,VT-36903-V
597542627401609100,Comedias III,83066665,SingularStays,CIUTAT VELLA,LA XEREA,39.4726,-0.37216583068846,Entire home/apt,215,1,2,2023-08-15,0.15,112,332,1,VT-33654-V
597542635977798100,Mar44 I,83066665,SingularStays,CIUTAT VELLA,LA XEREA,39.47351,-0.37168,Entire home/apt,527,1,4,2024-04-20,0.39,112,344,4,VT-34020-V
597542647272114e3,Mar44 Ii,83066665,SingularStays,CIUTAT VELLA,LA XEREA,39.47351,-0.37168,Entire home/apt,260,1,0,NA,NA,112,282,0,VT-34021-V
597542665737258100,Mar44 IV,83066665,SingularStays,CIUTAT VELLA,LA XEREA,39.47351,-0.37168,Entire home/apt,238,1,7,2024-03-03,0.5,112,334,2,VT-34023-V
597542675554668300,Mar44 IX,83066665,SingularStays,CIUTAT VELLA,LA XEREA,39.473732,-0.372222,Entire home/apt,1150,1,1,2022-12-05,0.05,112,361,0,VT-34028-V
597542719150985500,Seu I,83066665,SingularStays,CIUTAT VELLA,LA SEU,39.47714,-0.37294,Entire home/apt,186,1,3,2023-09-05,0.29,112,322,3,AT-33776-V
597542731289204e3,Seu II,83066665,SingularStays,CIUTAT VELLA,LA SEU,39.47789,-0.37323,Entire home/apt,215,1,4,2023-08-07,0.17,112,310,2,VT-33775-V
597542751922106200,Jorge Juan I,83066665,SingularStays,CIUTAT VELLA,SANT FRANCESC,39.47022,-0.37054,Entire home/apt,89,1,1,2022-10-02,0.05,112,271,0,AT-33516-V
597542787341520600,Maritim,83066665,SingularStays,CAMINS AL GRAU,AIORA,39.466,-0.34369,Entire home/apt,78,1,0,NA,NA,112,234,0,AT-34378-V
597542805296882700,Roteros,83066665,SingularStays,CIUTAT VELLA,LA SEU,39.47812,-0.37539,Entire home/apt,329,1,3,2024-05-13,0.15,112,343,1,VT-34380-V
597542814937931400,Seu V,83066665,SingularStays,CIUTAT VELLA,LA SEU,39.47837,-0.37454,Entire home/apt,72,1,1,2023-11-07,0.13,112,329,1,AT-39020-V
597542853101220200,Candela V,83066665,SingularStays,ALGIROS,L'ILLA PERDUDA,39.46726,-0.33699,Entire home/apt,74,1,1,2023-08-19,0.1,112,188,1,EGVT-221-V
597542882836903400,Mercado Central Viii,83066665,SingularStays,CIUTAT VELLA,EL MERCAT,39.47297,-0.37723,Entire home/apt,197,1,4,2024-04-13,0.35,112,345,4,VT-34275-V
597542891718231400,Plaza Redonda,83066665,SingularStays,CIUTAT VELLA,LA SEU,39.47399,-0.37542,Entire home/apt,157,1,9,2023-11-27,0.45,112,295,2,VT-36925-V
597542900313716900,Mercado Central XI,83066665,SingularStays,CIUTAT VELLA,EL MERCAT,39.4714,-0.37781,Entire home/apt,312,1,3,2023-06-27,0.15,112,173,1,VT-34278-V
597542911721801600,Mercado Central Ix,83066665,SingularStays,CIUTAT VELLA,EL MERCAT,39.47303,-0.37935,Entire home/apt,276,1,7,2023-09-03,0.34,112,288,2,VT-34276-V
597542937463903600,Mar44 VI,83066665,SingularStays,CIUTAT VELLA,LA XEREA,39.47351,-0.37168,Entire home/apt,247,1,1,2024-01-28,0.2,112,351,1,VT-34025-V
597542946845190800,Mar44 Viii,83066665,SingularStays,CIUTAT VELLA,LA XEREA,39.47351,-0.37168,Entire home/apt,260,1,0,NA,NA,112,350,0,VT-34027-V
597542955588784e3,Mar44 X,83066665,SingularStays,CIUTAT VELLA,LA XEREA,39.473511,-0.37168,Entire home/apt,236,1,1,2023-07-07,0.09,112,360,1,VT-34029-V
597543000530611800,Botanico 202,83066665,SingularStays,EXTRAMURS,EL BOTANIC,39.47386,-0.38645,Entire home/apt,165,1,1,2023-04-06,0.07,112,275,0,VT-30255-V
597543010383729200,Botanico 201,83066665,SingularStays,EXTRAMURS,EL BOTANIC,39.47565,-0.38678,Entire home/apt,168,1,2,2023-05-24,0.1,112,264,0,VT-30254-V
597543018079579800,Botanico Ático Duplex 302,83066665,SingularStays,EXTRAMURS,EL BOTANIC,39.4742,-0.38684,Entire home/apt,159,1,9,2024-02-18,0.43,112,278,4,VT-30251-V
597543027091286900,Botanico Ático Dúplex 301,83066665,SingularStays,EXTRAMURS,EL BOTANIC,39.47527,-0.38479,Entire home/apt,185,1,4,2023-05-06,0.24,112,277,0,VT-30250-V
597543036359496300,Botanico 101,83066665,SingularStays,EXTRAMURS,EL BOTANIC,39.47617,-0.38478,Entire home/apt,143,1,0,NA,NA,112,173,0,VT-30252-V
597543045924363800,Botanico 102,83066665,SingularStays,EXTRAMURS,EL BOTANIC,39.47589,-0.38504,Entire home/apt,161,1,2,2024-01-31,0.09,112,308,1,VT-30253-V
5.9754308081831194e+17,Carmen III,83066665,SingularStays,EXTRAMURS,EL BOTANIC,39.4777,-0.38462,Entire home/apt,160,1,4,2023-10-04,0.19,112,29,1,VT-36922-V
59754310308715e4,NaJordana Ii,83066665,SingularStays,CIUTAT VELLA,EL CARME,39.48167,-0.37936,Entire home/apt,246,1,10,2024-05-05,0.46,112,289,2,VT-36910-V
597543123549452800,A. San Vicente Iv,83066665,SingularStays,CIUTAT VELLA,EL MERCAT,39.4729,-0.37713,Entire home/apt,196,1,2,2023-08-26,0.1,112,330,1,VT-39752-V
59754313392373e4,El Micalet,83066665,SingularStays,CIUTAT VELLA,LA SEU,39.475743263046,-0.37559904232785,Entire home/apt,170,1,1,2023-04-23,0.07,112,305,0,VT-39421-V
597543143563478500,Collado,83066665,SingularStays,CIUTAT VELLA,EL MERCAT,39.47274,-0.37818,Entire home/apt,141,1,9,2023-09-02,0.41,112,314,2,VT-39525-V
597543170046286600,Plaza del Carmen,83066665,SingularStays,CIUTAT VELLA,EL CARME,39.47847,-0.37699,Entire home/apt,86,1,1,2023-06-02,0.08,112,288,0,AT-40887-V
597543205420110700,Parque Central X,83066665,SingularStays,L'EIXAMPLE,RUSSAFA,39.46151,-0.37675,Entire home/apt,430,1,8,2024-03-24,0.38,112,248,3,VT-39374-V
597543223582784e3,Parque Central XII,83066665,SingularStays,L'EIXAMPLE,RUSSAFA,39.46196,-0.37694,Entire home/apt,478,1,2,2023-05-28,0.1,112,298,0,AT-39376-V
597543231941485600,Parque Central XIII,83066665,SingularStays,L'EIXAMPLE,RUSSAFA,39.462,-0.37827,Entire home/apt,473,1,9,2023-12-04,0.46,112,296,6,AT-39377-V
597543241009467800,Parque Central XIV,83066665,SingularStays,L'EIXAMPLE,RUSSAFA,39.46012,-0.37735,Entire home/apt,441,1,1,2023-03-23,0.07,112,311,0,AT-39378-V
597543259938870800,Parque Central Xvi,83066665,SingularStays,L'EIXAMPLE,RUSSAFA,39.4603,-0.377,Entire home/apt,449,1,3,2024-02-22,0.18,112,317,2,AT-39380-V
597543277094186400,Parque Central Xviii,83066665,SingularStays,L'EIXAMPLE,RUSSAFA,39.46205,-0.37801,Entire home/apt,435,1,2,2022-10-09,0.09,112,166,0,AT-39382-V
597543285089971700,Parque Central V,83066665,SingularStays,L'EIXAMPLE,RUSSAFA,39.46095,-0.3764,Entire home/apt,243,1,0,NA,NA,112,290,0,VT-42046-V
597543295682238300,Parque Central VI,83066665,SingularStays,L'EIXAMPLE,RUSSAFA,39.46226,-0.37805,Entire home/apt,192,1,0,NA,NA,112,275,0,VT-42057-V
597543303845346600,Parque Central VII,83066665,SingularStays,L'EIXAMPLE,RUSSAFA,39.46159,-0.3785,Entire home/apt,232,1,2,2023-05-17,0.1,112,303,0,VT-42058-V
597543313584073900,Parque Central VIII,83066665,SingularStays,L'EIXAMPLE,RUSSAFA,39.46063,-0.37844,Entire home/apt,238,1,2,2023-06-12,0.15,112,298,0,VT-42059-V
597543322052086e3,Parque Central II,83066665,SingularStays,L'EIXAMPLE,RUSSAFA,39.46231,-0.3771,Entire home/apt,214,1,10,2024-05-10,0.49,112,350,5,AT-42024-V
597543330462739800,Parque Central III,83066665,SingularStays,L'EIXAMPLE,RUSSAFA,39.46224,-0.37736,Entire home/apt,291,1,0,NA,NA,112,291,0,AT-42025-V
597543339930868e3,Parque Central IV,83066665,SingularStays,L'EIXAMPLE,RUSSAFA,39.46088,-0.37643,Entire home/apt,202,1,0,NA,NA,112,166,0,VT-42044-V
597543393835653600,Poeta Querol,83066665,SingularStays,CIUTAT VELLA,LA XEREA,39.47176,-0.37264,Entire home/apt,168,1,2,2023-05-27,0.15,112,316,0,AT-45960-V
597543447076136800,Quevedo II,83066665,SingularStays,CIUTAT VELLA,EL PILAR,39.47231,-0.38136,Entire home/apt,85,1,0,NA,NA,112,244,0,NA
597543483320072700,Ruzafa Terrace,83066665,SingularStays,L'EIXAMPLE,RUSSAFA,39.46215,-0.37322,Entire home/apt,296,1,0,NA,NA,112,52,0,VT-47804-V
597543508995929e3,Seu Vi,83066665,SingularStays,CIUTAT VELLA,LA SEU,39.47835,-0.37331,Entire home/apt,186,1,6,2024-01-19,0.55,112,333,6,AT-33775-V
597543518311869300,Gulliver Sr,83066665,SingularStays,CAMINS AL GRAU,CAMI FONDO,39.46644,-0.35458,Entire home/apt,195,1,5,2023-12-05,0.32,112,3,1,AT-48302-V
597543529635428200,Veronica II,83066665,SingularStays,CIUTAT VELLA,LA SEU,39.47556,-0.37727,Entire home/apt,94,1,5,2023-08-20,0.24,112,263,3,NA
597543556728831100,Esteban Ballester,83066665,SingularStays,POBLATS MARITIMS,BETERO,39.47314,-0.33669,Entire home/apt,93,1,4,2024-01-05,0.21,112,35,3,NA
597543862554519200,Valencia Center Iv,83066665,SingularStays,EXTRAMURS,LA ROQUETA,39.46534,-0.37792,Entire home/apt,242,1,1,2022-10-21,0.05,112,331,0,VT-34019-V
597543902690309600,Palacio de Congresos,83066665,SingularStays,CAMPANAR,SANT PAU,39.49089,-0.40587,Entire home/apt,121,1,2,2023-06-30,0.11,112,257,1,NA
598286865644923e3,Stylish apartment near all the main attractions,452826248,Anita,CAMINS AL GRAU,CAMI FONDO,39.46491166452943,-0.3522725519655303,Entire home/apt,40,1,0,NA,NA,2,48,0,NA
602747003518043600,Encantador Loft en Valencia (Loft A),442038767,Carlos,PATRAIX,VARA DE QUART,39.46255,-0.41286,Entire home/apt,57,32,3,2023-03-28,0.15,1,48,0,NA
602845025999755400,Precioso loft en Ruzafa Valencia,453810720,Jaime,L'EIXAMPLE,RUSSAFA,39.46057,-0.3741,Entire home/apt,110,28,10,2024-05-02,0.53,1,203,6,NA
604218683766867200,Balmes IV Central Market Mid-term,63053029,MD Rentals,CIUTAT VELLA,EL PILAR,39.47413,-0.38216,Entire home/apt,188,2,7,2024-04-23,0.28,66,325,3,EGVT-330-V
612180362595167e3,Apartamento exterior luminoso con wifi,74592836,A.Mitra,RASCANYA,TORREFIEL,39.49518665769994,-0.3710832819342613,Entire home/apt,92,5,6,2023-10-22,0.56,5,199,6,NA
612763949015835300,Charming apartment in the historic center,8699094,Vicente,CIUTAT VELLA,EL MERCAT,39.47449,-0.38046,Entire home/apt,146,5,5,2024-04-01,0.21,1,108,2,NA
616298663044116700,Design Place in Valencia -,96626232,Lars,QUATRE CARRERES,MALILLA,39.439042432800726,-0.3813396045075611,Entire home/apt,165,3,2,2024-05-13,1.22,1,225,2,NA
616361630090855700,Elegante y lujosoapartamento en pleno centro,245147389,Luis,L'EIXAMPLE,LA GRAN VIA,39.467834,-0.365676,Entire home/apt,365,1,0,NA,NA,1,357,0,NA
619561876291874800,Precioso apartamento en valencia,57101174,Francisco,EL PLA DEL REAL,MESTALLA,39.473775423418026,-0.3539911770856349,Entire home/apt,145,6,0,NA,NA,5,60,0,NA
620826471615491800,Torrefiel residencia con comodidades,457740775,Maria,RASCANYA,TORREFIEL,39.496428880003734,-0.3726802620210435,Entire home/apt,102,4,9,2024-05-12,1.11,1,59,9,NA
620989814669696e3,Cozy 1 bedroom studio near Malvarossa beach,342841658,Olga,POBLATS MARITIMS,LA MALVA-ROSA,39.48147,-0.32834,Entire home/apt,110,7,0,NA,NA,1,29,0,NA
621062003096410400,Oasis azul en el centro de València - 3 hab,68670540,Benkhaled,L'OLIVERETA,NOU MOLES,39.46841,-0.39232,Entire home/apt,120,3,9,2023-08-21,0.36,1,22,2,NA
623728644236144100,Florit Flats - Serreria 1,454992347,Cano Florit,POBLATS MARITIMS,BETERO,39.47312,-0.33543,Entire home/apt,252,1,8,2023-05-31,0.31,18,120,0,VT-53879-V
623728654934565200,Florit Flats - Serreria 11,454992347,Cano Florit,POBLATS MARITIMS,BETERO,39.4733,-0.33596,Entire home/apt,149,1,2,2022-08-28,0.08,18,177,0,HV-1480
623728686266570100,Florit Flats - Serreria 3,454992347,Cano Florit,POBLATS MARITIMS,BETERO,39.47318,-0.33465,Entire home/apt,141,1,5,2023-08-11,0.2,18,159,1,VT-53881-V
623728724934770800,Florit Flats - Serreria 7,454992347,Cano Florit,POBLATS MARITIMS,CABANYAL-CANYAMELAR,39.47121,-0.33456,Entire home/apt,176,1,7,2023-01-22,0.27,18,160,0,HV-1480
625922134380226e3,CASITA RUSTICA EN PLENA CIUDAD,214087309,David,RASCANYA,ELS ORRIOLS,39.49389,-0.37028,Entire home/apt,64,31,10,2024-01-16,0.4,10,149,4,NA
626874650685928700,Attic loft Gran Vía,90605009,Roberto Y Mari Carmen,EXTRAMURS,LA PETXINA,39.474247,-0.388151,Entire home/apt,121,2,10,2024-05-18,0.4,4,67,5,NA
627324371598426100,Квартира рядом с метро в хорошем районе,104278620,Alexey,ALGIROS,L'AMISTAT,39.47234,-0.35373,Entire home/apt,330,3,0,NA,NA,1,364,0,NA
627334888707399700,Apartamento con encanto,157944425,David,BENICALAP,BENICALAP,39.49230565632743,-0.38332730214526056,Entire home/apt,121,3,2,2024-06-15,2,1,22,2,NA
629015005447957900,Luxotica Gardens,459563430,Victoria,ALGIROS,L'ILLA PERDUDA,39.46818,-0.34184,Entire home/apt,123,1,7,2023-12-10,0.28,1,217,1,NA
62958018027201e4,Casa mosaico (P1),24910925,Carmen,POBLATS MARITIMS,NATZARET,39.45047,-0.3343,Entire home/apt,67,31,9,2024-03-07,0.37,11,199,3,NA
630153533452844800,Luminoso y amplio apartamento en Valencia,24910925,Carmen,QUATRE CARRERES,MALILLA,39.44809,-0.38248,Entire home/apt,63,31,5,2023-10-06,0.21,11,63,2,NA
630473276781551400,"Piso enfrente polideportivo, universidades y Playa",4075116,Mayte,ALGIROS,LA CARRASCA,39.47466326138976,-0.3370074900664298,Entire home/apt,108,5,9,2024-05-24,0.81,3,186,9,NA
633254627366796900,Precioso y amplio apartamento en Valencia,399525340,Marta,ALGIROS,L'ILLA PERDUDA,39.467793,-0.339651,Entire home/apt,190,7,8,2023-08-12,0.34,3,328,2,NA
633299382722041e3,Fantastico piso a lado de la playa del Perellonet,460565072,Cosimo Damiano,POBLATS DEL SUD,EL PERELLONET,39.28082,-0.27764,Entire home/apt,94,6,0,NA,NA,1,327,0,NA
634043862897470700,Fantástico apartamento familiar en el Cabañal.,278430338,Silvia,POBLATS MARITIMS,CABANYAL-CANYAMELAR,39.463177,-0.332644,Entire home/apt,110,5,5,2023-08-31,0.22,1,216,3,NA
636560066726855800,Precioso  piso para 8 pnas en 1a línea de playa,271563825,Julia,POBLATS DEL SUD,EL PERELLONET,39.29285,-0.28525,Entire home/apt,150,4,0,NA,NA,1,292,0,NA
637830782460291600,Apartamento la Luz,461591549,Apartaval,L'OLIVERETA,SOTERNES,39.46937,-0.41572,Entire home/apt,200,1,6,2023-10-27,0.26,1,172,2,NA
638216734076524e3,Apartamento Sister,153072572,Tangerine,POBLATS MARITIMS,EL GRAU,39.45897,-0.33377,Entire home/apt,135,14,10,2023-09-30,0.41,6,63,1,NA
641220012278130200,"4 Bedroom Apartment, Valencia, Hip Area",461246876,Anne,BENIMACLET,BENIMACLET,39.48401,-0.35741,Entire home/apt,175,3,2,2022-08-28,0.09,1,190,0,NA
641344261538300200,Autocaravana Rustic Escapes,462421478,Ella,POBLATS DEL NORD,MASSARROJOS,39.54777,-0.41771,Entire home/apt,160,2,0,NA,NA,1,90,0,NA
641678819102422400,Apartamento con patio al lado del río Turia,24910925,Carmen,LA SAIDIA,MORVEDRE,39.48279,-0.37621,Entire home/apt,190,31,5,2024-03-29,0.27,11,189,3,NA
642532097448031900,"APARTMENT NEAR THE SEA WITH A PATIO 
3 BEDROMS",462657995,Jarek,CAMINS AL GRAU,AIORA,39.46531,-0.34734,Entire home/apt,300,2,0,NA,NA,6,95,0,NA
642656519798932200,SPACIOUS 3 BEDROOM 2 BATHROOM APARTMENT NEAR BEACH,462657995,Jarek,ALGIROS,CIUTAT JARDI,39.47131,-0.34677,Entire home/apt,300,3,0,NA,NA,6,90,0,NA
646238412547210200,Piso moderno en Ruzafa,461479865,Jessica,QUATRE CARRERES,EN CORTS,39.4562,-0.37243,Entire home/apt,66,28,1,2022-12-30,0.06,3,298,0,NA
646329201436795e3,Super appartement spacieux plage a 15min à pieds,397068196,Rayan,POBLATS MARITIMS,BETERO,39.47218,-0.33424,Entire home/apt,120,1,1,2022-08-31,0.05,3,205,0,NA
646884389490567200,Appartement avec immense terrasse dans le Cabanyal,36686228,Ludivine,POBLATS MARITIMS,CABANYAL-CANYAMELAR,39.46721,-0.33201,Entire home/apt,120,7,1,2022-07-24,0.04,1,65,0,NA
647875415139979300,98- Apartamento Playa y Centro Ciudad,22730671,Marcela,ALGIROS,L'AMISTAT,39.474549915389375,-0.3524786753914545,Entire home/apt,130,3,5,2023-08-13,0.21,10,41,1,NA
647893902012216600,Nice flat in Valencia,75962982,Ana,EXTRAMURS,EL BOTANIC,39.47501,-0.38503,Entire home/apt,78,21,9,2023-12-03,0.38,1,170,3,NA
649984692773033500,Precioso ático con barbacoa cerca del mar,17857251,Rebeca,POBLATS MARITIMS,CABANYAL-CANYAMELAR,39.4635079,-0.3316222,Entire home/apt,200,2,6,2024-03-18,0.27,1,195,3,NA
650686835217453600,Precioso apartamento en la mejor zona de Valencia,274588175,Rocío,EL PLA DEL REAL,JAUME ROIG,39.48423,-0.36278,Entire home/apt,115,5,8,2023-08-30,0.34,4,64,4,NA
650786690282065900,Valencia Loft Apartments by Olala Homes,129000409,Olala Homes,PATRAIX,FAVARA,39.4541,-0.39211,Entire home/apt,127,1,10,2024-04-12,0.47,2,365,7,VT-51231-V
653313320788287900,FISHERMANS HOME CABAÑAL VALENCIA,239595277,Fabiana,POBLATS MARITIMS,CABANYAL-CANYAMELAR,39.47174529999999,-0.3300658,Entire home/apt,135,3,1,2022-07-24,0.04,1,183,0,NA
654160447111056e3,Gaspar Aguilar,125037312,Claudia,JESUS,L'HORT DE SENABRE,39.45396849999999,-0.3917311,Entire home/apt,59,30,4,2024-06-03,0.2,30,225,1,NA
654170047395063200,Immaculate 12-Bed Apartment in Valencia,439074505,Travelnest,LA SAIDIA,SANT ANTONI,39.48699,-0.37534,Entire home/apt,270,1,0,NA,NA,2,364,0,EGVT-00123-V
654688790332127500,Precioso apartamento en el centro histórico,465485916,Laia,CIUTAT VELLA,EL MERCAT,39.47486,-0.3787,Entire home/apt,123,3,3,2023-07-29,0.14,1,99,1,VT-45708-V
654798604479124500,Spacious  modern flat close beach&terrace&wifi,465324815,Elodie,ALGIROS,CIUTAT JARDI,39.47273,-0.34713,Entire home/apt,140,3,0,NA,NA,28,352,0,NA
654799225924141300,Lovely flat at Valencia with 6 rooms,465324815,Elodie,LA SAIDIA,SANT ANTONI,39.48664,-0.37558,Entire home/apt,299,7,0,NA,NA,28,365,0,NA
654998861902617200,Apartamento en zona Benimaclet con 4 habitaciones,94456786,Andrea,BENIMACLET,BENIMACLET,39.48586601811652,-0.3633427539672884,Entire home/apt,120,3,4,2022-08-24,0.17,10,35,0,NA
655436814364358e3,Apartamento luminoso en Peris Mencheta Benimaclet!,403404134,Osuvija,BENIMACLET,BENIMACLET,39.48509335151842,-0.35831637722213344,Entire home/apt,110,3,7,2023-08-06,0.29,3,60,1,NA
657088955167875700,Apartment cosy with balcony poblats maritims,466018970,Momo,POBLATS MARITIMS,NATZARET,39.45188,-0.33243,Entire home/apt,100,5,8,2023-09-12,0.34,1,114,6,NA
6.5950343149757606e+17,Comfy and bright apartment with sea view.,65115885,Romain,ALGIROS,LA CARRASCA,39.47398,-0.3387,Entire home/apt,220,4,9,2023-08-27,0.38,2,13,4,NA
659749354479904300,Apartamento de 3 habitaciones en Valencia,317445528,Ana María,ALGIROS,L'AMISTAT,39.47345954586028,-0.35307727813066114,Entire home/apt,100,6,8,2022-08-28,0.34,2,60,0,NA
660637030922669e3,Santa Cruz 9 Ii,83066665,SingularStays,CIUTAT VELLA,EL CARME,39.47824,-0.37683,Entire home/apt,113,30,1,2022-12-17,0.05,112,304,0,NA
660799513999623400,Santa Cruz 9 I,83066665,SingularStays,CIUTAT VELLA,EL CARME,39.47767,-0.37816,Entire home/apt,160,1,3,2023-10-06,0.2,112,304,2,NA
660799602831095200,Santa Cruz 9 Iii,83066665,SingularStays,CIUTAT VELLA,EL CARME,39.47925,-0.37721,Entire home/apt,133,1,4,2023-08-28,0.18,112,334,2,NA
660799847320419600,Santa Cruz 9 Iv,83066665,SingularStays,CIUTAT VELLA,EL CARME,39.47945,-0.37863,Entire home/apt,130,1,2,2023-05-28,0.14,112,332,0,NA
660799956239123200,Santa Cruz 9 V,83066665,SingularStays,CIUTAT VELLA,EL CARME,39.47784,-0.37848,Entire home/apt,113,1,3,2023-12-19,0.18,112,173,1,NA
660800034281873200,Santa Cruz 9 Vii,83066665,SingularStays,CIUTAT VELLA,EL CARME,39.47761,-0.37808,Entire home/apt,147,1,3,2024-01-03,0.17,112,88,2,NA
660842871806303700,Playa y ciudad en un bonito y luminoso apartamento,399525340,Marta,POBLATS MARITIMS,LA MALVA-ROSA,39.47546430000001,-0.3274002,Entire home/apt,150,5,8,2023-08-23,0.35,3,287,4,NA
661244555273565700,Precioso apartamento con gran terraza,446524182,Cristina,POBLATS MARITIMS,CABANYAL-CANYAMELAR,39.4716939,-0.3327428,Entire home/apt,223,3,4,2024-04-05,0.38,2,260,4,NA
662876511761331600,Apartamento de 3 habitaciones y 2 baños Valencia,317445528,Ana María,EL PLA DEL REAL,MESTALLA,39.471160071976186,-0.35488082511177327,Entire home/apt,170,6,6,2022-08-25,0.26,2,74,0,NA
664358506099947300,Summer by the beach in sunny Valencia,11809848,Brian,POBLATS MARITIMS,CABANYAL-CANYAMELAR,39.46494,-0.32781,Entire home/apt,90,22,2,2023-08-31,0.09,1,276,1,NA
665823039130300900,Apartamento ensanche A/C + Parking,56859955,Maria Belen,L'EIXAMPLE,LA GRAN VIA,39.464090249353376,-0.3670532628893852,Entire home/apt,250,4,3,2023-08-11,0.13,2,85,1,NA
666564038700966e3,"Chalet adosado en la playa, piscina, pista tenis",303384371,Sonia,POBLATS DEL SUD,EL PERELLONET,39.30174170880057,-0.28982786983641873,Entire home/apt,150,3,1,2023-10-30,0.13,5,260,1,NA
666681470592519400,Comfort en ruimte in centraal Valencia,30090896,Chantal,QUATRE CARRERES,EN CORTS,39.4559441,-0.3715576,Entire home/apt,69,28,5,2024-05-22,0.36,2,221,4,NA
668531977257486800,Espacioso piso en el centro,111024117,Hector,EXTRAMURS,ARRANCAPINS,39.46756359002011,-0.3863978576721183,Entire home/apt,175,6,0,NA,NA,1,88,0,NA
669315042793564e3,Luis Oliag Apartment Ruzafa Mid-term,63053029,MD Rentals,QUATRE CARRERES,MONT-OLIVET,39.45845,-0.36731,Entire home/apt,294,1,7,2024-02-25,0.31,66,336,3,NA
669315363386480500,Balmes III Central Market Mid-term,63053029,MD Rentals,CIUTAT VELLA,EL MERCAT,39.4743,-0.38038,Entire home/apt,190,1,6,2023-01-01,0.26,66,333,0,NA
669389204390776600,Apartamento reformado en valencia centro,469058625,Amelia,L'OLIVERETA,NOU MOLES,39.46768,-0.39133,Entire home/apt,120,7,1,2022-08-10,0.04,1,365,0,NA
670232196342844200,Salinas,83066665,SingularStays,CIUTAT VELLA,EL CARME,39.47859,-0.37858,Entire home/apt,121,1,5,2023-10-11,0.25,112,296,4,NA
670234021972422100,Calderón,83066665,SingularStays,BENIMACLET,BENIMACLET,39.48639,-0.36617,Entire home/apt,70,1,3,2024-05-16,0.16,112,322,2,NA
670237287161863800,Valero,83066665,SingularStays,L'EIXAMPLE,RUSSAFA,39.45897,-0.37326,Entire home/apt,94,1,1,2022-11-18,0.05,112,328,0,NA
670242749361318500,Guillem Sorolla,83066665,SingularStays,CIUTAT VELLA,EL PILAR,39.47329,-0.38368,Entire home/apt,83,1,2,2024-01-19,0.12,112,292,1,NA
670680172913269500,Charming penthouse with terrace in the center,1332880,Jaime,L'EIXAMPLE,LA GRAN VIA,39.46674541817352,-0.3685730741825901,Entire home/apt,138,3,4,2022-08-25,0.17,3,86,0,NA
670776659731463800,Precioso apartamento en Valencia cerca de la playa,94456786,Andrea,CAMINS AL GRAU,AIORA,39.46412,-0.34346,Entire home/apt,120,3,6,2023-08-14,0.26,10,11,2,NA
671744014759852500,Beautiful flat with views +Chill out terrace+wifi,465324815,Elodie,ALGIROS,CIUTAT JARDI,39.47214,-0.34271,Entire home/apt,99,5,1,2023-07-23,0.09,28,360,1,NA
672299371918903e3,apartamento con terraza  cerca del puerto de val,469789397,Lyes,POBLATS MARITIMS,EL GRAU,39.45774,-0.33549,Entire home/apt,214,2,0,NA,NA,1,324,0,NA
672886316037609300,Lovely 3-bedroom flat close to the beach,138033257,Anja,POBLATS MARITIMS,CABANYAL-CANYAMELAR,39.47439,-0.33338,Entire home/apt,109,5,8,2024-06-11,0.35,1,202,4,NA
673702747410781300,El Grao,83066665,SingularStays,POBLATS MARITIMS,EL GRAU,39.46259,-0.33631,Entire home/apt,87,1,2,2023-12-07,0.1,112,169,1,NA
673780774053309400,Fantastic  apartment close beach and wifi,465324815,Elodie,ALGIROS,CIUTAT JARDI,39.47288,-0.34761,Entire home/apt,300,3,0,NA,NA,28,362,0,NA
673825724803580700,Ruzafa Vibes Terrace,449080161,Sturm Real Estate,L'EIXAMPLE,RUSSAFA,39.46138,-0.37237,Entire home/apt,132,1,7,2023-09-13,0.3,3,76,3,VT49060V
6.7516346469359194e+17,Superb modern apartment +Terrace chill out+Wifi,465324815,Elodie,CAMINS AL GRAU,AIORA,39.46626,-0.34785,Entire home/apt,249,3,1,2022-07-23,0.04,28,357,0,NA
676150677923968300,Georgous  apartamento close beach&Metro+Wifi,465324815,Elodie,ALGIROS,CIUTAT JARDI,39.47078,-0.34819,Entire home/apt,120,6,0,NA,NA,28,341,0,NA
679398030165408e3,Alojamiento en Burjassot junto Estación de Metro,458345892,Alyra,POBLATS DE L'OEST,BENIMAMET,39.50165,-0.41323,Entire home/apt,70,5,7,2023-08-18,0.31,3,17,4,NA
682031226873308700,Charming apartment close beach+3AC +Sunny terrace,465324815,Elodie,ALGIROS,L'AMISTAT,39.47311,-0.34887,Entire home/apt,360,3,0,NA,NA,28,365,0,NA
682457729777531400,The Port Beach Valencia Apartment I,472357754,Pues Si Pues Si,POBLATS MARITIMS,EL GRAU,39.4600091,-0.3387874,Entire home/apt,163,1,7,2023-10-26,0.32,9,261,3,VT-51465-V
682536264324709600,The Port Beach Valencia Apartment II,472357754,Pues Si Pues Si,POBLATS MARITIMS,EL GRAU,39.4600091,-0.3387874,Entire home/apt,163,1,2,2023-10-15,0.2,9,250,2,VT-55138-V
682616439848371800,Apartamento en primera linea de playa nuevo,48422225,Marta,POBLATS DEL SUD,EL PERELLONET,39.28806846901899,-0.2811716322631841,Entire home/apt,266,4,1,2022-09-14,0.05,1,28,0,NA
685257832100824700,Valencia Town Hall Apartments.,275775652,Isabel,CIUTAT VELLA,SANT FRANCESC,39.47119,-0.37359,Entire home/apt,159,3,3,2022-11-18,0.13,4,20,0,NA
685432271576839400,Precioso piso con terraza y cerca de la playa,5946580,Nahuel,ALGIROS,LA CARRASCA,39.47573,-0.34524,Entire home/apt,150,5,6,2023-08-28,0.26,51,100,4,NA
685437391830115500,Precioso Atico en la playa,5946580,Nahuel,ALGIROS,CIUTAT JARDI,39.47453902894065,-0.3465784574566669,Entire home/apt,200,7,0,NA,NA,51,102,0,NA
688032299199724900,PRECIOSO ATICO 3 TERRAZAS Y BBQ,5946580,Nahuel,CIUTAT VELLA,EL CARME,39.47715,-0.38196,Entire home/apt,175,5,3,2023-08-09,0.15,51,145,2,NA
688449163926902100,Valencia Town Hall Apartments.,275775652,Isabel,CIUTAT VELLA,SANT FRANCESC,39.46964,-0.37233,Entire home/apt,150,7,7,2022-12-05,0.32,4,20,0,NA
689766995081590400,Pis a Valencia amb gran terrassa,146318846,Xavier,L'OLIVERETA,NOU MOLES,39.46829,-0.39584,Entire home/apt,69,30,10,2024-04-02,0.47,1,249,5,NA
691749090294848400,Malvarrosa,261149179,Vacansis,POBLATS MARITIMS,LA MALVA-ROSA,39.48367,-0.32609,Entire home/apt,98,1,4,2024-04-13,0.52,6,202,4,NA
691783050638263300,Apartamento de 3 habitaciones  cama de matrimonio,136550009,Rafa,BENICALAP,BENICALAP,39.48645,-0.39376,Entire home/apt,150,1,7,2024-05-05,0.31,2,232,3,NA
692692745344365200,Cozy apartment full equip close beach+AC++Wifi,465324815,Elodie,ALGIROS,CIUTAT JARDI,39.47088,-0.34739,Entire home/apt,500,5,2,2023-07-07,0.14,28,365,1,NA
694826625235466200,GrupoGonza - Superb Dúplex with Pool & Garage,352851117,Albuixech Salvador,QUATRE CARRERES,CIUTAT DE LES ARTS I DE LES CIENCIES,39.44937,-0.36244,Entire home/apt,252,3,9,2024-06-19,0.59,1,32,8,VT-51811-V
694835512598913200,"Habitación amplia, 10 minutos de la playa",475303842,Carlos Luis,ALGIROS,L'ILLA PERDUDA,39.4681323,-0.3407718,Entire home/apt,48,3,0,NA,NA,1,142,0,NA
695303746508141200,Apartment-Apartment-Whirlpool bath-Balcony,475408787,Red Snapper,CIUTAT VELLA,EL MERCAT,39.47653,-0.3792,Entire home/apt,116,1,10,2024-04-28,0.5,1,299,5,VT-38826-V
698924429799610400,Apartamento Betero Playa,160276957,José Miguel,ALGIROS,LA CARRASCA,39.47653,-0.33646,Entire home/apt,138,4,0,NA,NA,1,352,0,VT38893V
699026753143511200,Apartamento en el Carmen,39576195,Nieves,CIUTAT VELLA,EL CARME,39.48014203476183,-0.3827774970176112,Entire home/apt,72,30,0,NA,NA,1,347,0,NA
700848091996225200,Modern Apartment near City of Arts & Sciences,14731723,Tiago,QUATRE CARRERES,MONT-OLIVET,39.45769,-0.36472,Entire home/apt,65,30,1,2024-05-16,0.79,1,324,1,NA
702733740274779300,Ciutat Vella,125037312,Claudia,CIUTAT VELLA,EL PILAR,39.47449,-0.38224,Entire home/apt,175,30,3,2023-06-29,0.19,30,143,1,NA
705690585917876100,Luxury double Suite at heart of Ruzafa,123160301,Place Your Place,L'EIXAMPLE,RUSSAFA,39.46361,-0.37646,Entire home/apt,166,2,7,2024-02-13,0.33,51,38,4,NA
7.0571391700387994e+17,Apartamento  loft en el Carmen,469254781,Worldwide,CIUTAT VELLA,EL CARME,39.47931,-0.37918,Entire home/apt,150,4,2,2024-03-20,0.29,1,266,2,NA
706427422197713e3,Vip Apartments Valencia 4,90605009,Roberto Y Mari Carmen,RASCANYA,ELS ORRIOLS,39.48807,-0.36835,Entire home/apt,116,2,5,2022-10-25,0.23,4,5,0,NA
709127387578998e3,Travel Habitat Alameda suites loft 9,97229818,Travel Habitat,CAMINS AL GRAU,PENYA-ROJA,39.46327241125291,-0.3569890367706363,Entire home/apt,172,1,4,2023-04-14,0.2,45,253,0,NA
709392835945700600,Apartamento playa Malvarrosa con 2 terrazas,478279394,Michael,POBLATS MARITIMS,CABANYAL-CANYAMELAR,39.47481,-0.32964,Entire home/apt,115,2,2,2022-12-04,0.1,1,76,0,NA
710189542371635600,Ático en el Corazón de Russafa,478445363,Hana,L'EIXAMPLE,RUSSAFA,39.4604371,-0.3759712,Entire home/apt,99,2,7,2024-06-02,0.33,3,54,5,NA
710619994897689200,Entre mar et huerta Superbe apartment avec piscine,253828573,Begona,POBLATS DEL SUD,EL PERELLONET,39.28903,-0.28368,Entire home/apt,200,5,0,NA,NA,1,177,0,NA
711923791071586600,Tranquiló y con muchos servicio,478558612,Fernando,PATRAIX,VARA DE QUART,39.4606819,-0.4122593,Entire home/apt,110,3,0,NA,NA,1,261,0,NA
715018715844159200,Travel Habitat Alameda suites loft 1,97229818,Travel Habitat,CAMINS AL GRAU,PENYA-ROJA,39.46467,-0.35612,Entire home/apt,188,1,3,2023-03-06,0.15,45,233,0,NA
715018846898692900,Travel Habitat Alameda suites loft 4,97229818,Travel Habitat,CAMINS AL GRAU,PENYA-ROJA,39.463451104967,-0.35707470688476,Entire home/apt,179,1,3,2022-12-05,0.15,45,142,0,NA
715643316951372200,Apartamento en Valencia centro.,448866725,Radina,CIUTAT VELLA,SANT FRANCESC,39.47019706665579,-0.3731066733598709,Entire home/apt,86,3,10,2024-06-02,0.65,1,212,8,NA
716370488517466900,Playa apartment,466368807,Orts,POBLATS MARITIMS,EL GRAU,39.46247,-0.33391,Entire home/apt,129,2,3,2024-05-14,0.14,1,72,2,VT-50896-V
716417316976915e3,Casals,475741408,Angel,CIUTAT VELLA,EL PILAR,39.47332,-0.38146,Entire home/apt,137,1,2,2022-10-10,0.1,23,140,0,NA
716421675271271e3,Ravel 1,475741408,Angel,CIUTAT VELLA,EL CARME,39.47844,-0.38044,Entire home/apt,111,1,4,2023-07-21,0.19,23,136,1,NA
716422131394167800,Nyman,475741408,Angel,EXTRAMURS,LA ROQUETA,39.46834,-0.38115,Entire home/apt,147,1,6,2023-11-25,0.3,23,0,3,NA
716422614399590100,Verdi 2,475741408,Angel,POBLATS MARITIMS,LA MALVA-ROSA,39.48087,-0.32874,Entire home/apt,121,1,4,2024-06-09,0.33,23,136,4,NA
716422706017764e3,Marina 4b,475741408,Angel,POBLATS MARITIMS,CABANYAL-CANYAMELAR,39.46443,-0.32957,Entire home/apt,126,1,4,2023-07-04,0.2,23,138,1,NA
716422791065767e3,Marina 4a,475741408,Angel,POBLATS MARITIMS,CABANYAL-CANYAMELAR,39.46303,-0.32971,Entire home/apt,132,1,3,2023-10-21,0.2,23,114,2,NA
716422913559680400,Gimenez,475741408,Angel,CIUTAT VELLA,EL CARME,39.48075,-0.3792,Entire home/apt,126,1,10,2023-08-12,0.47,23,125,2,NA
716448388554472300,Alquiler mensual de apartamento con amplia terraza,6783167,Salvador,EXTRAMURS,LA PETXINA,39.47153,-0.38918,Entire home/apt,85,32,2,2024-06-17,1.11,1,200,2,NA
716450226778985700,Large apartment overlooking the Quart Towers,479609965,Red Snapper,EXTRAMURS,EL BOTANIC,39.47655,-0.38425,Entire home/apt,126,1,5,2024-05-11,0.26,1,321,2,B09655416
717197413556166500,Villa House Valencia Beach,422700739,Débora,POBLATS MARITIMS,CABANYAL-CANYAMELAR,39.47211695366984,-0.32532747834920883,Entire home/apt,950,1,4,2024-05-05,0.42,1,332,4,NA
717238530377482800,The Port Beach Valencia Room III,472357754,Pues Si Pues Si,CAMINS AL GRAU,LA CREU DEL GRAU,39.46117,-0.33938,Entire home/apt,144,1,10,2024-03-02,0.48,9,279,2,VT-55161-V
717238694847226200,The Port Beach Valencia Room IV,472357754,Pues Si Pues Si,POBLATS MARITIMS,EL GRAU,39.45905,-0.33851,Entire home/apt,141,1,5,2024-04-14,0.34,9,269,4,VT-55165-V
717238842758169300,The Port Beach Valencia Room V,472357754,Pues Si Pues Si,POBLATS MARITIMS,EL GRAU,39.45924,-0.3377,Entire home/apt,141,1,8,2023-08-01,0.39,9,272,1,VT-55167-V
717238970119374100,The Port Beach Valencia Room IX,472357754,Pues Si Pues Si,POBLATS MARITIMS,EL GRAU,39.46076,-0.33824,Entire home/apt,145,1,5,2024-01-26,0.3,9,257,2,VT-55171-V
717239152221473200,The Port Beach Valencia Room VI,472357754,Pues Si Pues Si,POBLATS MARITIMS,EL GRAU,39.45953,-0.33994,Entire home/apt,142,1,9,2024-03-29,0.44,9,272,2,VT-55168-V
721605004877695200,Travel Habitat Alameda suites loft 2,97229818,Travel Habitat,CAMINS AL GRAU,PENYA-ROJA,39.46353393477002,-0.3572356394256526,Entire home/apt,160,1,1,2022-11-28,0.05,45,250,0,NA
721605138488719900,Travel Habitat Alameda suites loft 3,97229818,Travel Habitat,CAMINS AL GRAU,PENYA-ROJA,39.463430083706974,-0.3571338412780811,Entire home/apt,202,1,1,2022-12-31,0.06,45,100,0,NA
725376618148481700,Precioso apartamento 2 dormitorios,371423934,Julia,RASCANYA,SANT LLORENS,39.49032,-0.36808,Entire home/apt,120,2,5,2024-03-17,0.32,2,57,3,NA
725967401672655600,Apartment Valencia,40294269,Antonio,EL PLA DEL REAL,MESTALLA,39.46991,-0.35537,Entire home/apt,65,8,6,2024-05-07,0.34,2,60,4,NA
727261012420684200,Loft único con Patio,24910925,Carmen,POBLATS MARITIMS,NATZARET,39.45177,-0.33268,Entire home/apt,60,31,4,2024-05-01,0.29,11,109,2,NA
730832755247670300,Cozy Wifi Ac Loft In the Heart of Ruzafa,42125633,Florit,L'EIXAMPLE,RUSSAFA,39.46483,-0.37439,Entire home/apt,165,1,4,2023-07-19,0.23,18,227,1,VT-41914-V
731783294796888200,La Marina WOW ROYAL apart!,459788850,Tatiana,POBLATS MARITIMS,EL GRAU,39.46045,-0.33813,Entire home/apt,188,21,1,2024-04-07,0.39,4,69,1,NA
731837713930336300,Enjoy 2 Bedrooms apartment at Ruzafa with very sunny terrace,3155089,Francisco,L'EIXAMPLE,RUSSAFA,39.4610112,-0.3684543,Entire home/apt,152,3,5,2024-05-17,0.32,15,351,3,NA
732343847832107400,Modern beachside apartment,482597957,Reinapart,POBLATS MARITIMS,CABANYAL-CANYAMELAR,39.46900418839089,-0.3287043349182195,Entire home/apt,236,5,0,NA,NA,6,311,0,NA
735243665731031400,Travel Habitat La Marina Real Loft 2,97229818,Travel Habitat,POBLATS MARITIMS,EL GRAU,39.4593902,-0.3353135,Entire home/apt,155,1,0,NA,NA,45,312,0,NA
735243870512692500,Travel habitat La Marina Real Loft 4,97229818,Travel Habitat,POBLATS MARITIMS,EL GRAU,39.45964070360494,-0.3356099429916304,Entire home/apt,155,1,0,NA,NA,45,312,0,NA
735309711099997800,Bright home in chic Russafa,402016170,Jesus,L'EIXAMPLE,RUSSAFA,39.460157,-0.3763435,Entire home/apt,95,20,8,2024-06-16,0.57,5,58,6,NA
736657145725381900,Moderno y acogedor apartamento para 6 personas,267591121,Dimitar & Sara,EXTRAMURS,ARRANCAPINS,39.46039,-0.38238,Entire home/apt,155,3,1,2023-08-03,0.09,1,99,1,VT-46804-V
738055015401048400,Valencia Beach/Cabañal 2 bed/2 bath apartment.,6976863,The MM,POBLATS MARITIMS,CABANYAL-CANYAMELAR,39.46577,-0.32972,Entire home/apt,85,20,6,2023-07-31,0.33,8,298,2,NA
739081151982170600,Special Offer Cozy apartment near Valencia,101817655,Alicia,POBLATS DEL SUD,EL PERELLONET,39.305004136352174,-0.29315873980522156,Entire home/apt,70,28,6,2024-06-20,0.4,1,129,4,NA
741201277093791100,Casa del Mar (P0),24910925,Carmen,POBLATS MARITIMS,NATZARET,39.45,-0.33316,Entire home/apt,42,31,6,2024-03-30,0.32,11,54,3,NA
741320757113971100,Apartamento confortable en avenida del puerto,473276875,Servicios Y Alojamientos Valencia,CAMINS AL GRAU,AIORA,39.46556562250119,-0.351056233048439,Entire home/apt,140,2,3,2023-08-19,0.15,8,341,1,NA
741326532610933200,Apartamento elegante en avenida del puerto,473276875,Servicios Y Alojamientos Valencia,CAMINS AL GRAU,AIORA,39.46648,-0.35041,Entire home/apt,140,6,4,2023-08-27,0.2,8,359,2,NA
741328730915265300,Apartamento zona puerto tranquilo y elegante,473276875,Servicios Y Alojamientos Valencia,CAMINS AL GRAU,AIORA,39.46596,-0.35019,Entire home/apt,140,3,3,2023-08-27,0.16,8,362,1,NA
744714457072385700,Apartamento con vistas a el Mediterráneo,58803405,Carlos,POBLATS DEL SUD,EL PERELLONET,39.30573,-0.29335,Entire home/apt,60,4,3,2024-03-30,0.2,2,248,1,NA
745502008718744400,Cortes Valencianas,125037312,Claudia,CAMPANAR,SANT PAU,39.49322670000001,-0.4023211,Entire home/apt,64,30,1,2023-01-01,0.06,30,128,0,NA
747888808211798e3,Gardens '02 Asian Soul' by Art Lofts,319135009,Gema,LA SAIDIA,MORVEDRE,39.48215099999999,-0.3751302,Entire home/apt,122,1,9,2024-06-09,0.59,9,295,7,VT-52295-V
750359220863667300,"FV-Precioso piso con Balcón, Ciudad Artes Ciencias",485869858,Federico Hernan,CAMINS AL GRAU,LA CREU DEL GRAU,39.463347,-0.3463475,Entire home/apt,160,30,8,2024-04-24,0.44,1,304,4,NA
750744577198401200,Con carácter y especial loft en Valencia.,157381973,Jose Luis,RASCANYA,SANT LLORENS,39.48977,-0.36761,Entire home/apt,156,3,10,2023-10-05,0.56,4,85,4,NA
751254770688326900,Espai Santa Mónica,244391830,Mónica,LA SAIDIA,MORVEDRE,39.48157893834733,-0.3743020539672903,Entire home/apt,300,2,0,NA,NA,2,296,0,NA
751444420829119700,PentHOUSE on the BEACH,44450805,Sergio,POBLATS MARITIMS,LA MALVA-ROSA,39.4799333,-0.3289402,Entire home/apt,145,4,3,2023-10-03,0.16,29,138,1,VT-40180-V
752501980707222900,Only Yours: Full Flat near the City Centre,455460052,Jolly,QUATRE CARRERES,MALILLA,39.44862940033338,-0.3739003297821946,Entire home/apt,46,7,0,NA,NA,4,256,0,NA
752683366815133700,"Olivereta’s home, sunny and near to Turia park",19594515,Filippo,L'OLIVERETA,NOU MOLES,39.472947990885885,-0.3972418606281281,Entire home/apt,54,32,5,2024-05-27,0.34,1,245,4,NA
754248004741967400,Precioso loft con patio,30101735,Valentina,POBLATS MARITIMS,CABANYAL-CANYAMELAR,39.46789,-0.3286,Entire home/apt,45,29,5,2023-10-19,0.32,3,82,1,NA
754799968541303200,"Design, beach and centric loft",173616332,Pepe Y Sara,L'EIXAMPLE,LA GRAN VIA,39.4653,-0.37294,Entire home/apt,96,2,9,2024-06-12,0.46,3,88,7,VT-46145-V
754993545619821200,Apartamento 1 dormitorio,371423934,Julia,RASCANYA,SANT LLORENS,39.49015,-0.36797,Entire home/apt,100,2,2,2024-05-13,0.5,2,138,2,NA
756181616892602600,piso nuevo frente a ciudad de la ciencias,18866148,Nicolas,CAMINS AL GRAU,PENYA-ROJA,39.4588624,-0.3504566,Entire home/apt,109,15,1,2023-12-06,0.15,2,70,1,NA
757087992516320900,Travel Habitat Benimaclet Loft 2,97229818,Travel Habitat,BENIMACLET,BENIMACLET,39.4870767,-0.3660525,Entire home/apt,149,1,4,2023-05-06,0.23,45,32,0,NA
757668836030425700,Luxury apartment & terrace,26241496,Guillermo Y Margarita,ALGIROS,CIUTAT JARDI,39.47407,-0.34728,Entire home/apt,138,5,5,2023-09-03,0.47,3,39,5,NA
761288092938540300,Torreta de Miramar,125037312,Claudia,RASCANYA,SANT LLORENS,39.48944,-0.36195,Entire home/apt,63,30,5,2023-10-14,0.3,30,58,2,NA
761305921922121e3,Torres de Quart,125037312,Claudia,CIUTAT VELLA,EL CARME,39.47648,-0.38187,Entire home/apt,66,30,5,2023-12-02,0.27,30,125,2,NA
761347571748463100,Precioso apartamento en Valencia,359791901,Lucas,CAMINS AL GRAU,ALBORS,39.46902,-0.3549,Entire home/apt,290,1,0,NA,NA,2,357,0,NA
76198402819606e4,Flats Friends Soho Suites ground-floor apartment,121643082,Flats,CIUTAT VELLA,EL PILAR,39.472984970463,-0.38174142453693,Entire home/apt,96,1,3,2024-02-09,0.19,19,139,2,AT-40054-V
762074568982496600,Cozy Apartment Valencia,488070732,Fundació De La Comunitat Valenciana,POBLATS MARITIMS,NATZARET,39.44834,-0.33356,Entire home/apt,70,30,3,2024-05-31,0.2,1,202,2,NA
764967216809344800,"135m2. 3 hab, 2 baños. Mensual",488575699,Leticia,JESUS,LA RAIOSA,39.4609499,-0.3873984,Entire home/apt,119,30,7,2024-03-25,0.37,1,126,2,NA
765187120396420400,New Loft Valencia,488622111,Alexandro,QUATRE CARRERES,CIUTAT DE LES ARTS I DE LES CIENCIES,39.45552663028269,-0.3603318360671903,Entire home/apt,123,2,1,2024-04-20,0.47,2,175,1,NA
765207070698204900,Apartamento en Valencia céntrico,359791901,Lucas,CAMINS AL GRAU,ALBORS,39.47014,-0.35281,Entire home/apt,300,1,0,NA,NA,2,362,0,NA
765287853717850900,Calle Mora de Rubielos + Free Private Parking,488645526,Adrian,JESUS,LA RAIOSA,39.45942,-0.38663,Entire home/apt,170,3,1,2023-08-07,0.09,1,193,1,NA
765756927893385200,Apartamento en El Saler (Valencia),7547240,Maria,POBLATS DEL SUD,EL SALER,39.35849,-0.32011,Entire home/apt,66,28,0,NA,NA,1,184,0,NA
766570271858720600,Aroma De Valencia II,44881861,Lissette,LA SAIDIA,TORMOS,39.4892301,-0.3761798,Entire home/apt,192,2,0,NA,NA,2,162,0,VT-54962-V
766570281930687200,Aroma D’Valencia Apartment,44881861,Lissette,LA SAIDIA,MORVEDRE,39.48706452750826,-0.3772815316915512,Entire home/apt,325,3,2,2023-11-26,0.11,2,125,1,VT45374V
7.6703354685834394e+17,El Palacete Gran Via - Ruzafa,23651042,Jose,L'EIXAMPLE,EL PLA DEL REMEI,39.46574,-0.37285,Entire home/apt,218,1,9,2024-03-08,0.58,3,349,7,VT44568T
767265592414650800,Total Valencia Cathedral,18858150,Total Leisure,CIUTAT VELLA,EL MERCAT,39.473872,-0.3771939,Entire home/apt,166,2,6,2024-03-30,0.46,20,295,5,NA
767268975904059100,Total Valencia Charming 1 hab,18858150,Total Leisure,CIUTAT VELLA,SANT FRANCESC,39.4707848,-0.3720833,Entire home/apt,141,2,4,2024-02-04,0.33,20,313,3,NA
767280134285903700,Total Valencia El Carmen,18858150,Total Leisure,CIUTAT VELLA,EL CARME,39.4770566,-0.3777441,Entire home/apt,174,2,7,2024-03-29,0.59,20,283,7,NA
767290933528551600,Total Valencia Elegance Superior,18858150,Total Leisure,CIUTAT VELLA,SANT FRANCESC,39.4709371,-0.372087,Entire home/apt,187,2,1,2023-08-06,0.09,20,253,1,NA
767296736545664800,Total Valencia Mercado Central,18858150,Total Leisure,CIUTAT VELLA,EL MERCAT,39.4738663,-0.3779991,Entire home/apt,176,2,0,NA,NA,20,254,0,NA
767299456689304800,Total Valencia Mercat,18858150,Total Leisure,CIUTAT VELLA,EL MERCAT,39.472426,-0.377404,Entire home/apt,184,2,6,2024-04-20,0.52,20,187,6,NA
767300418293621400,Total Valencia Old City Luxury,18858150,Total Leisure,CIUTAT VELLA,EL CARME,39.4806555,-0.3801533,Entire home/apt,161,2,1,2023-06-23,0.08,20,275,0,NA
767307428028016600,Total Valencia Xativa,18858150,Total Leisure,EXTRAMURS,LA ROQUETA,39.4669135,-0.3786885,Entire home/apt,139,2,10,2024-01-27,0.84,20,336,10,NA
767309129904049e3,Total Valencia AyuntamientoÁtico,18858150,Total Leisure,CIUTAT VELLA,SANT FRANCESC,39.4721562,-0.3760688,Entire home/apt,187,2,1,2024-02-04,0.21,20,42,1,NA
767319783480046300,Total Valencia TorresQuart Ático,18858150,Total Leisure,EXTRAMURS,EL BOTANIC,39.472845,-0.3842549,Entire home/apt,176,2,0,NA,NA,20,329,0,NA
770034730208365600,"Perfect location, 2 bedroom, kingsize bed, balcony",468561630,Marcel,CAMINS AL GRAU,AIORA,39.466172,-0.3472771,Entire home/apt,89,20,2,2024-06-16,2,1,11,2,NA
770126534372448e3,Apartement 6 km away from the beach for 4 ppl.,432577309,"Loic, Estelle And Co",CIUTAT VELLA,EL MERCAT,39.4734041,-0.3801941,Entire home/apt,158,1,0,NA,NA,1,365,0,VT-39642-V
770802745007098100,Studio Patacona Beach B Mid-term,63053029,MD Rentals,POBLATS MARITIMS,LA MALVA-ROSA,39.48319,-0.32752,Entire home/apt,183,1,1,2022-12-05,0.05,66,354,0,NA
771604220806258800,100 m away from the beach! Apartement for 5 ppl.,432578227,"Loic, Estelle And Co",POBLATS DEL SUD,EL SALER,39.36415,-0.32088,Entire home/apt,214,1,0,NA,NA,1,365,0,AT-45154-V
772259017034274200,Cozy apartment with terrace perfect for nomads,489823514,Ana Isabel,CIUTAT VELLA,SANT FRANCESC,39.46887,-0.381,Entire home/apt,107,1,9,2024-04-04,0.52,1,303,6,NA
776114801122966300,Apartamento perfecto para compartir,24910925,Carmen,LA SAIDIA,SANT ANTONI,39.4876587,-0.3747987,Entire home/apt,68,31,3,2024-05-06,0.36,11,200,3,NA
776754497859997700,Cabalicious Flat-big families,12044109,Invalencia Flats,POBLATS MARITIMS,CABANYAL-CANYAMELAR,39.4647167,-0.3302668,Entire home/apt,288,1,3,2024-02-07,0.28,25,337,3,NA
777475737646298100,Relaxing house at the Beach,4078841,Isaias,POBLATS DEL SUD,EL PERELLONET,39.30606,-0.29104,Entire home/apt,375,4,4,2024-05-05,0.37,1,220,4,NA
7.7888380988882406e+17,Lovely Penthouse,430490455,Theresa,QUATRE CARRERES,MONT-OLIVET,39.45789,-0.36719,Entire home/apt,59,31,0,NA,NA,1,145,0,NA
780329136366162600,L1 - Espectacular apartamento Centro Valencia,400448714,MyCO,CIUTAT VELLA,EL MERCAT,39.47363392536483,-0.3777739906962573,Entire home/apt,66,15,2,2024-01-13,0.13,31,177,1,NA
780380534337551e3,L2 - Estudio de lujo precioso en Centro Valencia.,400448714,MyCO,CIUTAT VELLA,EL MERCAT,39.47540243634515,-0.37901670079164174,Entire home/apt,66,30,1,2023-04-30,0.07,31,236,0,NA
782477833339278300,Poblats Maritims,125037312,Claudia,POBLATS MARITIMS,CABANYAL-CANYAMELAR,39.46828,-0.33053,Entire home/apt,65,30,6,2024-05-24,0.48,30,148,5,NA
7.8321696848226406e+17,Total Valencia Ayunt Estudio,18858150,Total Leisure,CIUTAT VELLA,SANT FRANCESC,39.4721562,-0.3760688,Entire home/apt,176,2,8,2024-01-27,0.68,20,76,8,NA
783222321059407400,Total Valencia Torres Quart Bajo,18858150,Total Leisure,EXTRAMURS,EL BOTANIC,39.472845,-0.3842549,Entire home/apt,158,2,0,NA,NA,20,311,0,NA
783231687590440700,Total Valencia Torres Superior,18858150,Total Leisure,EXTRAMURS,EL BOTANIC,39.472845,-0.3842549,Entire home/apt,161,2,0,NA,NA,20,332,0,NA
783233881834500900,Total Valencia Torres Standard,18858150,Total Leisure,EXTRAMURS,EL BOTANIC,39.472845,-0.3842549,Entire home/apt,750,2,0,NA,NA,20,335,0,NA
785534880714167200,Newly renovated apartment in Ruzafa. Monthly stays,429238313,Carolina,L'EIXAMPLE,RUSSAFA,39.459018221265744,-0.3750890994849439,Entire home/apt,100,28,9,2024-06-11,0.53,6,330,6,NA
786800445662697100,Lujoso y Céntrico Apartamento en valencia,492256411,Pablo,L'EIXAMPLE,RUSSAFA,39.46129216602272,-0.36634689826526945,Entire home/apt,203,2,1,2023-12-04,0.15,1,32,1,NA
786859070090197100,Cosy Apartment in the Centre of Valencia,491422213,Red Snapper,CIUTAT VELLA,EL MERCAT,39.47249995708374,-0.379526443703832,Entire home/apt,75,1,7,2023-11-30,0.5,1,333,5,NA
787517109869406e3,Apartamento en Cabanyal,2736688,Begoña,POBLATS MARITIMS,CABANYAL-CANYAMELAR,39.47285171273569,-0.32848745584487915,Entire home/apt,121,4,1,2023-01-03,0.06,3,74,0,NA
788234242873758300,Nice Apartment with terrace near beach,203538820,Paolo,POBLATS MARITIMS,CABANYAL-CANYAMELAR,39.4697076,-0.3306945,Entire home/apt,203,2,7,2024-04-01,0.49,5,64,5,NA
789259448412831600,Ruzafa in Love,129661611,Anaca,L'EIXAMPLE,RUSSAFA,39.4598719,-0.3706241,Entire home/apt,116,2,7,2024-05-09,0.6,1,76,7,VT-51841-V
790537158280243500,Superb apt in Plaza España!,49446247,Manolo,EXTRAMURS,ARRANCAPINS,39.46668818708811,-0.3858327493071556,Entire home/apt,130,2,9,2024-03-31,0.86,1,206,9,NA
791074359190123600,Alojame Valencia,488622111,Alexandro,QUATRE CARRERES,NA ROVELLA,39.45371066317784,-0.36472099085407905,Entire home/apt,146,2,2,2024-02-16,0.11,2,179,1,NA
791772655556228600,Sunny terrace next to the Silk Exchange and Central Market heart of Ciutat Vella,3155089,Francisco,CIUTAT VELLA,EL MERCAT,39.4747945,-0.3785875,Entire home/apt,225,1,6,2024-01-22,0.34,15,170,4,NA
794134891611382400,Precioso apartamento en 8° piso con balcón,45021212,Any,ALGIROS,L'AMISTAT,39.4728237018825,-0.34851261586277404,Entire home/apt,270,2,2,2024-04-22,0.13,2,113,1,NA
795365606938421800,"Short term rental min 1month Quiet, sunny and cozy",8429184,Daniela,CAMPANAR,SANT PAU,39.4905510980705,-0.3999694230507883,Entire home/apt,116,7,6,2024-05-26,0.76,1,327,6,NA
795452680417414700,"Flat in El Cabanyal, Valencia",5987983,Mark,POBLATS MARITIMS,CABANYAL-CANYAMELAR,39.465982925423866,-0.3304391751515459,Entire home/apt,154,3,4,2024-06-03,1.69,1,54,4,NA
796120023147190900,Studio up to 2 people. El Carmen. Valencia. TRA0,170698476,Bet,CIUTAT VELLA,EL CARME,39.48025182324031,-0.3784413609211698,Entire home/apt,157,1,0,NA,NA,36,47,0,NA
797560341106853600,5 Personas piso cerca de la playa y centro,464453369,Jose Antonio,CAMINS AL GRAU,AIORA,39.463893324852265,-0.34487315814038855,Entire home/apt,135,4,6,2023-10-15,0.4,4,137,2,NA
797571487641056400,5 personas piso cerca de la playa,464453369,Jose Antonio,CAMINS AL GRAU,LA CREU DEL GRAU,39.462249595192795,-0.3443890037243806,Entire home/apt,104,4,10,2024-05-17,0.65,4,130,7,NA
799640772836091800,Loft nuevo al lado de la ciudad Artes y Ciencias,11199504,Susana,QUATRE CARRERES,CIUTAT DE LES ARTS I DE LES CIENCIES,39.4501674,-0.3631773,Entire home/apt,105,28,4,2023-10-31,0.36,1,93,4,VT-52331-V
799805333722632400,piso de lujo ciudad de las artes,494938740,Mar,CAMINS AL GRAU,PENYA-ROJA,39.4580639,-0.3464626,Entire home/apt,170,5,7,2023-12-05,0.44,1,298,4,NA
801405659602692700,2 bedroom apt massive living room,384648424,Mariana,POBLATS MARITIMS,BETERO,39.4688876768294,-0.3373075118698228,Entire home/apt,123,15,1,2023-09-01,0.1,6,339,1,NA
802005912183379300,Serranos,83066665,SingularStays,CIUTAT VELLA,EL CARME,39.47942212994039,-0.3760057461520316,Entire home/apt,81,1,2,2024-03-16,0.19,112,331,2,NA
80353541402627e4,Apartamento cerca de la playa y del centro,66860042,Juan,ALGIROS,CIUTAT JARDI,39.47228852516519,-0.34412528706711315,Entire home/apt,16,2,9,2023-08-31,0.78,1,31,9,NA
805543094335977900,flats puente ademuz,247164293,Marcelino,CAMPANAR,CAMPANAR,39.4826905560714,-0.3922072507512892,Entire home/apt,187,1,9,2024-05-19,0.58,2,326,6,NA
805683028852750600,Precioso y luminoso piso para nómadas teletrabajo.,456098333,Claudio,CAMINS AL GRAU,PENYA-ROJA,39.46463410440654,-0.35704358134690134,Entire home/apt,65,30,9,2024-06-06,0.59,11,249,6,NA
806511417973630100,Piso a 2 minutos de la playa,137782972,Lorenzo,POBLATS MARITIMS,CABANYAL-CANYAMELAR,39.467763096274766,-0.3285360708832741,Entire home/apt,90,3,5,2024-06-17,0.32,3,226,3,NA
807097540858270800,Piso a 9 minutos de la playa,496727386,Raquel,POBLATS MARITIMS,CABANYAL-CANYAMELAR,39.46442648837552,-0.327706549671536,Entire home/apt,480,1,7,2023-07-01,0.45,1,70,1,NA
807685250252073500,Apartamento en la playa!,214440330,Alejandro,POBLATS MARITIMS,LA MALVA-ROSA,39.48401142215868,-0.3264134386230544,Entire home/apt,137,5,4,2023-08-24,0.34,29,34,4,NA
809451701530071200,Apartamento playa Malvarrosa,473276875,Servicios Y Alojamientos Valencia,POBLATS MARITIMS,LA MALVA-ROSA,39.47933249326206,-0.32671350985765457,Entire home/apt,159,2,6,2023-08-11,0.37,8,362,3,NA
809885491386023200,Fantástico apartamento a 10min andando de la playa,118065337,Raúl,ALGIROS,LA CARRASCA,39.47685696449822,-0.3348094865641573,Entire home/apt,153,4,8,2023-08-30,0.69,1,56,8,NA
810104018155381600,Sunny city-center 2 bedroom loft with fast Wi-fi,110917409,Jesús,L'EIXAMPLE,RUSSAFA,39.46487448540192,-0.3758610445282147,Entire home/apt,120,30,6,2024-05-05,0.4,6,271,3,NA
810648662339671200,Apartment in the Heart of Ruzafa,29847171,Domenico,L'EIXAMPLE,RUSSAFA,39.460296066442105,-0.3766377460327086,Entire home/apt,222,4,0,NA,NA,1,89,0,NA
810946857347303600,Apartamento playa de malvarrosa,473276875,Servicios Y Alojamientos Valencia,POBLATS MARITIMS,LA MALVA-ROSA,39.47940547037152,-0.3268063813447952,Entire home/apt,159,2,4,2023-08-19,0.29,8,362,2,NA
811119129566879500,Designer Cabanyal Apartment,8662896,Johny,POBLATS MARITIMS,CABANYAL-CANYAMELAR,39.46602053998379,-0.33392343442095296,Entire home/apt,160,14,4,2023-08-29,0.35,1,363,4,NA
812002987516021e3,Vistas al mar. Muy luminoso.Servicios. Transportes,497859824,Gisela,CAMINS AL GRAU,LA CREU DEL GRAU,39.46204670292159,-0.34741008580784216,Entire home/apt,70,28,8,2024-05-01,0.59,1,294,7,NA
812202175032926200,Apartment Valencia.,40294269,Antonio,BENIMACLET,BENIMACLET,39.48093306895459,-0.356568132958961,Entire home/apt,59,34,6,2024-06-01,0.52,2,203,6,NA
814932170747014900,Bonito apartamento. Muy Céntrico.,13155704,Ignacio,CIUTAT VELLA,EL MERCAT,39.47275284859476,-0.37987105248190345,Entire home/apt,200,7,3,2024-03-21,0.19,1,45,2,NA
815746129433151400,The Apolo Studio in Valencia Downtown,472175542,Agustín Y,CIUTAT VELLA,SANT FRANCESC,39.46937077315451,-0.3737209053376018,Entire home/apt,172,1,2,2023-06-27,0.13,3,231,1,NA
815816136477335600,Apartment Beach area Malvarrosa,473276875,Servicios Y Alojamientos Valencia,POBLATS MARITIMS,LA MALVA-ROSA,39.479400035908554,-0.32680001109838486,Entire home/apt,157,2,5,2023-06-10,0.31,8,362,0,NA
818601928192291600,Apartamento Estudio con terraza,499314941,Maritime Apartamentos,POBLATS MARITIMS,EL GRAU,39.46311,-0.33572,Entire home/apt,136,1,8,2024-06-08,0.51,11,77,3,VT-51813-V
818611048517437e3,Piso Reformado en Av del Cid,66485355,Carlos,L'OLIVERETA,LA LLUM,39.46782326255454,-0.4113564658675344,Entire home/apt,10,1,1,2023-03-04,0.06,1,90,0,NA
821337668086769500,NEW Penthouse in Downtown w/Office Space Valencia,6976863,The MM,EXTRAMURS,ARRANCAPINS,39.46696993577309,-0.3878962985453045,Entire home/apt,100,28,4,2024-05-31,0.58,8,291,4,NA
821573263562138200,"Céntrico apartamento en Valencia, fácil aparcar.",91612861,Juan,PATRAIX,PATRAIX,39.467395700278495,-0.39286691264966594,Entire home/apt,194,5,9,2024-05-21,0.62,2,250,6,VT-38313-V
822178331916505900,El Cid II,101234252,Alicia,L'OLIVERETA,SOTERNES,39.47142770150506,-0.40896924036482313,Entire home/apt,81,29,1,2023-07-29,0.09,2,121,1,NA
822233445050524200,Precioso apartamento con patio,123160301,Place Your Place,EL PLA DEL REAL,MESTALLA,39.4694,-0.35602,Entire home/apt,166,4,8,2024-04-09,0.51,51,19,3,VT-51840-V.
823834473129897600,Apartamento cerca de Ruzafa,214440330,Alejandro,QUATRE CARRERES,MONT-OLIVET,39.45865164148787,-0.3628181349182058,Entire home/apt,127,5,5,2023-08-28,0.43,29,10,5,NA
823853603293561700,Apartamento 7pax en Valencia,214440330,Alejandro,POBLATS MARITIMS,BETERO,39.471577845622946,-0.3358241693115138,Entire home/apt,127,5,3,2023-08-30,0.26,29,10,3,NA
823872636843838e3,Gran apartamento en Benimaclet,214440330,Alejandro,BENIMACLET,BENIMACLET,39.48868,-0.35844,Entire home/apt,126,7,1,2023-07-18,0.09,29,18,1,NA
824620941364897200,Apartamento a 5 minutos de la playa.,464045618,EstherLó,POBLATS MARITIMS,CABANYAL-CANYAMELAR,39.46618122173846,-0.33035072968479284,Entire home/apt,129,2,6,2023-08-20,0.5,1,128,6,NA
825957357219235600,Maravilloso ático en el centro,452486196,Marc,LA SAIDIA,MORVEDRE,39.48135100753102,-0.37550273077524393,Entire home/apt,130,1,5,2024-06-02,0.36,1,101,3,NA
827438997576441300,Apartamento 5pax en Valencia,214440330,Alejandro,JESUS,L'HORT DE SENABRE,39.45257756856041,-0.3896293509262039,Entire home/apt,101,5,6,2023-08-30,0.51,29,40,6,NA
827543619591992800,Apartamento con enorme terraza,24910925,Carmen,PATRAIX,PATRAIX,39.46165830358415,-0.38996710498799614,Entire home/apt,69,31,5,2024-03-31,0.34,11,200,3,NA
828150784629734e3,La Barraca Valenciana,94912657,Marian,CAMPANAR,SANT PAU,39.48943379529854,-0.4021443905148014,Entire home/apt,200,5,0,NA,NA,1,179,0,NA
8.2873476054637594e+17,Historic Downtown Valencia place-Monthly rental,501467897,Romina,CIUTAT VELLA,EL PILAR,39.472197945684485,-0.3833734446411506,Entire home/apt,65,28,10,2024-06-16,0.85,1,137,10,NA
829549472588239200,Beach Townhouse with terraces,758152,Maria Del Pilar,POBLATS MARITIMS,LA MALVA-ROSA,39.47990886229773,-0.3273452020125808,Entire home/apt,250,7,0,NA,NA,1,9,0,NA
830408686894081700,Piso céntrico y con encanto.,472155686,Teresa,EXTRAMURS,ARRANCAPINS,39.46306659456688,-0.3864451009163238,Entire home/apt,150,3,6,2023-09-06,0.39,1,81,4,NA
830496709884324600,Entre mer et ville,25468478,Sophie,ALGIROS,L'ILLA PERDUDA,39.46948,-0.34111,Entire home/apt,260,4,2,2023-08-20,0.18,3,21,2,NA
831685831457748400,Casa para 6p Playa y centro,464449348,Emilio,CAMINS AL GRAU,AIORA,39.46810415044239,-0.3484662271667458,Entire home/apt,257,3,0,NA,NA,2,106,0,VT-50529-V
834493278464040300,Modern beachside apartment,482597957,Reinapart,POBLATS MARITIMS,CABANYAL-CANYAMELAR,39.46897355908851,-0.32869217724609046,Entire home/apt,222,5,2,2024-01-14,0.19,6,328,2,NA
835180527394958500,Acogedor apartamento en Ruzáfa,15317117,Begoña,QUATRE CARRERES,EN CORTS,39.45757352107043,-0.37290346320923007,Entire home/apt,65,30,3,2024-04-20,0.66,1,48,3,6211020YJ2761A0038RT
835188896216590800,Modern beachside apartment,482597957,Reinapart,POBLATS MARITIMS,CABANYAL-CANYAMELAR,39.4690119562306,-0.3289186503912678,Entire home/apt,222,5,1,2023-09-25,0.11,6,296,1,NA
835194402961811500,Modern apartment by the beach- ground floor.,482597957,Reinapart,POBLATS MARITIMS,CABANYAL-CANYAMELAR,39.46897770025235,-0.3289228472213712,Entire home/apt,217,5,0,NA,NA,6,325,0,NA
835202833559022e3,Modern Apartment by the Beach - Ground Floor,482597957,Reinapart,POBLATS MARITIMS,CABANYAL-CANYAMELAR,39.46897770025235,-0.32884238095092444,Entire home/apt,183,5,1,2023-11-12,0.13,6,334,1,NA
835209699175159700,Modern apartment by the beach - Ground Floor,482597957,Reinapart,POBLATS MARITIMS,CABANYAL-CANYAMELAR,39.46896527676008,-0.32876191468047766,Entire home/apt,196,5,0,NA,NA,6,329,0,NA
837355983383044100,El Toro de Valencia,152289514,Vilem,QUATRE CARRERES,MONT-OLIVET,39.4598224,-0.3635971,Entire home/apt,97,20,3,2023-11-01,0.19,1,236,2,NA
837734039994681600,Sweet home Loft P5,137557003,Francisco,CIUTAT VELLA,EL MERCAT,39.47403393738897,-0.377676822245121,Entire home/apt,55,32,10,2024-02-29,0.81,18,227,9,NA
838125640000398800,Deluxe studio flat in C. Market,391637345,Tourism Valencia,CIUTAT VELLA,EL MERCAT,39.47240588949119,-0.3782941961474474,Entire home/apt,118,2,8,2023-08-10,0.52,17,86,6,NA
838909517774957200,Apartamento 7pax en Benimaclet,214440330,Alejandro,BENIMACLET,BENIMACLET,39.486177608827546,-0.36194800608846583,Entire home/apt,127,5,3,2023-08-13,0.26,29,21,3,NA
840364675354507600,2-Bedrooms Apartment near City ofArts&Oceanografic,501837131,Lyubov,CAMINS AL GRAU,LA CREU DEL GRAU,39.46300952546285,-0.3451224323272394,Entire home/apt,124,5,4,2024-04-28,0.35,12,22,4,NA
841118698121683100,Bajo en Ruzzafa,504116629,Eva,L'EIXAMPLE,RUSSAFA,39.4615213,-0.3765366,Entire home/apt,300,5,0,NA,NA,1,364,0,NA
842535467664298500,"Beautiful, rustic flat in the old town",46902673,Sarah,CIUTAT VELLA,EL CARME,39.4795376,-0.3775569,Entire home/apt,62,91,1,2024-04-01,0.36,1,333,1,NA
842552193440288900,2-min Beach & Metro-walk Apartment,18281982,Leslie,POBLATS MARITIMS,CABANYAL-CANYAMELAR,39.46431307732701,-0.3280107272053918,Entire home/apt,109,3,9,2023-08-30,0.71,1,31,7,NA
843422110286533100,ApartmentSuiteSpain Nuevos Playa - Universidades,50015130,Julian,POBLATS MARITIMS,CABANYAL-CANYAMELAR,39.4709694,-0.3293771,Entire home/apt,89,2,0,NA,NA,6,188,0,NA
843927843210207400,Apartamento Valencia Playa del Cabañal,458345892,Alyra,POBLATS MARITIMS,BETERO,39.47254679750546,-0.3347999136299962,Entire home/apt,90,5,3,2023-09-09,0.27,3,39,3,NA
844369493261792800,Joya en centro histórico completamente a estrenar,80837259,Beatriz,CIUTAT VELLA,EL MERCAT,39.47493899228574,-0.38093013909687745,Entire home/apt,150,7,1,2023-09-23,0.11,2,144,1,NA
8.4539858280492006e+17,ABA 6. Studio up to 3 pax in city center. Valencia.,170698476,Bet,L'OLIVERETA,NOU MOLES,39.46866913176722,-0.3914493078805009,Entire home/apt,120,1,2,2024-06-05,0.2,36,208,2,NA
845401617794429200,ABA 5. Studio up to 3 pax in city center. Valencia.,170698476,Bet,EXTRAMURS,LA PETXINA,39.470645080451035,-0.3899294589604128,Entire home/apt,159,1,2,2024-03-02,0.18,36,202,2,NA
845401687458081200,ABA 4. Studio up to 2 pax in city center. Valencia.,170698476,Bet,EXTRAMURS,LA PETXINA,39.47038,-0.39133,Entire home/apt,127,1,2,2024-04-18,0.71,36,197,2,NA
845402619007445200,ABA 1. Studio up to 4 pax in city center. Valencia.,170698476,Bet,EXTRAMURS,LA PETXINA,39.470751835316115,-0.3901919089351949,Entire home/apt,141,1,1,2024-04-21,0.48,36,187,1,NA
845402695266071800,ABA 7. Studio up to 4 pax in city center. Valencia.,170698476,Bet,EXTRAMURS,ARRANCAPINS,39.4687597529765,-0.39114179149409095,Entire home/apt,141,1,0,NA,NA,36,170,0,NA
845404621676525300,ABA 2. Studio up to 4 pax in city center. Valencia.,170698476,Bet,EXTRAMURS,ARRANCAPINS,39.468721324233584,-0.3907157285262643,Entire home/apt,159,1,1,2024-04-07,0.39,36,190,1,NA
845404690519275900,ABA 3. Studio up to 4 pax in city center. Valencia.,170698476,Bet,EXTRAMURS,LA PETXINA,39.46999300414351,-0.3916386537884747,Entire home/apt,141,1,0,NA,NA,36,170,0,NA
845440499469756700,Center 8 min by Metro,149190747,Mirela,L'OLIVERETA,SOTERNES,39.47137235735956,-0.4087941348552704,Entire home/apt,324,3,1,2024-05-20,0.88,1,344,1,NA
846134072375347300,Apartement for 4 ppl. with shared pool at Valencia,432967083,"Loic, Estelle And Co",RASCANYA,SANT LLORENS,39.49165430000001,-0.35906840000009765,Entire home/apt,113,1,0,NA,NA,1,364,0,NA
846135811723097500,Apartement for 8 ppl. with sea view and terrace,432971321,"Loic, Estelle And Co",POBLATS MARITIMS,BETERO,39.4722546,-0.3356629,Entire home/apt,800,1,2,2023-07-20,0.17,1,364,2,VT-47053-V
846886372764706600,Estudio ideal para parejas -recre_3,505330483,Favio,BENICALAP,BENICALAP,39.49411184654435,-0.3903525038090943,Entire home/apt,70,7,7,2023-09-23,0.6,15,247,7,NA
846994843579216400,Precioso ático en Valencia.,364970154,Juan,LA SAIDIA,TORMOS,39.488841957600265,-0.3820805554332189,Entire home/apt,157,1,8,2023-07-18,0.54,1,135,3,NA
847619451165446100,Valencia Apartamento Encantador,427078991,Carolina,JESUS,SANT MARCEL.LI,39.446606439151225,-0.39140772074460983,Entire home/apt,121,2,7,2024-06-05,0.5,2,136,4,NA
847748844551301200,Cerca de la playa.,5946580,Nahuel,ALGIROS,L'ILLA PERDUDA,39.47088594726776,-0.33948670793904145,Entire home/apt,118,7,3,2023-08-27,0.27,51,100,3,NA
848117577326000500,REIG 7. 1 Bedroom Apartment up to 4 people. Valencia,170698476,Bet,EL PLA DEL REAL,JAUME ROIG,39.48057570146148,-0.3607957073600826,Entire home/apt,127,1,3,2024-03-17,0.29,36,202,3,NA
848117845157338500,REIG 6. 1 Bedroom Apartment up to 4 people. Valencia,170698476,Bet,EL PLA DEL REAL,CIUTAT UNIVERSITARIA,39.48072521357463,-0.35940559219856777,Entire home/apt,127,1,0,NA,NA,36,202,0,NA
848118092280606200,REIG  5. Apartment up to 3 pax. Valencia,170698476,Bet,EL PLA DEL REAL,JAUME ROIG,39.48110586715592,-0.3609384060760557,Entire home/apt,132,1,2,2024-04-01,0.61,36,191,2,NA
848118383808545400,REIG 4. Studio for 2 pax. Valencia,170698476,Bet,EL PLA DEL REAL,CIUTAT UNIVERSITARIA,39.48090355642792,-0.3589791248695711,Entire home/apt,125,1,1,2023-09-30,0.11,36,204,1,NA
848119506097114100,REIG 3. Studio up to 3 pax. Valencia,170698476,Bet,BENIMACLET,BENIMACLET,39.48260423203162,-0.35977975336720924,Entire home/apt,147,1,1,2024-03-17,0.31,36,170,1,NA
848119776446758400,REIG 2. Studio for 2 people. Valencia,170698476,Bet,EL PLA DEL REAL,CIUTAT UNIVERSITARIA,39.48060732354397,-0.35955995133721036,Entire home/apt,141,1,2,2024-05-16,0.79,36,204,2,NA
848119947081363e3,REIG 1.Studio up to 3 pax. Valencia,170698476,Bet,BENIMACLET,BENIMACLET,39.4826572683512,-0.359018749713336,Entire home/apt,131,1,0,NA,NA,36,191,0,NA
848227423161277800,Apartamento Raquel,505627253,Raquel,POBLATS MARITIMS,CABANYAL-CANYAMELAR,39.46378028223774,-0.32875028657164185,Entire home/apt,450,1,2,2023-05-20,0.14,1,90,0,NA
848471218523980300,The Port Avenue Apartment by Florit Flats,42125633,Florit,CAMINS AL GRAU,AIORA,39.46559300666776,-0.3450956018286181,Entire home/apt,140,1,3,2023-04-12,0.19,18,268,0,VT-51663-V
848549592428737700,Estudio familiar,26451768,Anna,POBLATS MARITIMS,BETERO,39.47372647654438,-0.3355845808982849,Entire home/apt,135,1,2,2023-04-10,0.13,4,70,0,NA
849377105125398900,Estudio para pareja,26451768,Anna,POBLATS MARITIMS,BETERO,39.47265366951993,-0.3350455010072612,Entire home/apt,90,1,2,2024-03-17,0.13,4,80,1,NA
849420780886126100,Downtown Modern Flat with Patio!,6976863,The MM,EXTRAMURS,ARRANCAPINS,39.46771,-0.38923,Entire home/apt,90,28,10,2024-05-05,0.75,8,283,8,NA
849978631612419800,Loft con encanto _recre_5,505330483,Favio,BENICALAP,BENICALAP,39.492916097384395,-0.39270944477860326,Entire home/apt,69,3,8,2023-09-23,0.7,15,212,8,NA
850008289507218600,Estudio con encanto_recre_1,505330483,Favio,BENICALAP,BENICALAP,39.493028675445395,-0.39264736784023574,Entire home/apt,55,3,3,2023-08-29,0.24,15,198,2,NA
851399294949172500,Benimaclet-Valencia,347910392,Miguel Angel,BENIMACLET,CAMI DE VERA,39.49030691320692,-0.3565791629918368,Entire home/apt,90,7,3,2023-08-27,0.28,1,100,3,NA
851932908553832200,Centrico y luminoso  con vistas al rio,209510593,Carmen,CIUTAT VELLA,EL CARME,39.48126820157478,-0.3817790375947123,Entire home/apt,59,31,4,2024-05-24,0.75,1,171,4,NA
852156383199106200,Apartamento 7pax en la playa!,214440330,Alejandro,POBLATS MARITIMS,LA MALVA-ROSA,39.4808286,-0.3285178,Entire home/apt,130,5,1,2023-07-24,0.09,29,37,1,NA
853435794883299200,Apartment-Apartment-Ensuite with Shower,506686110,Red Snapper Valencia,CIUTAT VELLA,EL MERCAT,39.47447980307481,-0.37788341973630407,Entire home/apt,71,1,3,2023-09-10,0.26,1,332,3,NA
854871627592726300,Piso entre mar y ciudad,506974930,Maria,ALGIROS,L'ILLA PERDUDA,39.470811157007915,-0.3413918809509253,Entire home/apt,170,3,6,2023-08-14,0.52,2,1,6,NA
855847090943122600,Acogedor apartamento a 500m de la playa,28508575,Alicia,POBLATS MARITIMS,CABANYAL-CANYAMELAR,39.47511384435395,-0.3314827791539941,Entire home/apt,140,14,6,2024-06-03,0.52,1,308,6,NA
856548553106734200,"Nou benicalap, Palacio Congresos",210705837,Roberto,BENICALAP,BENICALAP,39.4963167534826,-0.391734279692173,Entire home/apt,167,5,3,2023-07-08,0.2,4,205,1,NA
856644656139573e3,habitación individual o piso completo,507372334,Cristina,QUATRE CARRERES,MONT-OLIVET,39.45964748850852,-0.3637409588246298,Entire home/apt,46,1,4,2024-06-09,2.86,1,132,4,NA
857048861271483300,Apartment-Apartment-Ensuite with Bath,507267072,Red Snapper,CIUTAT VELLA,EL MERCAT,39.47552287429716,-0.3782096053869974,Entire home/apt,75,1,6,2023-11-06,0.59,1,329,6,NA
857742245317942700,Padre Cabanyal,12044109,Invalencia Flats,POBLATS MARITIMS,CABANYAL-CANYAMELAR,39.468798500000005,-0.3294548423278787,Entire home/apt,191,1,6,2024-05-26,0.51,25,194,6,NA
857810106840146800,Apartamento céntrico (movilidad reducida),507579336,Furys,L'EIXAMPLE,RUSSAFA,39.463361666547115,-0.37192888715330463,Entire home/apt,220,1,0,NA,NA,2,147,0,NA
857889050953875100,El Mosaico Apartment,507627914,Giuliana,PATRAIX,PATRAIX,39.4638745,-0.3896963,Entire home/apt,153,1,3,2024-03-21,0.22,1,80,2,VT53733V
858817957978283500,"Carbonell 1, Apart D",477724353,Petra,LA SAIDIA,SANT ANTONI,39.49096586888492,-0.37452155785104846,Entire home/apt,149,1,2,2023-10-28,0.14,5,297,1,NA
859091100899915500,Apartamento en la playa,56859955,Maria Belen,POBLATS DEL SUD,EL PERELLONET,39.3053941,-0.2928442,Entire home/apt,110,6,5,2023-06-28,0.36,2,306,1,NA
859951396673391600,FV - Sweet Flat & Centric 3 rooms,306518264,Paula,ALGIROS,L'AMISTAT,39.4726376,-0.3499711,Entire home/apt,135,29,9,2024-05-16,0.68,3,287,8,NA
859967094772638300,LA E1 estudio privado,400448714,MyCO,QUATRE CARRERES,MONT-OLIVET,39.4595025605272,-0.3643721823536692,Entire home/apt,48,30,0,NA,NA,31,83,0,NA
860900785785436200,Gran apartamento en playa Malvarrosa,6167570,Isabel Y Mario,POBLATS MARITIMS,LA MALVA-ROSA,39.47544984968366,-0.3287053853273392,Entire home/apt,163,1,5,2023-08-02,0.43,4,182,5,NA
861555275785974500,"Licht en comfortabel, centraal gelegen",30090896,Chantal,QUATRE CARRERES,MONT-OLIVET,39.45708668808175,-0.3632337972521782,Entire home/apt,85,28,3,2024-05-25,0.29,2,215,3,NA
861579613853785200,Apartamento completo en Valencia,61975142,Daniel,CAMINS AL GRAU,AIORA,39.46879031176106,-0.3491071865081774,Entire home/apt,91,3,9,2024-06-08,3,1,319,9,NA
862404014753282200,New Studio near to the beach 2c,338718984,Cabañal,POBLATS MARITIMS,CABANYAL-CANYAMELAR,39.47151502918848,-0.33079611945422716,Entire home/apt,47,1,0,NA,NA,16,115,0,NA
862428418556822900,New studio near to the beach 3b,338718984,Cabañal,POBLATS MARITIMS,CABANYAL-CANYAMELAR,39.46941168245888,-0.33027854573274495,Entire home/apt,171,1,9,2024-05-31,0.75,16,356,9,VT-48752-V
8.6245536622119206e+17,Cozy Apartment near to the beach 3A,338718984,Cabañal,POBLATS MARITIMS,CABANYAL-CANYAMELAR,39.47155302217628,-0.33209977843096067,Entire home/apt,46,1,7,2024-05-02,0.62,16,346,7,NA
862710707503861800,"Rualva Flats, Convento 1 with terrace",129996041,Marcos,EXTRAMURS,LA ROQUETA,39.46464423976129,-0.3805851869487348,Entire home/apt,165,4,10,2024-06-06,0.75,8,38,9,VT-51844-V
862749605517731600,Flat with immediate and free parking,7862448,Amanda Y Arián,RASCANYA,TORREFIEL,39.4968763,-0.3736585,Entire home/apt,105,5,5,2023-09-11,0.46,1,67,5,NA
862950579099421200,Sweet apartment near the beach and downtown VLC,58760694,Michael,ALGIROS,L'AMISTAT,39.4728745,-0.3523515,Entire home/apt,195,1,5,2023-08-28,0.46,1,24,5,NA
863039875149500500,Cozy Apartment in the heart of Valencia!,6286899,Mikele,EL PLA DEL REAL,EXPOSICIO,39.474356364760595,-0.3632733864097667,Entire home/apt,250,4,8,2023-09-15,0.69,1,42,8,NA
8.6373491111988006e+17,"Assutzena 5, Apart 8",477505643,Kreft,BENICALAP,BENICALAP,39.492054409405526,-0.38982205357395383,Entire home/apt,125,1,3,2024-06-19,0.56,11,328,3,NA
864286740090214900,Design apartment Ruzafa,123160301,Place Your Place,L'EIXAMPLE,RUSSAFA,39.4603417,-0.3754791,Entire home/apt,1148,30,5,2024-06-01,0.43,51,0,5,NA
865309801178588800,"Carbonell 1, Apart C",477724353,Petra,RASCANYA,TORREFIEL,39.49239840262602,-0.37453890303970777,Entire home/apt,139,1,6,2024-01-05,0.45,5,302,3,NA
866579734207641700,Luxury apartment in Valencia,97352090,Arsan,L'OLIVERETA,NOU MOLES,39.4688026,-0.3987135,Entire home/apt,150,14,2,2024-04-14,0.22,4,85,2,NA
866593069378331900,Raiosa,125037312,Claudia,JESUS,LA RAIOSA,39.45805251278312,-0.3863836079835892,Entire home/apt,71,30,6,2024-06-02,0.47,30,167,5,NA
867076433325433100,Carcaixent,125037312,Claudia,JESUS,LA RAIOSA,39.4588118,-0.3870921,Entire home/apt,59,30,4,2024-05-03,0.36,30,119,4,NA
867189673636941600,Acogedor ático luminoso. alquiler mensual,446788206,Paco,EXTRAMURS,LA ROQUETA,39.4678692451781,-0.3789182621067367,Entire home/apt,114,1,5,2024-03-29,0.42,2,296,5,NA
867301483100836200,Sunny & spacious flat with balcony 10 mins to town,9067723,Jose,LA SAIDIA,MORVEDRE,39.48595093696157,-0.37818867969346615,Entire home/apt,65,31,3,2023-09-30,0.23,2,146,2,NA
868130698377521900,Bonito apartamento en la playa,503081435,Isabel,POBLATS MARITIMS,LA MALVA-ROSA,39.4833321,-0.3280217,Entire home/apt,150,7,4,2023-12-03,0.29,1,238,1,NA
869635930609544600,Piso grande con terraza,506974930,Maria,ALGIROS,L'ILLA PERDUDA,39.47151015473576,-0.34182002604736733,Entire home/apt,123,3,2,2023-08-27,0.19,2,51,2,NA
869720467499071500,"Sollana 18, Apart 2",477505643,Kreft,QUATRE CARRERES,NA ROVELLA,39.4525763,-0.3681015,Entire home/apt,125,1,7,2024-06-12,0.53,11,242,5,NA
870016770073003900,Blasco Beach-Cabanyal apartment,50136787,Maria Jose,POBLATS MARITIMS,BETERO,39.4702486,-0.3370118,Entire home/apt,250,7,7,2023-08-20,0.61,3,12,7,NA
870069601881765600,Zona universitaria Valencia,11350083,Juanma,CAMINS AL GRAU,AIORA,39.4686531,-0.3481377,Entire home/apt,150,2,8,2023-08-21,0.68,1,28,8,NA
870341070959563400,Piso en valencia,97257866,Roberto,ALGIROS,CIUTAT JARDI,39.47375130486101,-0.3450421172343421,Entire home/apt,102,4,4,2023-08-28,0.35,1,64,4,NA
872361623807205500,Vintage vibe at the heart of VLC,510631489,Alicia,L'EIXAMPLE,RUSSAFA,39.4616458,-0.3735142,Entire home/apt,120,28,2,2023-09-30,0.2,1,48,2,NA
872546737786814800,3-Bedrooms Apartment near City ofArts & Beach,501837131,Lyubov,CAMINS AL GRAU,LA CREU DEL GRAU,39.45919906674866,-0.34074722997881146,Entire home/apt,121,5,5,2024-03-22,0.35,12,60,4,NA
873075585217543400,Apartment with direct access to the beach,491663354,Stl Apartamentos,POBLATS DEL SUD,EL PERELLONET,39.30597704032111,-0.29097851271968267,Entire home/apt,95,1,6,2023-08-14,0.44,11,93,2,NA
873111375808967400,Les Tendetes,125037312,Claudia,CAMPANAR,LES TENDETES,39.4837501,-0.3861362,Entire home/apt,50,30,2,2024-04-26,0.39,30,136,2,NA
873980449234579100,"Pintor 31, Apart 5",477505643,Kreft,L'OLIVERETA,NOU MOLES,39.4694215,-0.3997941,Entire home/apt,125,1,7,2024-03-17,0.87,11,252,7,NA
876738919535583400,Apartamento en Avenida del Cid / Nou Moles,123160301,Place Your Place,L'OLIVERETA,NOU MOLES,39.4693754,-0.4013641,Entire home/apt,1148,30,2,2024-03-23,0.27,51,0,2,NA
8.7685057994730406e+17,Relaxing deck close to the beach,285580979,Adrian,POBLATS MARITIMS,BETERO,39.475409312210466,-0.33473122601418176,Entire home/apt,124,4,6,2023-08-29,0.5,2,24,6,NA
877356854869226600,Apartamento confortable y luminoso,20594030,María,ALGIROS,LA VEGA BAIXA,39.47794,-0.35263,Entire home/apt,230,2,9,2024-03-31,0.82,1,94,9,NA
8.7743430152504794e+17,Ático con terraza y altillo,3377963,Alicia,EXTRAMURS,LA PETXINA,39.473561,-0.3884606,Entire home/apt,160,4,6,2024-05-06,0.52,2,54,6,NA
878727149149330200,Valencia&Roll apartment,393585645,Fernando,ALGIROS,CIUTAT JARDI,39.474188158305935,-0.3451436385512352,Entire home/apt,350,4,3,2023-08-26,0.28,1,25,3,NA
878819696567928800,The Green Apartment I by Florit Flats,454992347,Cano Florit,L'OLIVERETA,NOU MOLES,39.47292962901109,-0.3968107583916403,Entire home/apt,194,1,1,2023-12-22,0.16,18,163,1,VT-52407-V
878820160299826e3,The Green Apartment Ii by Florit Flats,454992347,Cano Florit,L'OLIVERETA,NOU MOLES,39.47136911078382,-0.39746748059731946,Entire home/apt,162,1,2,2023-05-13,0.14,18,173,0,VT-54004-V
878820294284583e3,The Green Apartment Iii by Florit Flats,454992347,Cano Florit,L'OLIVERETA,NOU MOLES,39.4713768725431,-0.3959733707803425,Entire home/apt,162,1,2,2023-05-28,0.14,18,174,0,VT-54005-V
878820494292655100,The Green Apartment Iv by Florit Flats,454992347,Cano Florit,L'OLIVERETA,NOU MOLES,39.47319839715081,-0.39713736625440954,Entire home/apt,166,1,3,2023-10-23,0.22,18,178,2,VT-54006-V
878820905822692500,The Green Apartment V by Florit Flats,454992347,Cano Florit,L'OLIVERETA,NOU MOLES,39.47145647972051,-0.3977683768210202,Entire home/apt,177,1,1,2023-05-13,0.07,18,175,0,VT-54007-V
879030207490918100,"Espacioso, céntrico y agradable",475268712,Marieta,QUATRE CARRERES,MONT-OLIVET,39.45697,-0.3677,Entire home/apt,111,3,2,2023-10-15,0.19,1,331,2,NA
879411426399734900,Miracle,83066665,SingularStays,CIUTAT VELLA,LA SEU,39.473986725648665,-0.3769856659902798,Entire home/apt,95,1,1,2024-06-04,1,112,243,1,NA
880531563324852200,Ca Reina,30101735,Valentina,POBLATS MARITIMS,CABANYAL-CANYAMELAR,39.472459119152,-0.3271664822155959,Entire home/apt,58,28,5,2024-04-19,0.49,3,106,5,NA
881149833699424400,Fantástico Apartamento con Vistas para Temporada.,23071733,Joan,CAMINS AL GRAU,PENYA-ROJA,39.45554167129202,-0.3428793277829488,Entire home/apt,86,21,9,2024-06-03,0.69,10,84,8,NA
881172070236728300,Industrial Style Ruzafa,123160301,Place Your Place,QUATRE CARRERES,MONT-OLIVET,39.4586449,-0.3685462,Entire home/apt,109,5,3,2023-10-28,0.23,51,44,1,VT-52438-V
882307612941192600,Loft practico y cómodo -recre_4,505330483,Favio,BENICALAP,BENICALAP,39.49317,-0.39324,Entire home/apt,55,3,8,2023-09-30,0.71,15,188,8,NA
882355474074504300,Cozy House Valencia (Mestalla),132274452,Alejandra,ALGIROS,L'AMISTAT,39.47257558521779,-0.35241722075037857,Entire home/apt,45,32,4,2024-04-20,0.47,2,192,4,NA
882534661803617e3,Bonito apartamento bien ubicado.,452485724,Cindy,POBLATS MARITIMS,EL GRAU,39.45820266533821,-0.3375320631168672,Entire home/apt,102,2,9,2023-08-24,0.73,1,58,8,NA
883766560803826300,Tranquilidad frente al mar,39020897,Maria,POBLATS DEL SUD,EL PERELLONET,39.29859580188611,-0.2894419805693872,Entire home/apt,150,5,2,2023-06-18,0.15,1,199,0,NA
883831559419608400,Fishing Charter,474510409,Jorge,POBLATS MARITIMS,EL GRAU,39.428411320478624,-0.3330762114676246,Entire home/apt,1200,1,0,NA,NA,1,364,0,NA
883987747826017900,Penthouse-Apartment-Ensuite with Shower,513127788,Bernd,CIUTAT VELLA,EL CARME,39.47951,-0.37496,Entire home/apt,108,1,5,2024-05-18,0.39,1,325,4,NA
884156473125191e3,3-Bedrooms Apartment nearCityofArts&Oceanografic,501837131,Lyubov,CAMINS AL GRAU,LA CREU DEL GRAU,39.460935575243006,-0.3452119528035739,Entire home/apt,116,5,10,2024-06-09,1.67,12,59,10,NA
884529215972155600,Apartamento céntrico y acogedor,434771578,Laura,QUATRE CARRERES,MONT-OLIVET,39.45978,-0.36242,Entire home/apt,189,1,0,NA,NA,3,363,0,NA
884529469266719e3,Apartamento céntrico para dos personas.,434771578,Laura,QUATRE CARRERES,MONT-OLIVET,39.46100661497541,-0.3618880215049386,Entire home/apt,140,2,5,2024-05-17,0.37,3,356,4,NA
884639945527924600,Apartment-office On the ground floor,154659186,Julian Ignacio,EXTRAMURS,EL BOTANIC,39.47389470249516,-0.3847976138954779,Entire home/apt,50,32,0,NA,NA,17,92,0,NA
885170508996932200,Sunny Penthouse @ Cabanyal’s Market,16524246,Cyril,POBLATS MARITIMS,CABANYAL-CANYAMELAR,39.467110847914235,-0.33276893198490143,Entire home/apt,95,28,6,2024-05-20,0.51,1,296,6,NA
885284247902394e3,Marin Beach Apartment Malvarrosa,310502571,Cristian,POBLATS MARITIMS,LA MALVA-ROSA,39.479335000000006,-0.327365,Entire home/apt,400,3,2,2023-07-16,0.17,1,110,2,NA
885552385959442600,"Alojamiento Temporal Playa Malvarrosa, Universidad",418851221,Daniela,POBLATS MARITIMS,BETERO,39.47197,-0.33533,Entire home/apt,50,30,7,2024-04-21,0.69,2,231,7,NA
885961609747532e3,Apartamento en Valencia Ciudad de Las Ciencias,154659186,Julian Ignacio,QUATRE CARRERES,CIUTAT DE LES ARTS I DE LES CIENCIES,39.45676616348166,-0.3593007906029504,Entire home/apt,65,32,5,2024-04-15,0.53,17,47,5,NA
886150647876068400,Estudio individual con cocina,465692074,Ute Residencial Universitaria,CAMINS AL GRAU,ALBORS,39.4658319,-0.3519277,Entire home/apt,45,28,1,2023-09-01,0.1,11,45,1,NA
886234688799524e3,Casa Art Decó,14523688,Carmen,CIUTAT VELLA,EL MERCAT,39.471931901380984,-0.3772091120481491,Entire home/apt,225,3,7,2024-04-04,0.65,2,64,7,NA
886284394607387300,Piso con encanto y practico _Aguilar,505330483,Favio,CAMINS AL GRAU,AIORA,39.464349500244886,-0.34205040848103085,Entire home/apt,140,7,0,NA,NA,15,7,0,NA
886704423273775500,Acogedor loft ideal para parejas recre_9,505330483,Favio,BENICALAP,BENICALAP,39.49433375303918,-0.39076666011490846,Entire home/apt,40,7,3,2023-10-01,0.25,15,201,3,NA
88680590526968e4,TheUrbanFlat,513739963,Susana,CAMINS AL GRAU,AIORA,39.4662457,-0.3470914,Entire home/apt,194,3,2,2023-08-22,0.18,1,27,2,NA
886840527458001900,Nice for nomads 3 bdrm apartment. Monthly Rental,513750786,Ana María,QUATRE CARRERES,MONT-OLIVET,39.45944533603754,-0.3652917802729145,Entire home/apt,154,1,6,2024-03-15,0.52,1,322,6,NA
886865235523285800,Apartamento en Benimaclet 6 pax,214440330,Alejandro,BENIMACLET,BENIMACLET,39.4835846,-0.3594798,Entire home/apt,139,5,4,2023-08-29,0.34,29,16,4,NA
886895755733181400,Sueca,125037312,Claudia,L'EIXAMPLE,RUSSAFA,39.4619378,-0.3756286,Entire home/apt,65,30,2,2024-01-03,0.2,30,42,2,NA
887351097580373e3,"Ruzafa L, Beautiful  apartment with patio",367530379,John,L'EIXAMPLE,RUSSAFA,39.4612721,-0.3754423,Entire home/apt,95,31,5,2024-05-12,0.47,2,188,5,NA
887712713226259100,TwinFlats 2,184195335,Maria,EXTRAMURS,ARRANCAPINS,39.46499951388804,-0.3858530665310369,Entire home/apt,238,2,5,2024-05-19,0.5,2,329,5,NA
88784288733152e4,2-Bedrooms Apartment in the best area,513997824,Yana,CAMINS AL GRAU,LA CREU DEL GRAU,39.46122,-0.34743,Entire home/apt,151,5,3,2023-05-25,0.22,8,42,0,NA
888260145267230300,"Ruzafa R, Appartement met patio op begane grond",367530379,John,L'EIXAMPLE,RUSSAFA,39.4612721,-0.3754423,Entire home/apt,95,31,6,2024-04-13,0.55,2,283,6,NA
888917627369609700,Estudio individual con cocina,465692074,Ute Residencial Universitaria,CAMINS AL GRAU,ALBORS,39.4658319,-0.3519277,Entire home/apt,45,28,2,2024-04-15,0.2,11,49,2,NA
888928004216837500,Estudio individual con cocina,465692074,Ute Residencial Universitaria,CAMINS AL GRAU,ALBORS,39.4658319,-0.3519277,Entire home/apt,45,28,0,NA,NA,11,61,0,NA
889260973042371e3,Style 3-bd apt city sunset view!,514317264,Katerina,QUATRE CARRERES,LA FONTETA S.LLUIS,39.44749642819924,-0.36822337145647693,Entire home/apt,190,28,5,2023-09-18,0.41,2,179,4,NA
890394828993700500,Sweat Apartment on the Beach,514531557,Raya,POBLATS MARITIMS,LA MALVA-ROSA,39.48033,-0.32784,Entire home/apt,260,1,5,2023-08-31,0.46,1,361,5,NA
890509790257150700,Apartamento Valencia. Cerca centro ciudad y playa.,79516682,Lourdes,CAMINS AL GRAU,ALBORS,39.46939161576179,-0.350935198366642,Entire home/apt,144,4,1,2023-08-15,0.1,2,34,1,NA
890858704354495600,Vista a la piscina y la hípica,51132582,Johnny,LA SAIDIA,TRINITAT,39.48412,-0.36539,Entire home/apt,200,3,9,2023-08-21,0.77,1,162,9,NA
891151421307138e3,Coqueto apartamento en el centro,214087309,David,EXTRAMURS,ARRANCAPINS,39.46731144994352,-0.3848765417933464,Entire home/apt,106,28,8,2024-04-24,0.61,10,28,7,NA
891348469795051800,Casa Mediterranea en Valencia,7617037,Paloma,POBLATS DEL NORD,CARPESA,39.5050238,-0.3762411,Entire home/apt,320,2,1,2023-12-30,0.17,1,172,1,NA
893378526634112500,Excelente ubicación para Verano!,5946580,Nahuel,ALGIROS,L'AMISTAT,39.47027293861976,-0.35032715114716734,Entire home/apt,95,4,3,2023-09-01,0.27,51,61,3,NA
893410116933369200,Moderno y espacioso piso!,5946580,Nahuel,BENIMACLET,CAMI DE VERA,39.48893,-0.35728,Entire home/apt,109,4,7,2023-08-24,0.59,51,63,7,NA
893899580936445600,dama ibérica III,95084340,Amparo,BENICALAP,BENICALAP,39.4920003,-0.3948722,Entire home/apt,101,3,3,2023-08-31,0.24,2,188,2,NA
894025275178438900,GuestReady - Valencia Bliss near Malvarrosa Beach,514517480,GuestReady,QUATRE CARRERES,MALILLA,39.45572,-0.37865,Entire home/apt,90,1,4,2024-05-21,0.37,1,357,4,NA
894212154736088300,Casa Rosario appartement proche plage luxe,30518189,Lorraine,POBLATS MARITIMS,CABANYAL-CANYAMELAR,39.46517,-0.33113,Entire home/apt,176,6,7,2024-06-08,0.56,1,33,5,NA
894578965354870500,Piso muy centrico.,5946580,Nahuel,CIUTAT VELLA,SANT FRANCESC,39.469479100788554,-0.37722329742745586,Entire home/apt,128,4,1,2023-08-17,0.1,51,99,1,NA
894580429050419200,Luminoso y espacioso,5946580,Nahuel,CAMINS AL GRAU,AIORA,39.46790329568787,-0.34729773593709046,Entire home/apt,106,4,6,2023-08-21,0.51,51,172,6,NA
895344410049478e3,Charming Abode,21627822,Marcos,POBLATS MARITIMS,CABANYAL-CANYAMELAR,39.46742269123712,-0.3261055093200982,Entire home/apt,180,5,9,2024-06-07,0.78,1,259,9,NA
895612520757700100,Apartamento cómodo y espacioso,175663560,Jose Fco,JESUS,SANT MARCEL.LI,39.4433654,-0.3924166,Entire home/apt,125,2,10,2023-12-03,0.77,1,328,6,NA
896338416899731e3,Moderno Loft con Piscina y Parking,174393126,María,PATRAIX,VARA DE QUART,39.46229979462463,-0.4128629224113832,Entire home/apt,135,6,1,2023-08-04,0.09,2,66,1,NA
896720323956062800,Apartamento en el centro,38544588,Aleksandra,EXTRAMURS,EL BOTANIC,39.473370080860825,-0.38606396452133984,Entire home/apt,116,40,7,2023-09-21,0.62,1,62,7,NA
896809569186672600,Estudio individual con cocina,465692074,Ute Residencial Universitaria,CAMINS AL GRAU,ALBORS,39.4658319,-0.3519277,Entire home/apt,45,28,3,2024-04-20,0.27,11,38,3,NA
897589594969512300,Bright & Nice close to the beach. Seasonal rent,516127294,Ana,POBLATS MARITIMS,CABANYAL-CANYAMELAR,39.47163564908488,-0.32887011896335905,Entire home/apt,114,1,9,2024-05-25,0.78,2,263,9,NA
897748796642067200,"Apartamento playa Malvarrosa, barrio Cabanyal",45799394,Ana,POBLATS MARITIMS,CABANYAL-CANYAMELAR,39.4742734,-0.3298593,Entire home/apt,180,3,6,2023-08-27,0.51,2,37,6,NA
898667627754368400,Our Stylish Apartment 2 for long stays,4096931,Jose,L'EIXAMPLE,RUSSAFA,39.463773813314056,-0.36990194100036566,Entire home/apt,100,28,6,2024-06-05,0.72,7,199,6,NA
899044766446309500,Precioso Loft junto a los Jardines del Río Turia!,432981976,Joan,L'OLIVERETA,NOU MOLES,39.470801287861256,-0.40155934456304465,Entire home/apt,92,1,10,2024-06-14,0.88,21,190,10,NA
899192507939870300,Luz y diseño en Ruzafa,4738718,Gabriel Adrian,L'EIXAMPLE,RUSSAFA,39.46115,-0.3734,Entire home/apt,97,20,4,2024-05-18,0.55,1,78,4,NA
899281734092597400,Agradable apartamento lado playa,507843976,Maximo,ALGIROS,L'AMISTAT,39.47252069622659,-0.34916620143113763,Entire home/apt,320,7,1,2024-05-16,0.77,13,365,1,NA
899654475199872600,Piso bonito cerca de la playa,5946580,Nahuel,POBLATS MARITIMS,CABANYAL-CANYAMELAR,39.46514,-0.32991,Entire home/apt,120,4,1,2023-08-09,0.09,51,105,1,NA
899920487421909900,12 huéspedes playa malvarrosa 6 minutos andando,109490685,Maria Jose,POBLATS MARITIMS,LA MALVA-ROSA,39.47775933055811,-0.3280928358435631,Entire home/apt,336,3,0,NA,NA,4,68,0,NA
900143991830003600,"Vintage,spacious, great location",14144350,Maria,CIUTAT VELLA,EL CARME,39.47611,-0.38399,Entire home/apt,72,30,3,2024-05-17,0.3,2,358,3,NA
901353175728398800,Sol de Llevant - Cabanyal,55778756,Miguel,POBLATS MARITIMS,CABANYAL-CANYAMELAR,39.4723526,-0.3262759,Entire home/apt,62,60,2,2024-05-31,0.32,1,145,2,ALQUILER MÍNIMO DE 2 MESES. NO ES ALQUILER TURÍSTICO
901870696688505500,Loft de lujo a estrenar ( Apartamento n.2),154578593,Antonio,CAMINS AL GRAU,AIORA,39.4677190847347,-0.3485037699857329,Entire home/apt,117,1,7,2024-05-10,0.61,2,102,7,VT-51967-V
901884303600709400,"Spacious. bright,great for nomads.",517094310,Judit,L'EIXAMPLE,RUSSAFA,39.45961,-0.37339,Entire home/apt,144,1,5,2024-01-05,0.46,1,48,5,NA
902232330966265e3,"Carbonell 1, Apart B",477724353,Petra,LA SAIDIA,TORMOS,39.4913504,-0.375653,Entire home/apt,130,1,3,2023-11-29,0.24,5,284,2,NA
902576412431975e3,"Estudio con baño, sofácama, balcón privado",517282184,Noelia,EXTRAMURS,LA PETXINA,39.47365624245888,-0.3905650044888395,Entire home/apt,153,7,5,2023-08-28,0.45,3,63,5,NA
902737596827228500,Amazing flat with terrace,500202925,Laura,ALGIROS,CIUTAT JARDI,39.472647201836246,-0.34380600091205443,Entire home/apt,104,1,6,2023-12-03,0.47,2,176,4,NA
902751199024293600,Near River Park in Valencia,101962696,Esperanza,L'OLIVERETA,NOU MOLES,39.47346,-0.39608,Entire home/apt,44,31,1,2023-12-03,0.15,1,164,1,NA
902829279987199700,"Apartamento 8 pax, Sauna, Wifi, AC, cerca de Playa",486015813,Carlos,POBLATS MARITIMS,CABANYAL-CANYAMELAR,39.463253321439474,-0.3338298068308117,Entire home/apt,273,4,8,2024-06-04,0.63,3,48,6,VT-50528-V
90286872629726e4,Apartamento 12pax con sauna,486015813,Carlos,POBLATS MARITIMS,CABANYAL-CANYAMELAR,39.46328668326139,-0.3321076726990961,Entire home/apt,337,4,2,2023-10-03,0.22,3,20,2,NA
902899168877660400,"Magnífica vivienda, en la playa.",517368247,Estefania,POBLATS MARITIMS,LA MALVA-ROSA,39.4760988,-0.3287631,Entire home/apt,200,4,5,2023-08-20,0.42,1,29,5,NA
903336078815915400,Casa de playa en plena costa,118650821,Mdolores,POBLATS DEL SUD,EL PERELLONET,39.3012,-0.29303,Entire home/apt,250,28,0,NA,NA,1,358,0,NA
903398745607424100,Tranquilo y luminoso apartamento,214087309,David,BENICALAP,BENICALAP,39.48765993829529,-0.392478386444657,Entire home/apt,90,28,4,2024-04-19,0.37,10,156,4,NA
903475983178087700,Spectacular penthouse. Downtown,9181964,Maite,CIUTAT VELLA,EL MERCAT,39.47219145609956,-0.37698472489343215,Entire home/apt,280,4,9,2023-09-18,0.84,1,88,9,NA
903508301523823900,Coqueto Loft recre_6,505330483,Favio,BENICALAP,BENICALAP,39.49259,-0.39285,Entire home/apt,60,7,4,2024-06-14,0.36,15,294,4,NA
903613583874345600,Casa familiar,46702206,Emma,ALGIROS,CIUTAT JARDI,39.47367809151906,-0.344037227332592,Entire home/apt,86,1,3,2023-12-03,0.29,1,21,3,NA
904166840195318400,apartamento por meses,72009114,Ciutat Vella,RASCANYA,TORREFIEL,39.49443,-0.37792,Entire home/apt,118,7,7,2024-02-22,0.58,10,242,7,VT-51602-V
905212340052736800,Apartamento tranquilo en  playa,503568377,Marisol,POBLATS MARITIMS,CABANYAL-CANYAMELAR,39.46754,-0.33078,Entire home/apt,120,4,3,2023-09-12,0.27,2,12,3,NA
905754536210187800,Apartamento cerca de la playa.,518037771,Nicolas,POBLATS MARITIMS,NATZARET,39.4463,-0.33331,Entire home/apt,94,3,9,2024-06-08,0.76,1,209,9,NA
906249499373150800,Cómodo Apartamento con Piscina,59742883,Mauricio,PATRAIX,VARA DE QUART,39.46148677058977,-0.4135962948203087,Entire home/apt,120,5,10,2023-10-29,0.87,1,119,10,NA
906950256436076500,Gran apartamento en Valencia,214440330,Alejandro,RASCANYA,TORREFIEL,39.494400425769655,-0.37296279134909144,Entire home/apt,110,5,3,2023-08-30,0.27,29,26,3,NA
907039490867506700,GuestReady - Tranquil Haven in Canyamelar,518331880,Javier,POBLATS MARITIMS,CABANYAL-CANYAMELAR,39.466517762604006,-0.328985605421036,Entire home/apt,72,1,4,2023-12-03,0.35,3,327,4,NA
907293244194241e3,Cómodo apartamento en Valencia,274588175,Rocío,BENIMACLET,BENIMACLET,39.485357,-0.3634651,Entire home/apt,110,5,4,2023-08-21,0.36,4,80,4,NA
907308549096851200,Precioso apartamento en Valencia,274588175,Rocío,BENIMACLET,BENIMACLET,39.486955063239776,-0.3632921766516617,Entire home/apt,130,5,1,2023-07-23,0.09,4,107,1,NA
907347419220232700,Espectacular apartamento,274588175,Rocío,EL PLA DEL REAL,MESTALLA,39.474681,-0.3541787,Entire home/apt,160,5,0,NA,NA,4,69,0,NA
907582747986688800,Ubicación inmejorable,5946580,Nahuel,CIUTAT VELLA,LA SEU,39.47666,-0.37492,Entire home/apt,140,6,3,2023-08-24,0.27,51,110,3,NA
907723356686494700,"Salom 5, Apart D",518069614,Kozakevych,JESUS,LA RAIOSA,39.4576183,-0.3854686,Entire home/apt,130,1,9,2024-06-06,0.76,5,331,9,NA
907894079420323500,Ruzafa guest house,35979333,Elena,L'EIXAMPLE,RUSSAFA,39.46269,-0.3697,Entire home/apt,120,2,0,NA,NA,1,351,0,NA
9.0794218324107994e+17,Apartamento cerca de la playa,518335658,Alejandro,POBLATS MARITIMS,BETERO,39.4753232,-0.3344985,Entire home/apt,152,4,3,2023-08-24,0.28,1,36,3,NA
908277643307583900,8 personas a 6 minutos a pie a playa malvarrosa,109490685,Maria Jose,POBLATS MARITIMS,LA MALVA-ROSA,39.479812823286814,-0.3268818616479973,Entire home/apt,187,3,2,2023-09-17,0.17,4,68,2,NA
908423090015259500,Elegante planta baja con patio,24910925,Carmen,POBLATS MARITIMS,NATZARET,39.44822683698393,-0.33424748937804255,Entire home/apt,68,31,4,2024-03-06,0.35,11,0,4,NA
908632069835902700,Living in the heart of Cabanyal,59700048,Jose,POBLATS MARITIMS,CABANYAL-CANYAMELAR,39.46915424021943,-0.3293418728972723,Entire home/apt,75,2,7,2024-06-06,0.74,4,82,7,NA
908647985654160400,Beautiful apartment with terrace,290704552,Tom,L'OLIVERETA,NOU MOLES,39.47182476624778,-0.3965007193762807,Entire home/apt,63,28,7,2024-06-19,0.62,1,164,7,NA
908780907101644900,Casa Albufera junior,91972362,Marila,POBLATS DEL SUD,EL PALMAR,39.31239,-0.31663,Entire home/apt,80,2,10,2024-05-17,0.96,7,278,10,NA
908793276503939e3,casa Albufera boutique,91972362,Marila,POBLATS DEL SUD,EL PALMAR,39.31296205862971,-0.3167784467646081,Entire home/apt,93,2,4,2023-07-13,0.32,7,259,2,NA
908897830500356e3,BRAND NEW Cosy modern apartment in Valencia!,518815519,Julien,BENIMACLET,BENIMACLET,39.48848175020424,-0.3664967624718919,Entire home/apt,104,26,5,2024-05-23,0.56,1,223,5,NA
909096606612924800,unique 2-bedroom apt in Ruzafa,38264988,Paul,L'EIXAMPLE,RUSSAFA,39.46198738546512,-0.3684714809060097,Entire home/apt,170,5,0,NA,NA,1,116,0,NA
909134123475534e3,The Old Town Apartment by Florit Flats,42125633,Florit,CIUTAT VELLA,LA XEREA,39.47484605367245,-0.37225019737836634,Entire home/apt,166,1,4,2024-04-29,0.36,18,249,4,NA
909180278255006800,Casa con patio en el cabanyal,518868412,Francisco Javier,POBLATS MARITIMS,CABANYAL-CANYAMELAR,39.4724171,-0.3310092,Entire home/apt,145,3,6,2023-09-11,0.53,2,70,6,NA
909295677977103700,"Piso céntrico, 3 habitaciones y 2 baños",3425339,M. Andrea,EL PLA DEL REAL,MESTALLA,39.47514544538172,-0.35564417988757135,Entire home/apt,139,4,1,2023-08-13,0.1,4,80,1,NA
909399472874714400,Apartamento playa (Perellonet),118405664,Mireia,POBLATS DEL SUD,EL PERELLONET,39.287948311251654,-0.28232093900442123,Entire home/apt,132,2,2,2024-06-02,1.22,1,191,2,NA
909554636708917800,Apartamento Ciudad de las Artes,154659186,Julian Ignacio,QUATRE CARRERES,CIUTAT DE LES ARTS I DE LES CIENCIES,39.45601698183088,-0.3581932203495295,Entire home/apt,70,32,1,2023-08-05,0.09,17,46,1,NA
909901526695306400,Apartamento Río,149566633,M. Cruz,CAMPANAR,LES TENDETES,39.48247,-0.38423,Entire home/apt,124,32,3,2024-04-01,0.4,1,109,3,NA
909925371679976300,"Super House 200m2,4 Pax, 2 Rooms,2BTH,AC",519043517,Cool Loft,L'EIXAMPLE,RUSSAFA,39.46313,-0.37778,Entire home/apt,150,1,0,NA,NA,1,101,0,NA
910095137705770100,Bonito estudio muy bien ubicado,30328495,Nuria,QUATRE CARRERES,MONT-OLIVET,39.458352460480846,-0.3630154458746189,Entire home/apt,99,2,8,2023-09-04,0.7,1,35,8,NA
910135856084712800,3-bedrooms Apartment near CityofArts &Oceanografic,501837131,Lyubov,CAMINS AL GRAU,LA CREU DEL GRAU,39.46097702054782,-0.3453978281028376,Entire home/apt,116,5,10,2024-06-03,0.8,12,70,8,NA
910594394328359400,"Salom 5, Apart E",518069614,Kozakevych,JESUS,LA RAIOSA,39.45722397630697,-0.3863999538523071,Entire home/apt,130,1,3,2024-04-21,0.31,5,255,3,NA
910625497243818100,3 bedroom in Malva-Rosa,519197871,Alina,POBLATS MARITIMS,LA MALVA-ROSA,39.4808618,-0.3287854,Entire home/apt,47,15,0,NA,NA,3,146,0,NA
910704557974876900,"Home, Sweet Home",85161066,Vita,CAMINS AL GRAU,ALBORS,39.4673225269867,-0.35504337368011507,Entire home/apt,103,8,4,2023-09-02,0.35,2,13,4,NA
910840197734321e3,Deluxe Home Valencia,112777619,Cutulescu,QUATRE CARRERES,LA PUNTA,39.43063269890007,-0.3426587613769505,Entire home/apt,450,1,0,NA,NA,1,365,0,NA
911679982304513e3,Apartamento amplio en Valencia,171833623,Salvador,L'OLIVERETA,NOU MOLES,39.47124183761088,-0.39353448116362816,Entire home/apt,141,4,1,2023-11-07,0.13,1,45,1,NA
911739427094158100,"Salom 5, Apart A",518069614,Kozakevych,JESUS,LA RAIOSA,39.458862943293006,-0.38654360392395026,Entire home/apt,130,1,7,2024-05-12,0.61,5,328,7,NA
912186572570322e3,Apartamento Superior Citizentral,400264625,Citizentral,CIUTAT VELLA,SANT FRANCESC,39.47168642394831,-0.37517920345215694,Entire home/apt,220,2,8,2024-06-04,0.98,4,275,8,NA
912200435504878500,-Aguamarina.,12055632,Isidro,POBLATS MARITIMS,CABANYAL-CANYAMELAR,39.46736,-0.3263,Entire home/apt,80,31,5,2024-03-21,0.49,4,249,5,NA
912286299262445e3,Tourist Apartment Lux Center,519611891,Tehmine,BENICALAP,BENICALAP,39.4915783290077,-0.3835197127877853,Entire home/apt,183,1,1,2023-07-14,0.09,2,303,1,NA
912340248315577500,Apartamento cerca de la playa,519630480,Raquel,POBLATS MARITIMS,CABANYAL-CANYAMELAR,39.4639667,-0.3287245,Entire home/apt,360,1,0,NA,NA,1,70,0,NA
912805249631593500,Buenos Aires 21 · Ba 21 Green-Ruzafa Center,12044109,Invalencia Flats,L'EIXAMPLE,RUSSAFA,39.4613888,-0.3768769,Entire home/apt,119,1,0,NA,NA,25,117,0,NA
912817605362719600,LUMEN MARE by SH,224474491,Lumen Mare,CAMINS AL GRAU,AIORA,39.46599,-0.3378,Entire home/apt,140,1,1,2024-04-21,0.47,1,176,1,NA
912823724464765800,La luna de Valencia (terraza),498052487,Gabriel,LA SAIDIA,SANT ANTONI,39.4867681,-0.3751665,Entire home/apt,87,5,9,2023-08-28,0.73,1,102,8,NA
912858608917094100,Apartamento Plus Citizentral,400264625,Citizentral,CIUTAT VELLA,LA SEU,39.4769,-0.37691,Entire home/apt,189,1,0,NA,NA,4,234,0,NA
912868172955906200,4 bedroom flat near beach,14505249,Sophie,POBLATS MARITIMS,CABANYAL-CANYAMELAR,39.47349287745786,-0.33365605196340414,Entire home/apt,140,7,2,2023-07-22,0.17,9,55,2,NA
912884162068786300,5 bedroom flat near amenities,14505249,Sophie,ALGIROS,CIUTAT JARDI,39.47223745553216,-0.34780819393932405,Entire home/apt,120,7,2,2023-08-31,0.18,9,55,2,NA
912953562199187200,Acogedor estudio con gran balcón,1475373,Marta,PATRAIX,PATRAIX,39.45955,-0.38943,Entire home/apt,78,7,9,2024-06-03,1.48,9,96,9,NA
912967452101779100,The tiny garden house,62519211,Lena,POBLATS DEL SUD,CASTELLAR-L'OLIVERAL,39.43178,-0.36422,Entire home/apt,45,28,4,2024-05-26,0.51,1,80,4,NA
912972698650947600,"Exclusivo Ático en Beteró, Valencia",486725094,Isakiwo,POBLATS MARITIMS,BETERO,39.47233,-0.33707,Entire home/apt,168,5,1,2023-08-20,0.1,2,45,1,NA
912983749939753200,Apartamento 6pax en Rascaña,214440330,Alejandro,RASCANYA,ELS ORRIOLS,39.4930013,-0.3718257,Entire home/apt,88,5,0,NA,NA,29,41,0,NA
913008025951828e3,Amplio apartamento en Valencia,214440330,Alejandro,BENICALAP,BENICALAP,39.493088582554655,-0.3840541284790217,Entire home/apt,86,5,3,2023-08-30,0.26,29,32,3,NA
913451206626974300,Seven bedroom spacious flat,14505249,Sophie,ALGIROS,LA VEGA BAIXA,39.47543260054608,-0.34869433286147916,Entire home/apt,155,7,0,NA,NA,9,39,0,NA
913453038446871700,"Typische VLC-Wohnung Nähe Strand, Zentrum, Uni",27900320,Daniel,CAMINS AL GRAU,AIORA,39.46551497403161,-0.34199440965492167,Entire home/apt,122,5,2,2023-08-17,0.18,2,14,2,NA
913460685589006700,Five bedroom cosy flat,14505249,Sophie,ALGIROS,CIUTAT JARDI,39.47261826078187,-0.3455621847712601,Entire home/apt,110,7,0,NA,NA,9,52,0,NA
913582915511396100,Arena,83066665,SingularStays,QUATRE CARRERES,CIUTAT DE LES ARTS I DE LES CIENCIES,39.44906322293178,-0.36389072725218896,Entire home/apt,91,1,2,2023-12-23,0.19,112,316,2,NA
913628081374004500,Bien ubicado y comunicado.,115382493,Carlos,BENIMACLET,BENIMACLET,39.4838169,-0.3608908,Entire home/apt,96,4,2,2023-08-22,0.18,2,37,2,NA
913912983131670800,"Salom 5, Apart В",518069614,Kozakevych,JESUS,LA RAIOSA,39.45673,-0.38527,Entire home/apt,130,1,3,2024-01-05,0.45,5,339,3,NA
914137046998167400,Piso familiar,5946580,Nahuel,ALGIROS,L'AMISTAT,39.47481076607859,-0.35259101476816324,Entire home/apt,150,5,1,2023-08-08,0.09,51,28,1,NA
914152193917458e3,Buena zona y transporte publico.,5946580,Nahuel,ALGIROS,L'AMISTAT,39.473989480154906,-0.35275811520657213,Entire home/apt,120,5,5,2023-08-31,0.44,51,93,5,NA
914234531611228e3,Authentieke charme en modern comfort,154048802,René,POBLATS MARITIMS,CABANYAL-CANYAMELAR,39.47043,-0.33172,Entire home/apt,206,5,7,2023-08-28,0.61,30,15,7,NA
914239671620298900,Almar Collection Belmar 1. sunny + terrace,500117969,Tamara,EXTRAMURS,ARRANCAPINS,39.4648298,-0.3882079,Entire home/apt,217,3,3,2023-08-20,0.28,8,341,3,NA
914424190438440300,Tranvía a la Playa Malvarrosa,519925733,Isabel,BENIMACLET,BENIMACLET,39.4863436,-0.3659345,Entire home/apt,165,3,2,2023-07-07,0.17,1,13,2,NA
914928535980047400,Piso con vistas al Mercado Central.,173322908,Thierry,CIUTAT VELLA,EL MERCAT,39.47396998972726,-0.3788415876171381,Entire home/apt,120,30,0,NA,NA,1,269,0,NA
915091281625890400,Vivienda amplia bien ubicada.,115382493,Carlos,CAMINS AL GRAU,AIORA,39.46826,-0.34888,Entire home/apt,119,4,3,2023-08-23,0.26,2,8,3,NA
915203561978958700,Flat in the El Cabanyal district,154048802,René,POBLATS MARITIMS,CABANYAL-CANYAMELAR,39.46782,-0.32926,Entire home/apt,129,5,4,2023-08-24,0.34,30,41,4,NA
915763513604987100,Apartamento centro valencia Wifi,465324815,Elodie,L'EIXAMPLE,RUSSAFA,39.460263140633074,-0.37370841194237,Entire home/apt,105,5,0,NA,NA,28,318,0,NA
915815577576676700,Apartamento 200 metros de la Playa,12347853,Jesús,POBLATS MARITIMS,LA MALVA-ROSA,39.48064,-0.3278,Entire home/apt,150,5,4,2023-08-23,0.35,1,172,4,NA
915943957213146500,Casa completa en la playa,480346360,Quique,POBLATS DEL SUD,EL PERELLONET,39.30747,-0.29792,Entire home/apt,180,1,1,2023-07-14,0.09,1,303,1,NA
916061927867084500,Excellent very bright Apartment with Special Charm,222887560,Ruth,POBLATS DEL SUD,LA TORRE,39.43099881525281,-0.3914632490675565,Entire home/apt,111,3,8,2024-03-29,0.95,1,15,8,NA
916500207176150500,Familia Amor Valencia,520633277,Juan Carlos,PATRAIX,VARA DE QUART,39.458881,-0.4021483,Entire home/apt,66,28,3,2024-06-16,0.36,1,33,3,NA
916504716057166100,La casa del músico,2917159,Javier,POBLATS MARITIMS,EL GRAU,39.461554329527054,-0.33195454627275467,Entire home/apt,122,2,0,NA,NA,1,111,0,NA
916552227638582100,Apartamento Mercado Central.,405937764,Konstantin,CIUTAT VELLA,EL MERCAT,39.4752712094652,-0.37871855705220175,Entire home/apt,229,2,0,NA,NA,1,116,0,NA
916647372812382e3,Loft Albufera,91972362,Marila,POBLATS DEL SUD,EL PALMAR,39.31134,-0.31805,Entire home/apt,160,2,4,2024-03-30,0.35,7,320,4,NA
917203737292454400,Executive STYLE  near DownTwon,44450805,Sergio,EL PLA DEL REAL,EXPOSICIO,39.4773494,-0.3631709,Entire home/apt,100,4,6,2024-04-28,0.5,29,16,6,NA
917342979794796900,Charming and Bright for Nomads,86547136,Aranzazu,QUATRE CARRERES,MONT-OLIVET,39.458798818809306,-0.36155357797791937,Entire home/apt,121,1,6,2024-04-22,0.57,1,109,6,NA
917422401378142800,Cosy flat ruzafa with terrace,6257514,Hubert,L'EIXAMPLE,RUSSAFA,39.46226176391879,-0.36980051547288895,Entire home/apt,119,5,2,2024-06-16,1.07,1,32,2,NA
917477453042604400,Loft close To Ruzafa (SOHO),44450805,Sergio,QUATRE CARRERES,MALILLA,39.4533795519726,-0.37369233759147014,Entire home/apt,106,4,1,2023-09-12,0.1,29,100,1,VT/50826/V
917793120448571600,Loft 2 habitaciones cerca de la playa,407058901,Flats,POBLATS MARITIMS,CABANYAL-CANYAMELAR,39.46958938541932,-0.32751761847566657,Entire home/apt,134,2,7,2024-04-29,0.66,4,13,7,VT-54030-V
918251200151078500,Spacious Cortes Valencianas balconies pool and gym,391856951,Vlc.Lovelyplaces,CAMPANAR,SANT PAU,39.49009813541474,-0.4004493717834776,Entire home/apt,183,30,1,2023-08-21,0.1,6,221,1,NA
918507680899693200,Estupendo Piso en Benimaclet!,403404134,Osuvija,BENIMACLET,BENIMACLET,39.48563687026129,-0.36065374450805904,Entire home/apt,128,14,0,NA,NA,3,60,0,NA
918507922156218100,Piso luminoso en Benimaclet,403404134,Osuvija,EL PLA DEL REAL,JAUME ROIG,39.483416796293334,-0.3624374262790662,Entire home/apt,130,2,7,2023-08-15,0.6,3,55,7,ESB12570172
918596964530416100,Apartamento Moderno Centrico. Desayuno incluido.,419485858,Camila,CAMPANAR,LES TENDETES,39.4815037682004,-0.3831640954717628,Entire home/apt,150,2,3,2024-03-17,0.75,2,47,3,NA
918693139033638100,El Pisito de Chelini.Wifi,521207775,Consuelo,QUATRE CARRERES,EN CORTS,39.45444706646854,-0.371597885543524,Entire home/apt,56,30,3,2024-01-09,0.3,1,323,3,NA
918727733916664300,Design & Stylish House in the Center of Valencia,44450805,Sergio,EXTRAMURS,EL BOTANIC,39.4745388,-0.3870116,Entire home/apt,139,4,8,2024-04-16,0.67,29,104,8,VT/51573/V
919171410738997200,Increíble ático en el centro.Alquiler de temporada,19595014,Rafa,EXTRAMURS,EL BOTANIC,39.47126700791693,-0.3848763493747572,Entire home/apt,59,32,5,2024-06-08,0.48,1,232,5,NA
919311273460860900,Apartamento Ruzafa.,154659186,Julian Ignacio,L'EIXAMPLE,RUSSAFA,39.46203686184196,-0.3753822578697604,Entire home/apt,50,40,0,NA,NA,17,99,0,NA
919445829910008600,Apartamento ciencias y playa,283554346,Natalia,CAMINS AL GRAU,AIORA,39.46440250662238,-0.33937522295101386,Entire home/apt,110,1,1,2023-12-10,0.15,1,46,1,42156V
919586919434297300,Royal Art-deco Turia apt,514317264,Katerina,CAMINS AL GRAU,CAMI FONDO,39.46626,-0.35677,Entire home/apt,146,10,2,2024-06-08,1.4,2,164,2,NA
920034930272607600,Charming attic for nomads Ruzafa. Monthly rent,170388125,Patxi,EXTRAMURS,ARRANCAPINS,39.46293239371414,-0.378374188248458,Entire home/apt,94,1,3,2024-01-11,0.27,2,336,3,NA
920753457943198100,Perfect cosy home in Valencia,8007293,Alexandr,EXTRAMURS,ARRANCAPINS,39.46264962918181,-0.3868486359715462,Entire home/apt,140,1,1,2023-07-09,0.09,3,94,1,NA
920836604424923800,Colorful loft by Turia River,24910925,Carmen,LA SAIDIA,MORVEDRE,39.4832182,-0.3771414,Entire home/apt,54,31,2,2023-11-30,0.22,11,145,2,NA
920841381236343200,Piso con encanto,28182890,Bianca,PATRAIX,PATRAIX,39.46318,-0.39636,Entire home/apt,97,2,1,2024-03-18,0.31,1,66,1,NA
920925785988533800,Piso a tres minutos de la playa,277206375,Monica,POBLATS MARITIMS,CABANYAL-CANYAMELAR,39.46832600031398,-0.33093962072170896,Entire home/apt,100,1,0,NA,NA,1,54,0,9719608YJ2791H0004AO
922220682342419800,Apartamento a 2min de la playa,448234336,Oscar,POBLATS MARITIMS,LA MALVA-ROSA,39.48205,-0.32937,Entire home/apt,145,3,6,2024-05-14,0.55,3,218,6,NA
922319734840813800,Maravilloso piso de playa,175465493,Alicia,POBLATS MARITIMS,LA MALVA-ROSA,39.48353242930198,-0.32798755913972855,Entire home/apt,147,1,3,2023-09-03,0.3,1,14,3,NA
922483078848880400,piso acogedor,20512920,Floren,L'EIXAMPLE,RUSSAFA,39.46359922641236,-0.3743072971701622,Entire home/apt,130,2,7,2024-05-19,0.65,1,122,7,NA
922880040968642600,Gran piso cerca de la playa,5946580,Nahuel,ALGIROS,LA VEGA BAIXA,39.476108949379075,-0.3509196580491943,Entire home/apt,190,5,0,NA,NA,51,13,0,NA
92298175031039e4,Fisherman House in Cabanyal,17875377,Pau,POBLATS MARITIMS,CABANYAL-CANYAMELAR,39.47474862255057,-0.3281666708646704,Entire home/apt,60,30,4,2024-06-22,0.39,1,180,4,9928102YJ2792H0001JM
923087821121210600,Apartamento cerca de la playa,25296975,Andrea,ALGIROS,LA CARRASCA,39.47709,-0.33711,Entire home/apt,102,3,5,2023-08-27,0.43,1,73,5,NA
923135593520643300,Granada · Granada Flat,12044109,Invalencia Flats,QUATRE CARRERES,MONT-OLIVET,39.4602367,-0.3639715,Entire home/apt,109,1,2,2024-05-25,0.49,25,19,2,NA
923654944015721100,Estudio,522492868,Apartamentos Calatrava,L'OLIVERETA,NOU MOLES,39.47451,-0.40186,Entire home/apt,165,2,0,NA,NA,4,357,0,VT52050V
9.2365986327109606e+17,Ruzafa joia appartament,239135306,Dario,L'EIXAMPLE,RUSSAFA,39.45911255072608,-0.3752189129590988,Entire home/apt,79,4,8,2024-06-04,0.89,1,292,8,NA
923674047642746100,3 bedroom apartment near Ruzafa,14505249,Sophie,QUATRE CARRERES,EN CORTS,39.454783435005275,-0.3740026992393312,Entire home/apt,90,5,0,NA,NA,9,38,0,NA
923712010442262400,Exclusivo Apartamento en el centro de Valencia,338718984,Cabañal,EXTRAMURS,LA ROQUETA,39.467471748669944,-0.3807791369787103,Entire home/apt,148,1,3,2024-06-14,0.26,16,323,3,NA
923830512135716200,Penthouse with Terrace Close to Plaza de la Virgen,522516065,Red Snapper,CIUTAT VELLA,LA SEU,39.47708,-0.37617,Entire home/apt,71,1,5,2024-04-15,0.48,1,295,5,NA
924758218462714e3,Apartamento lujo playa terraza,507843976,Maximo,CAMINS AL GRAU,AIORA,39.46668,-0.3493,Entire home/apt,240,4,0,NA,NA,13,269,0,NA
924995024041981700,Estudio Pino en casco antiguo @valenciayole,522843689,María Del Pino,CIUTAT VELLA,EL CARME,39.47643,-0.38207,Entire home/apt,105,2,0,NA,NA,1,51,0,NA
925076344556978600,"Centrico, moderno y a estrenar.",5946580,Nahuel,L'OLIVERETA,NOU MOLES,39.47381907404042,-0.39543690976659746,Entire home/apt,200,5,2,2023-08-23,0.18,51,93,2,NA
925151460525724300,Apartamento soleado con terraza,53054869,Ignacio,QUATRE CARRERES,EN CORTS,39.45684808977899,-0.3687240306884765,Entire home/apt,100,30,5,2024-02-06,0.48,1,46,5,NA
9.2529206865141606e+17,Precioso estudio frente al mar para 4 personas,522912430,Maria Carmen,POBLATS DEL SUD,EL PERELLONET,39.2839,-0.27904,Entire home/apt,93,3,3,2023-08-27,0.29,1,30,3,NA
925293112164436700,Studio in de wijk Nazaret,154048802,René,POBLATS MARITIMS,NATZARET,39.44782439999999,-0.3352789,Entire home/apt,102,3,8,2024-05-26,0.9,30,179,8,NA
925845378271900700,"Your home at Valencia, Puerto",104520761,Vicente Y Raquel,POBLATS MARITIMS,CABANYAL-CANYAMELAR,39.463602612201534,-0.33089041248402185,Entire home/apt,289,2,1,2024-06-02,1,8,91,1,NA
925971026598503700,North Station Boutique,3711511,Cañada Properties,JESUS,LA RAIOSA,39.4564957,-0.3828179,Entire home/apt,169,1,5,2024-04-08,0.47,5,9,5,NA
925977605931334400,North Station  Boutique,3711511,Cañada Properties,JESUS,LA RAIOSA,39.4564957,-0.3828179,Entire home/apt,127,1,5,2024-01-28,0.43,5,41,5,NA
925992043386476800,North Station Boutique,3711511,Cañada Properties,JESUS,LA RAIOSA,39.4564957,-0.3828179,Entire home/apt,147,1,4,2024-04-01,0.36,5,26,4,NA
926072797456031100,Apartamento entero acogedor y tranquilo céntrico,19247951,Deborah,L'OLIVERETA,NOU MOLES,39.47081291250781,-0.39863937613873784,Entire home/apt,69,2,4,2024-03-18,0.43,1,2,4,NA
926151190446149800,Peset 69,477505643,Kreft,LA SAIDIA,TORMOS,39.4908982,-0.3784954,Entire home/apt,125,1,4,2024-01-03,0.38,11,257,4,NA
926492617830917600,Cozy apartment en Valencia,465507913,Olga,CAMINS AL GRAU,AIORA,39.466653241379234,-0.34288945113293856,Entire home/apt,115,7,0,NA,NA,1,25,0,NA
926604699978303200,New furnished flat near Turia,523218691,Anna,CAMINS AL GRAU,PENYA-ROJA,39.45860232359461,-0.3508097323466828,Entire home/apt,184,21,1,2023-08-31,0.1,1,36,1,NA
926924051544543100,Apartamento en el Perellonet playa (Valencia),523078774,Mariana,POBLATS DEL SUD,EL PERELLONET,39.2801,-0.27628,Entire home/apt,100,1,3,2024-03-30,0.43,1,356,3,NA
927449499468356700,Vivons,83066665,SingularStays,L'EIXAMPLE,RUSSAFA,39.45946,-0.37095,Entire home/apt,87,1,1,2024-06-06,1,112,351,1,NA
927550073858218200,Amazing Roof Top in Ruzafa- Monthly Rental,523510320,Santiago,L'EIXAMPLE,RUSSAFA,39.45963,-0.37239,Entire home/apt,144,1,5,2024-03-23,0.56,1,78,5,NA
928064550289066600,Estudio Deluxe,522492868,Apartamentos Calatrava,CAMPANAR,SANT PAU,39.47640684317923,-0.4039384033775551,Entire home/apt,179,1,0,NA,NA,4,362,0,NA
928070018176134300,Suite Deluxe,522492868,Apartamentos Calatrava,CAMPANAR,SANT PAU,39.4743388567715,-0.40334557200220167,Entire home/apt,177,1,0,NA,NA,4,351,0,NA
928072717071595800,Junior Suite,522492868,Apartamentos Calatrava,CAMPANAR,SANT PAU,39.474926154924745,-0.4040403088608894,Entire home/apt,185,1,0,NA,NA,4,345,0,NA
928113894438180600,Ruzafa Cozy apartment,34219420,Pablo Koninckx,QUATRE CARRERES,MONT-OLIVET,39.46021,-0.36216,Entire home/apt,120,4,3,2023-08-27,0.27,2,22,3,NA
928121988944066300,José Benlliure,125037312,Claudia,POBLATS MARITIMS,CABANYAL-CANYAMELAR,39.4652113,-0.3309059,Entire home/apt,57,30,3,2024-05-23,0.43,30,162,3,NA
928152232865329700,Luminoso apto. 3 habitaciones,94456786,Andrea,CAMINS AL GRAU,AIORA,39.46667068775563,-0.34503835378762404,Entire home/apt,89,3,5,2023-08-20,0.44,10,22,5,NA
928596461448685400,Bien ubicado y metro,5946580,Nahuel,ALGIROS,L'AMISTAT,39.47174567210291,-0.3521088795664743,Entire home/apt,120,5,2,2023-08-24,0.19,51,101,2,NA
928759495117759600,Duplex/ático con terraza privada (para 2 personas),523834390,Romain,CIUTAT VELLA,EL CARME,39.47839,-0.37847,Entire home/apt,95,10,0,NA,NA,1,210,0,NA
928824399071753300,estudio en automiento,134222176,Mila,CIUTAT VELLA,EL MERCAT,39.4732152,-0.3768423,Entire home/apt,86,3,5,2023-10-28,0.45,5,93,5,NA
928900220325259500,Apartamento en Blasco Ibáñez,409896171,Paco,ALGIROS,L'AMISTAT,39.4730695181814,-0.35038734255336657,Entire home/apt,106,3,9,2023-08-31,0.78,1,22,9,NA
928992060658404400,Piso facultades,104520761,Vicente Y Raquel,BENIMACLET,BENIMACLET,39.48016,-0.35471,Entire home/apt,250,2,6,2023-09-22,0.55,8,54,6,NA
928996823243605100,Cozy loft in the city center,57850714,Angela,L'EIXAMPLE,RUSSAFA,39.46372475401036,-0.3701988235116005,Entire home/apt,200,2,2,2023-08-27,0.19,1,55,2,NA
929592310002288500,"New! City of Sciences modern duplex w/ pool, wi-fi",391856951,Vlc.Lovelyplaces,QUATRE CARRERES,CIUTAT DE LES ARTS I DE LES CIENCIES,39.45381205284632,-0.35811044879496745,Entire home/apt,118,30,8,2024-05-21,0.77,6,145,8,NA
929678892454025900,Filipinas Flowers,350512254,Adenzo Center Flats,L'EIXAMPLE,RUSSAFA,39.46023,-0.37895,Entire home/apt,125,1,6,2024-04-04,0.54,9,74,6,NA
930091417336192400,GuestReady - El Cabanyal stay near the beach,518331880,Javier,POBLATS MARITIMS,CABANYAL-CANYAMELAR,39.46716,-0.32933,Entire home/apt,70,1,6,2024-06-15,0.6,3,308,6,NA
930256395992759600,Almar Collection Belmar 2,500117969,Tamara,EXTRAMURS,ARRANCAPINS,39.4648298,-0.3882079,Entire home/apt,215,3,2,2023-08-24,0.2,8,336,2,NA
930364250104544800,Apartamento mono y acogedor,125742381,Milagro,QUATRE CARRERES,MONT-OLIVET,39.45997894917339,-0.3642329201102257,Entire home/apt,133,7,6,2024-05-07,0.52,2,64,6,NA
931746134325482100,Piso con buena comunicación,5946580,Nahuel,LA SAIDIA,TRINITAT,39.48554950117219,-0.3654211387038231,Entire home/apt,115,5,1,2023-08-29,0.1,51,112,1,NA
932329975225961600,Valencia  Relax & Work,13131561,Ania,CAMINS AL GRAU,AIORA,39.46563344175683,-0.3446333482861519,Entire home/apt,115,28,3,2024-03-19,0.3,1,37,3,NA
932382114214224e3,Stylish & cozy in Cabanyal area -Monthly Rental,524806754,Martha,ALGIROS,L'ILLA PERDUDA,39.46792,-0.33683,Entire home/apt,132,1,3,2024-05-06,0.27,1,169,3,NA
932485065053692400,Casa con encanto,5946580,Nahuel,CAMINS AL GRAU,AIORA,39.4648201676778,-0.3378007560968399,Entire home/apt,150,6,0,NA,NA,51,83,0,NA
933127826937756e3,Precioso apartamento con terraza,72009114,Ciutat Vella,RASCANYA,TORREFIEL,39.4951703579041,-0.37592431615052224,Entire home/apt,82,7,10,2023-12-31,0.9,10,306,10,vt-504285-aa
933135070864280700,Квартира у фонтана,525019500,Natalia,LA SAIDIA,MARXALENES,39.48886183208643,-0.3866897150874138,Entire home/apt,95,5,2,2023-11-04,0.19,1,139,2,NA
933236035961400700,LA E2 estudio privado,400448714,MyCO,QUATRE CARRERES,MONT-OLIVET,39.45973033255223,-0.3643257896385772,Entire home/apt,51,30,3,2024-06-05,0.3,31,205,3,NA
9.3324411218738394e+17,LA E4 estudio privado,400448714,MyCO,QUATRE CARRERES,MONT-OLIVET,39.45954,-0.36444,Entire home/apt,51,30,1,2023-09-01,0.1,31,237,1,NA
933252125395091600,LA E3 estudio privado,400448714,MyCO,QUATRE CARRERES,MONT-OLIVET,39.4602,-0.36458,Entire home/apt,51,30,0,NA,NA,31,233,0,NA
933280130246498700,L3 Estudio lujo Centro Valencia.,400448714,MyCO,CIUTAT VELLA,EL MERCAT,39.4735183248282,-0.3777425444842713,Entire home/apt,66,30,0,NA,NA,31,251,0,NA
933294937474060300,L4 Estudio lujo Centro Valencia,400448714,MyCO,CIUTAT VELLA,EL MERCAT,39.47408,-0.37917,Entire home/apt,66,30,0,NA,NA,31,207,0,NA
933315604399880300,Piso muy cómodo y luminoso,5946580,Nahuel,ALGIROS,CIUTAT JARDI,39.46974564569911,-0.34342409816544345,Entire home/apt,95,6,2,2023-08-20,0.19,51,91,2,NA
933321668228211500,Precioso piso en zona perfecta.,5946580,Nahuel,QUATRE CARRERES,MONT-OLIVET,39.46123573700016,-0.3598180309086622,Entire home/apt,129,5,2,2023-08-22,0.18,51,8,2,NA
933326639421005800,Piso en la ubicacion perfecta,5946580,Nahuel,BENIMACLET,BENIMACLET,39.48477,-0.35985,Entire home/apt,119,4,2,2023-08-24,0.19,51,98,2,NA
933329569570013200,Piso muy grande y espacioso,5946580,Nahuel,BENIMACLET,BENIMACLET,39.48317181181713,-0.3598474838681121,Entire home/apt,150,4,2,2023-08-09,0.18,51,84,2,NA
933673009440239500,Encantador y moderno en centro.,5946580,Nahuel,CIUTAT VELLA,EL CARME,39.47773,-0.38263,Entire home/apt,150,4,2,2023-08-19,0.19,51,57,2,NA
933675888933944200,Elegante piso clásico reformado,525180316,José María,L'EIXAMPLE,EL PLA DEL REMEI,39.46833887457347,-0.3670324810005398,Entire home/apt,300,1,7,2023-10-15,0.64,1,98,7,NA
933678760160940500,En el centro de la ciudad.,5946580,Nahuel,CIUTAT VELLA,SANT FRANCESC,39.4694,-0.37511,Entire home/apt,175,4,0,NA,NA,51,84,0,NA
9.3368809819933606e+17,En el barrio historico,5946580,Nahuel,CIUTAT VELLA,EL CARME,39.47639910064809,-0.3836735314516565,Entire home/apt,90,5,1,2023-08-18,0.1,51,96,1,NA
933696121371813400,"Calle de la Corona, centro",5946580,Nahuel,CIUTAT VELLA,EL CARME,39.47811199014394,-0.38207659931214216,Entire home/apt,95,4,3,2023-08-18,0.28,51,20,3,NA
933726147280417800,"Piso céntrico acogedor, centro Valencia",408493934,Betsy,CIUTAT VELLA,SANT FRANCESC,39.47111,-0.37188,Entire home/apt,98,6,4,2024-04-01,0.38,2,9,4,NA
933728179159569200,13- Apartamento Playa y Centro Ciudad,22730671,Marcela,EL PLA DEL REAL,CIUTAT UNIVERSITARIA,39.47613513618243,-0.35387217450906483,Entire home/apt,110,2,3,2023-08-20,0.28,10,47,3,NA
933809064518970900,Amplio apartamento con garaje,58325872,Clara Ines,RASCANYA,ELS ORRIOLS,39.493831512558856,-0.3719057033628742,Entire home/apt,99,20,10,2024-06-14,0.97,2,254,10,NA
933971418090609800,103- Apartamento Playa y Centro Ciudad,22730671,Marcela,ALGIROS,LA VEGA BAIXA,39.47550448651637,-0.3525093631245519,Entire home/apt,130,2,4,2023-08-27,0.37,10,17,4,NA
934066017836522400,Casa 2 alturas Playa Malvarrosa,525284141,Jose Maria,POBLATS MARITIMS,LA MALVA-ROSA,39.479158955267835,-0.32579310968741093,Entire home/apt,240,7,0,NA,NA,1,197,0,NA
935199011220356400,"10 pax, AC, Wifi gratis, Ciudad Artes y Ciencias",340227369,Sitrain 21,QUATRE CARRERES,CIUTAT DE LES ARTS I DE LES CIENCIES,39.4555525,-0.3604067,Entire home/apt,274,3,2,2023-12-04,0.22,1,158,2,VT-50656-V
935312538627141200,Piso en la Plaza de España Sin Ascensor.,186431989,Ana,EXTRAMURS,ARRANCAPINS,39.467230127488286,-0.3851221017075138,Entire home/apt,75,28,3,2024-05-10,0.3,2,290,3,NA
935459924950385300,Arenas Season Apartament,123160301,Place Your Place,POBLATS MARITIMS,LA MALVA-ROSA,39.4767903,-0.3276339,Entire home/apt,86,28,4,2024-05-31,0.5,51,11,4,NA
935566084178112100,Acogedor Piso en Joaquín Sorolla,12180187,Emilia,JESUS,LA RAIOSA,39.461031040904075,-0.3863348733874128,Entire home/apt,89,3,10,2024-04-10,0.91,1,31,10,NA
93605863447395e4,Bright and stylish. Viveros area. Monthly rent,525818748,Jose Luis,LA SAIDIA,TRINITAT,39.483847695981794,-0.3698301519592,Entire home/apt,144,1,5,2024-04-04,0.51,1,301,5,NA
936778999802907800,Precioso apartamento Brull 88,526009337,Laura,POBLATS MARITIMS,CABANYAL-CANYAMELAR,39.46507356558625,-0.3325957440264271,Entire home/apt,165,5,0,NA,NA,1,217,0,NA
938032227355468800,Centro y psicina,5946580,Nahuel,EXTRAMURS,LA PETXINA,39.4766289,-0.3902641,Entire home/apt,150,10,2,2023-08-27,0.19,51,85,2,NA
938038266108890900,Playa y centro easy and fast.,5946580,Nahuel,BENIMACLET,BENIMACLET,39.4834817,-0.3573366000000001,Entire home/apt,105,4,1,2023-08-19,0.1,51,29,1,NA
938098526516740700,Victoria Inn Apartment,526423958,Fabiola,QUATRE CARRERES,EN CORTS,39.4573896,-0.3722214,Entire home/apt,155,1,2,2023-08-20,0.18,1,76,2,VT52967V
938122910773370800,Luxury apartment in El Carmen,514226051,Dasha,CIUTAT VELLA,EL CARME,39.47948,-0.37916,Entire home/apt,79,28,1,2023-09-03,0.1,4,53,1,NA
938181169671493e3,The Bohemian Beach House,1145189,Maria Mercedes,POBLATS MARITIMS,CABANYAL-CANYAMELAR,39.4693020662172,-0.3299221023917198,Entire home/apt,136,2,6,2024-05-21,0.6,4,113,6,NA
938258099647047200,Mamma Mia! -THE HOUSE-,526464349,Rayo Iris,POBLATS MARITIMS,CABANYAL-CANYAMELAR,39.4695308,-0.3323227,Entire home/apt,115,7,1,2023-08-29,0.1,1,15,1,NA
938349025066465400,"Verde & Bonito, piso particular",4342998,Angelica,CAMPANAR,LES TENDETES,39.48476872545819,-0.38604412602440263,Entire home/apt,52,30,0,NA,NA,2,58,0,NA
938440270274563100,Vivienda en el Cabanyal,526535233,Maria,POBLATS MARITIMS,CABANYAL-CANYAMELAR,39.46749724037149,-0.3326716661015339,Entire home/apt,119,3,4,2023-08-29,0.38,1,11,4,NA
938819478482651800,250 metros playa 4 habitaciones,29435081,Rodo,POBLATS MARITIMS,LA MALVA-ROSA,39.47997919631061,-0.3281136229634285,Entire home/apt,167,3,4,2023-08-26,0.37,2,36,4,NA
938994362779351400,Super Flat 5rooms 3toilletWifi,211991268,ValenciaGUEST,BENIMACLET,BENIMACLET,39.48296357442081,-0.35813318425794766,Entire home/apt,150,4,1,2023-08-02,0.09,93,27,1,NA
939197590224548700,Alojamiento entero-3 camas para4,510298818,Maria,LA SAIDIA,TRINITAT,39.48438,-0.36417,Entire home/apt,120,2,2,2023-08-28,0.2,3,127,2,NA
939284684544654600,"Apartamento mercado 
10B",500343338,Cristobal,L'EIXAMPLE,RUSSAFA,39.46277192813992,-0.3715536451213643,Entire home/apt,73,30,10,2024-06-09,0.94,13,143,10,NA
939689738912346200,New and Modern Apt. with Comfy Beds,258340007,Saba,LA SAIDIA,MORVEDRE,39.4830828093172,-0.3781806028947445,Entire home/apt,193,1,9,2024-05-25,0.85,33,347,9,NA
939690003345292300,Charming Apt. with Inviting Atmosphere,258340007,Saba,LA SAIDIA,MORVEDRE,39.48285,-0.3762,Entire home/apt,179,1,5,2024-06-04,0.47,33,351,5,NA
939690100193288400,Beautiful Suite with Private Terrace,258340007,Saba,LA SAIDIA,MORVEDRE,39.48262518475444,-0.37698566874268014,Entire home/apt,213,1,2,2024-06-03,0.26,33,350,2,NA
939690255402434200,Classy Studio Apartment with Unique Design,258340007,Saba,LA SAIDIA,MORVEDRE,39.48448957337802,-0.3763118927593234,Entire home/apt,175,1,5,2024-06-03,0.63,33,346,5,NA
939691426088858200,Well Lit and Creatively Designed Apartment,258340007,Saba,LA SAIDIA,MORVEDRE,39.482823628204095,-0.37670957086886014,Entire home/apt,234,1,8,2024-05-14,0.76,33,350,8,NA
939702361197100400,Serene Apartment with a Relaxing Atmosphere,258340007,Saba,LA SAIDIA,MORVEDRE,39.48477,-0.37624,Entire home/apt,204,1,7,2024-06-12,0.8,33,347,7,NA
939722447851038100,Spacious Apartment with City View,258340007,Saba,LA SAIDIA,MORVEDRE,39.48329,-0.37617,Entire home/apt,228,1,4,2024-06-09,0.39,33,338,4,NA
939731494839191e3,Bright House with Warm and Friendly Vibes,258340007,Saba,LA SAIDIA,MORVEDRE,39.48432,-0.3783,Entire home/apt,232,1,2,2024-05-11,1.07,33,345,2,NA
940229515859392600,New and Bright 2-bedroom apartment in Cañamelar,248498333,Irina & Stan,POBLATS MARITIMS,CABANYAL-CANYAMELAR,39.4659438,-0.3283156,Entire home/apt,150,28,0,NA,NA,2,40,0,NA
940359146440063200,Piso totalmente equipado y nuevo,527038982,Jose Miguel,JESUS,L'HORT DE SENABRE,39.4531925,-0.3862442,Entire home/apt,103,1,7,2023-09-10,0.67,1,71,7,NA
940413221503074200,ApartUP Las Arenas Beach. Wifi + A/C,14182776,Alberto,POBLATS MARITIMS,CABANYAL-CANYAMELAR,39.46905,-0.32737,Entire home/apt,171,1,4,2024-05-11,0.37,70,244,4,VT-53050-V
940998779411914200,NEW Penthouse Beach/Cabañal/2 beds.,6976863,The MM,POBLATS MARITIMS,CABANYAL-CANYAMELAR,39.4650109179191,-0.3297232456014829,Entire home/apt,110,28,4,2024-05-03,0.43,8,151,4,NA
941025499067587700,2 Beds Flat Historical Center,6976863,The MM,EXTRAMURS,EL BOTANIC,39.4728749,-0.3848511,Entire home/apt,90,28,6,2024-05-21,0.64,8,302,6,NA
941235401554639200,New and Bright 1-bedroom apartment in Cañamelar,248498333,Irina & Stan,POBLATS MARITIMS,CABANYAL-CANYAMELAR,39.46594637277578,-0.32831545919179916,Entire home/apt,123,28,4,2024-04-30,0.4,2,116,4,NA
941884767723377300,Mercado de Ruzafa,125037312,Claudia,L'EIXAMPLE,RUSSAFA,39.4612107,-0.3756814,Entire home/apt,63,30,5,2024-04-10,0.57,30,135,5,NA
942072832340586500,cozy flat vlc,119981277,Daniel,ALGIROS,CIUTAT JARDI,39.47127695274106,-0.3473566372635878,Entire home/apt,120,3,3,2023-08-29,0.29,5,166,3,NA
943226115542578200,Magnificent house in Valencia,491663354,Stl Apartamentos,CAMINS AL GRAU,ALBORS,39.46804050128809,-0.35488649705045894,Entire home/apt,133,2,0,NA,NA,11,14,0,NA
943356356453260900,Huerta Valencia 2 Ciudad Artes y Ciencias Mid-term,63053029,MD Rentals,QUATRE CARRERES,LA FONTETA S.LLUIS,39.4418358,-0.3666295,Entire home/apt,154,1,1,2023-07-30,0.09,66,357,1,EGVT-330-V
943420056068452500,Huerta Valencia 3 Ciudad Artes y Ciencias Mid-term,63053029,MD Rentals,QUATRE CARRERES,LA FONTETA S.LLUIS,39.4418358,-0.3666295,Entire home/apt,165,1,1,2024-04-01,0.36,66,357,1,NA
943420764008171100,Huerta Valencia 4 Ciudad Artes y Ciencias Mid-term,63053029,MD Rentals,QUATRE CARRERES,LA PUNTA,39.4407,-0.36733,Entire home/apt,166,1,0,NA,NA,66,353,0,NA
943486975341100700,Apartamento cerca del centro,527869193,Elena,L'OLIVERETA,NOU MOLES,39.46966124625158,-0.4028759470072349,Entire home/apt,100,4,9,2024-05-27,1.03,1,119,9,NA
943497733863444400,Agradable y céntrico.,140171113,Laura,QUATRE CARRERES,MONT-OLIVET,39.45945,-0.36179,Entire home/apt,117,2,6,2024-06-09,0.66,1,76,6,NA
943855286555884500,Alojamiento entero-4 camas para4,527967386,Concepción,BENIMACLET,BENIMACLET,39.48480516756216,-0.35723744232788013,Entire home/apt,124,4,7,2023-08-28,0.64,1,36,7,NA
943974872217675900,Huerta Valencia 5 Ciudad Artes y Ciencias Mid-term,63053029,MD Rentals,QUATRE CARRERES,LA FONTETA S.LLUIS,39.441281197170746,-0.36774001471368895,Entire home/apt,165,1,1,2024-04-21,0.48,66,359,1,NA
944070762397259300,The Blue House in Ruzafa - Monthly Rental,528021186,Rubén,L'EIXAMPLE,RUSSAFA,39.46156345970381,-0.3717571434863444,Entire home/apt,132,1,6,2024-05-27,0.6,1,305,6,NA
944104677404741100,Encantador hogar familiar,39491825,Tanausú,L'EIXAMPLE,RUSSAFA,39.46265976541583,-0.3744939981564608,Entire home/apt,140,5,2,2023-08-30,0.19,3,23,2,NA
944132391784516e3,Velero en Marina Norte Valencia junto a la playa,2040943,Alicia,POBLATS MARITIMS,EL GRAU,39.4622581,-0.3258161,Entire home/apt,155,2,6,2024-06-02,1.96,1,68,6,NA
944700627459823600,NICE Flat Close To The BEACH,44450805,Sergio,ALGIROS,LA CARRASCA,39.47854240714795,-0.3520989622158296,Entire home/apt,88,4,0,NA,NA,29,10,0,NA
946145920243277200,"Piso de 4 habitaciones, luminoso",5946580,Nahuel,BENIMACLET,BENIMACLET,39.4837,-0.36067,Entire home/apt,100,4,2,2023-08-22,0.19,51,82,2,NA
946268231720865200,5 minutos de la playa!,5946580,Nahuel,POBLATS MARITIMS,CABANYAL-CANYAMELAR,39.47459024097317,-0.33030692674779505,Entire home/apt,156,5,5,2024-06-07,2.5,51,198,5,NA
946786154963343600,"Bright, central & fully equipped",791187,Inés,EXTRAMURS,ARRANCAPINS,39.4628038,-0.3801600000000001,Entire home/apt,159,14,2,2024-03-20,0.19,7,70,2,NA
946867854128292900,Luminoso apartamento con maravillosas vistas,122368289,Juanma,QUATRE CARRERES,LA PUNTA,39.45011637483441,-0.35859767374111867,Entire home/apt,85,15,1,2024-01-15,0.19,3,46,1,NA
947151203728956700,"Apartamento en Valencia, Alameda",279349519,Borja,CAMINS AL GRAU,PENYA-ROJA,39.45557455394166,-0.34706336878661315,Entire home/apt,225,4,7,2024-05-16,0.89,1,67,7,NA
947568622479507700,Cabañal Planells House,123160301,Place Your Place,POBLATS MARITIMS,CABANYAL-CANYAMELAR,39.4704143,-0.3307347,Entire home/apt,115,6,6,2024-05-20,0.63,51,21,6,NA
947603538940128e3,Almar Collection Belmar 3,500117969,Tamara,EXTRAMURS,ARRANCAPINS,39.4648298,-0.3882079,Entire home/apt,153,4,4,2024-02-09,0.38,8,285,4,NA
947611856441076500,Almar Collection Belmar 4,500117969,Tamara,PATRAIX,PATRAIX,39.46567,-0.38937,Entire home/apt,182,2,6,2024-06-14,0.58,8,278,6,NA
947748120927116800,Bright and stylish in old town. Monthly rent,529014594,Sergio,CIUTAT VELLA,SANT FRANCESC,39.47167,-0.37964,Entire home/apt,89,1,10,2024-05-25,1.02,1,166,10,NA
948011638938163600,Cabanyal cozy rooftop 2bedrooms,1623647,Alexs,POBLATS MARITIMS,CABANYAL-CANYAMELAR,39.46989307954705,-0.3294165688232032,Entire home/apt,107,5,0,NA,NA,1,98,0,NA
948238527260186400,Da House Carmen,96917745,Maria D,CIUTAT VELLA,EL PILAR,39.47542,-0.3819,Entire home/apt,71,25,4,2024-06-17,0.45,2,127,4,NA
948370196562010600,Salvador I,83066665,SingularStays,CIUTAT VELLA,LA SEU,39.47808441274822,-0.37473075092378305,Entire home/apt,62,1,2,2024-03-31,0.36,112,316,2,NA
949114095309449100,Apartamento Valencia Ciencias y Puerto,369480042,Bogdan Alexandru,CAMINS AL GRAU,LA CREU DEL GRAU,39.46242362999335,-0.34747839546166864,Entire home/apt,120,3,0,NA,NA,1,32,0,NA
949705856342177400,Huerta Valencia 1 Ciudad Artes y Ciencias Mid-term,63053029,MD Rentals,QUATRE CARRERES,LA PUNTA,39.44081822589486,-0.3677064633033671,Entire home/apt,207,1,2,2024-05-19,0.95,66,363,2,NA
949939490072627300,apartamento en la playa valencia,529662878,John Brehiner,POBLATS MARITIMS,CABANYAL-CANYAMELAR,39.46436,-0.32986,Entire home/apt,133,3,0,NA,NA,1,66,0,NA
951144011763577900,Parar y pernoctar.,135972280,Emilio,POBLATS MARITIMS,BETERO,39.4696028,-0.3395412,Entire home/apt,75,60,0,NA,NA,1,263,0,NA
951277520961476600,piso o habitación,510500606,Israel,L'OLIVERETA,LA FONTSANTA,39.46533940438064,-0.4088575020432472,Entire home/apt,95,1,0,NA,NA,1,269,0,NA
952806643738658600,Urban Living: Modern Studio Ruzafa,134221412,VLC Host,L'EIXAMPLE,LA GRAN VIA,39.46301376836554,-0.3614170245679399,Entire home/apt,95,3,8,2024-06-14,0.85,151,114,8,NA
952807662248117400,Trendy Ruzafa Studio: Modern Charm,134221412,VLC Host,QUATRE CARRERES,MONT-OLIVET,39.46284,-0.36115,Entire home/apt,109,3,2,2023-08-23,0.19,151,129,2,NA
952809485633298300,Ruzafa City Studio: Contemporary Comfort,134221412,VLC Host,QUATRE CARRERES,MONT-OLIVET,39.46251,-0.36088,Entire home/apt,104,3,8,2024-05-03,0.82,151,186,8,NA
952810955580141800,Valencia's Urban Gem: Modern Studio,134221412,VLC Host,QUATRE CARRERES,MONT-OLIVET,39.46155061769839,-0.3630110922967359,Entire home/apt,135,3,4,2023-12-26,0.4,151,141,4,NA
952987502024419200,Apartment Central Market. 5 pax,170698476,Bet,CIUTAT VELLA,EL MERCAT,39.47383197503231,-0.3789151230082894,Entire home/apt,319,1,0,NA,NA,36,134,0,NA
952987561616961e3,Central Market Apartment. 5 pax,170698476,Bet,CIUTAT VELLA,EL MERCAT,39.47468276247536,-0.37741338060436447,Entire home/apt,319,1,0,NA,NA,36,132,0,NA
952987621350731e3,Penthouse for 6. Central Market.,170698476,Bet,CIUTAT VELLA,EL MERCAT,39.47462,-0.37738,Entire home/apt,430,1,3,2024-01-29,0.38,36,104,3,NA
953273981023442600,Salvador III,83066665,SingularStays,CIUTAT VELLA,LA SEU,39.47594542429223,-0.3742872551955121,Entire home/apt,102,1,2,2024-03-30,0.51,112,275,2,NA
9.5334738045061606e+17,Apartamento completo céntrico C/ Cuenca,530608182,Jarabe,PATRAIX,PATRAIX,39.4615692,-0.3906416,Entire home/apt,65,15,3,2024-05-08,0.87,2,53,3,NA
953433243246742800,Luminoso apartamento en Centro,87553099,Marisa,EL PLA DEL REAL,EXPOSICIO,39.47557716763565,-0.35914476960897446,Entire home/apt,112,6,2,2024-05-18,0.24,1,170,2,NA
954110990349189100,Apartamento en la Ciudad de las Ciencias,45229300,Katerine,QUATRE CARRERES,MONT-OLIVET,39.4601,-0.36164,Entire home/apt,161,2,5,2024-04-01,0.49,1,13,5,NA
954522517974997800,"Beautiful garden house. 2 bedrooms, 2 bathrooms.",126990480,Elena,POBLATS MARITIMS,EL GRAU,39.455014995085456,-0.33048997400003666,Entire home/apt,211,2,1,2023-08-15,0.1,2,49,1,NA
954833171293986200,Apartamento en el centro de valencia,526682710,Lorena,EXTRAMURS,LA ROQUETA,39.46764197370262,-0.3784600272774696,Entire home/apt,60,1,6,2023-10-22,0.57,1,0,6,NA
954947347953497e3,Moderno apartamento cerca del Oceanográfico,370094045,Onaile Habitat,QUATRE CARRERES,LA PUNTA,39.44939,-0.33622,Entire home/apt,143,4,1,2023-08-21,0.1,1,192,1,NA
955061153517596900,"Stylish penthouse, stunning terrace in Valencia",125353342,Marek,CIUTAT VELLA,EL CARME,39.4802703,-0.3778701,Entire home/apt,214,21,3,2024-06-17,0.61,1,237,3,NA
955763546003366400,Lounge garden sea relax,530092710,Julia,POBLATS MARITIMS,EL GRAU,39.46024868536875,-0.3394479677081108,Entire home/apt,200,6,2,2024-06-02,0.3,3,89,2,NA
956295477103284400,Acogedor loft en el centro histórico de Valencia.,531382680,Aguiles,CIUTAT VELLA,EL MERCAT,39.47557,-0.37978,Entire home/apt,85,1,5,2024-06-02,2.83,5,30,5,NA
957105056123376300,"Bonito loft, en centro histórico de Valencia.",531382680,Aguiles,CIUTAT VELLA,EL CARME,39.47784,-0.37825,Entire home/apt,87,1,8,2024-06-08,1.19,5,64,8,NA
95712260894229e4,Piso en el Centro de Valencia,37072425,Natalia,L'EIXAMPLE,EL PLA DEL REMEI,39.46626651004387,-0.3741238947140989,Entire home/apt,200,6,0,NA,NA,1,269,0,NA
957678384731612200,Acogedor apartamento en Valencia.,531382680,Aguiles,LA SAIDIA,TORMOS,39.48881,-0.38321,Entire home/apt,84,1,7,2024-04-22,0.82,5,82,7,NA
957926877117108100,Central Strong WI-Fi,460043598,Vik,QUATRE CARRERES,MONT-OLIVET,39.46068571724986,-0.3632171080640331,Entire home/apt,75,28,9,2024-05-21,0.87,3,36,9,NA
958055173862281300,Ruzafa piso muy céntrico en Valencia,517487735,Antonio,QUATRE CARRERES,MONT-OLIVET,39.458594094765616,-0.3652430385925242,Entire home/apt,176,3,8,2024-05-19,0.9,1,224,8,NA
958573907248982400,Coqueto apartamento en Valencia,531382680,Aguiles,LA SAIDIA,TORMOS,39.48856,-0.38225,Entire home/apt,82,1,1,2024-03-20,0.32,5,35,1,NA
959463304644148400,Lounge garden sea mint fresh,530092710,Julia,CAMINS AL GRAU,LA CREU DEL GRAU,39.461149275205045,-0.3399597816969807,Entire home/apt,250,4,8,2023-10-30,0.82,3,170,8,NA
959473993214513300,Lounge garden sea azul,530092710,Julia,CAMINS AL GRAU,LA CREU DEL GRAU,39.46108,-0.33997,Entire home/apt,250,6,0,NA,NA,3,140,0,NA
9.6204709757274406e+17,Hermoso piso céntrico y acogedor,81795758,Kristina,L'OLIVERETA,NOU MOLES,39.47031457721623,-0.400763601064682,Entire home/apt,199,2,5,2024-06-02,1.07,1,4,5,VT36722V
963483309361299e3,Sweet Apartment in Perfect Central Location,397082623,Giuseppe,CIUTAT VELLA,SANT FRANCESC,39.469613664375565,-0.3715447134679637,Entire home/apt,107,2,4,2024-05-20,1.07,2,139,4,NA
964341835513749900,"Apt Buhos Valencia, wi-fi, metro",71443297,Ruben,JESUS,LA RAIOSA,39.45627,-0.38891,Entire home/apt,83,3,10,2024-05-13,1.08,2,142,10,NA
964927963247748200,Bonito loft a minutos de la Ciudad de las Artes,432981976,Joan,POBLATS MARITIMS,NATZARET,39.45022336644305,-0.331799411354408,Entire home/apt,102,1,8,2024-06-14,1.19,21,178,8,NA
965101405103039600,107-Apartamento Playa y Centro Ciudad,22730671,Marcela,ALGIROS,LA VEGA BAIXA,39.47607,-0.35308,Entire home/apt,100,2,0,NA,NA,10,36,0,NA
965147571723227500,La Peregrina,533063658,Olga,QUATRE CARRERES,EN CORTS,39.4576276,-0.3717873,Entire home/apt,130,2,5,2024-04-10,0.93,1,70,5,NA
965238060553262800,"Central Market Derechos St. 1 Br,  2+2 pax",3155089,Francisco,CIUTAT VELLA,EL MERCAT,39.473862107,-0.37722353,Entire home/apt,205,1,1,2024-04-22,0.48,15,345,1,NA
965624258527427700,"The city of Science, Oceanographic, beach, Wifi",25589063,Host,CAMINS AL GRAU,LA CREU DEL GRAU,39.4594026,-0.3411716,Entire home/apt,120,2,8,2024-06-12,3.43,1,173,8,NA
967251507632445700,"Architektenhaus mit Dachterrasse - strandnah, hell",534131810,Martin,POBLATS MARITIMS,CABANYAL-CANYAMELAR,39.47396481157597,-0.32884748301525546,Entire home/apt,127,4,10,2024-06-10,1.17,1,295,10,NA
967252110544110100,Entire apartment available in Valencia,534131645,Yamil,EXTRAMURS,LA PETXINA,39.47454093755813,-0.3950323909521103,Entire home/apt,39,15,3,2024-03-28,0.37,1,23,3,NA
967509796989271700,Apartamentos Las Ciencias S. Wi-Fi + PK + A/C,14182776,Alberto,QUATRE CARRERES,CIUTAT DE LES ARTS I DE LES CIENCIES,39.45725663344785,-0.358189629360961,Entire home/apt,239,1,2,2023-12-04,0.22,70,208,2,VT-53201-V
967891697344582300,Modern & Stylish in Arrancapins.,534287348,David,EXTRAMURS,ARRANCAPINS,39.46887,-0.39044,Entire home/apt,121,1,3,2024-03-09,0.46,1,149,3,NA
968696230246773600,Lindo Apartamento en Ruzafa,371962229,Miguel Angel,L'EIXAMPLE,RUSSAFA,39.4612844,-0.3778884,Entire home/apt,80,28,3,2024-05-19,0.43,1,102,3,NA
969244210194423800,Bonito loft a minutos de la Ciudad de las Artes,432981976,Joan,POBLATS MARITIMS,NATZARET,39.45038582284102,-0.33309024487189365,Entire home/apt,96,1,4,2024-03-24,0.73,21,199,4,NA
969305234133508600,Playa y cultura en el Cabañal. Ofertas familia.,213004787,Itxiar,POBLATS MARITIMS,CABANYAL-CANYAMELAR,39.46403,-0.33054,Entire home/apt,150,7,5,2024-06-05,0.61,1,213,5,NA
969563647845202e3,Moderno APT cerca playa y CCAqua,257366886,Fernando,CAMINS AL GRAU,AIORA,39.46467,-0.3417568,Entire home/apt,104,28,6,2024-05-30,0.79,1,144,6,NA
970085913733653100,Apartamentos Las Ciencias Studio N. Wi-Fi+PK+A/A,14182776,Alberto,QUATRE CARRERES,CIUTAT DE LES ARTS I DE LES CIENCIES,39.45645,-0.35912,Entire home/apt,98,1,10,2024-05-20,1.05,70,251,10,VT-53195-V
97014594684935e4,Apartamentos Las Ciencias F. Wi-Fi + PK + A/C,14182776,Alberto,QUATRE CARRERES,CIUTAT DE LES ARTS I DE LES CIENCIES,39.457164476975,-0.35827814225845,Entire home/apt,169,1,2,2023-12-10,0.24,70,225,2,VT-53187-V
970214880583671400,Apartamentos Las Ciencias H. Wi-Fi + PK + A/C,14182776,Alberto,QUATRE CARRERES,CIUTAT DE LES ARTS I DE LES CIENCIES,39.457169654308,-0.35828082446747,Entire home/apt,131,1,3,2024-06-08,0.34,70,220,3,VT-53189-V
970912418200892500,Stylish by the City Hall area- Monthly Rental,534984693,Nuria,CIUTAT VELLA,SANT FRANCESC,39.46921541041541,-0.38018291520590314,Entire home/apt,144,1,7,2024-06-05,0.83,1,218,7,NA
973696597446364900,Apartamentos Las Ciencias A. Wi-Fi + PK + A/C,14182776,Alberto,QUATRE CARRERES,CIUTAT DE LES ARTS I DE LES CIENCIES,39.457162406041505,-0.3582821655719748,Entire home/apt,201,1,10,2024-06-04,1.05,70,239,10,VT-53182-V
9.7385428616051994e+17,Apartamentos Las Ciencias B. Wi-Fi + PK + A/C,14182776,Alberto,QUATRE CARRERES,CIUTAT DE LES ARTS I DE LES CIENCIES,39.45711788095901,-0.35824059133224395,Entire home/apt,161,1,3,2023-10-27,0.34,70,238,3,VT-53183-V
974335133190125e3,Ático soleado.,34780032,Federico,EXTRAMURS,ARRANCAPINS,39.460646732981665,-0.38321036745333864,Entire home/apt,80,30,0,NA,NA,1,88,0,NA
974658996116053500,Apartamentos Las Ciencias K. Wi-Fi + Pk + A/C,14182776,Alberto,QUATRE CARRERES,CIUTAT DE LES ARTS I DE LES CIENCIES,39.45721935668698,-0.35831837539367584,Entire home/apt,187,1,2,2023-11-26,0.23,70,136,2,VT-53192-V
974769362902471200,Apartamentos Las Ciencias Ñ. Wi-Fi + Pk + A/C,14182776,Alberto,QUATRE CARRERES,CIUTAT DE LES ARTS I DE LES CIENCIES,39.457173796174466,-0.3582325447051993,Entire home/apt,161,1,7,2024-03-05,0.75,70,222,7,VT-53196-V
975086126805967e3,Cozy for nomads in Ruzafa. Monthly rent,535930363,Riikka,L'EIXAMPLE,RUSSAFA,39.462171626711296,-0.3755772908603839,Entire home/apt,121,1,4,2024-05-08,0.65,1,217,4,NA
975301295568604700,Reina II,83066665,SingularStays,CIUTAT VELLA,LA SEU,39.47548091997145,-0.37541933104158415,Entire home/apt,121,1,2,2023-10-31,0.22,112,188,2,NA
975931034317756900,Serranos St 2 to 4 pax Terrace Old City,3155089,Francisco,CIUTAT VELLA,LA SEU,39.478294,-0.3763619,Entire home/apt,233,1,0,NA,NA,15,73,0,NA
977533424267678e3,Apartamento primera línea de mar,406155489,Joaquín,POBLATS MARITIMS,CABANYAL-CANYAMELAR,39.470768,-0.325019,Entire home/apt,250,2,8,2024-06-21,2.2,1,193,8,NA
978840558240073900,- Cabanyal Boutique,12055632,Isidro,POBLATS MARITIMS,CABANYAL-CANYAMELAR,39.47436287342036,-0.3276613523716422,Entire home/apt,325,2,9,2024-06-05,1.89,4,132,9,VT51905V
979475399376378e3,NEW High-End Penthouse in Downtown,6976863,The MM,CIUTAT VELLA,LA SEU,39.476910311522715,-0.37265425299687993,Entire home/apt,100,28,4,2024-03-01,0.51,8,166,4,NA
9796999911713e5,Apartamentos Las Ciencias Studio P. Wi-Fi+Pk+A/C,14182776,Alberto,QUATRE CARRERES,CIUTAT DE LES ARTS I DE LES CIENCIES,39.45629,-0.35848,Entire home/apt,110,1,4,2023-11-27,0.45,70,219,4,VT-53198-V
980041935646068100,Honduras · Skyline Gardens Penthouse,520209009,Bouchra Madih,ALGIROS,CIUTAT JARDI,39.474524099999996,-0.3447747,Entire home/apt,188,1,0,NA,NA,1,4,0,NA
980271973831135700,The Mossen Triplex. Monthly rent,537085773,Herminia,CIUTAT VELLA,EL CARME,39.47910220962056,-0.3800149625075001,Entire home/apt,114,1,3,2024-05-17,0.47,1,333,3,NA
982004113055145200,"NEW Beautiful, Centric, and Comfortable 2BR 2BA",18435536,Eugenio,CIUTAT VELLA,LA XEREA,39.4767557,-0.3718846,Entire home/apt,160,14,4,2024-06-05,2.14,1,92,4,NA
982610037870307600,Piso nuevo cerca de la playa,424390153,Rocha,POBLATS MARITIMS,LA MALVA-ROSA,39.47623,-0.32964,Entire home/apt,120,4,1,2023-11-06,0.13,2,110,1,NA
983085079974608e3,Amplio y luminoso.  60m2. En pleno centro.,77516752,Martin,EXTRAMURS,LA ROQUETA,39.468338235277415,-0.3827315286275897,Entire home/apt,87,32,6,2024-06-08,1.22,1,0,6,NA
983271439246305700,Confort y Lujo Junto al Mercado Central,117248818,Gestproyects,CIUTAT VELLA,EL MERCAT,39.4723221951831,-0.3797116130590439,Entire home/apt,121,13,0,NA,NA,4,318,0,NA
983402531691090200,Puerta de Serano,537762028,Valentin,CIUTAT VELLA,EL CARME,39.477697732772256,-0.3773448988795281,Entire home/apt,90,1,0,NA,NA,2,89,0,NA
983699172861348900,Amplio Apartamento para Estancias de Temporada,439704258,Ruth,CIUTAT VELLA,LA XEREA,39.4740656,-0.3709551,Entire home/apt,79,13,0,NA,NA,4,19,0,NA
983942806976174500,Luminoso apartamento en el Barrio de la Rascaña,125037312,Claudia,RASCANYA,ELS ORRIOLS,39.4903986,-0.3713229,Entire home/apt,65,30,1,2024-04-03,0.37,30,204,1,NA
984068944099302100,Maison Sereine,62520200,Annabel,BENICALAP,BENICALAP,39.49292,-0.39369,Entire home/apt,92,2,6,2023-11-21,0.66,2,152,6,NA
984126851053280400,Market Square Studio. Wi-Fi + A/C + 4 Pax,14182776,Alberto,CIUTAT VELLA,EL MERCAT,39.47626538948006,-0.38012290066731413,Entire home/apt,105,1,1,2023-10-01,0.11,70,238,1,VT-52708-V
984891949901896800,Apartamentos Las Ciencias O. Wi-Fi + Pk + A/C,14182776,Alberto,QUATRE CARRERES,NA ROVELLA,39.45801971749529,-0.3593920574779164,Entire home/apt,171,1,3,2024-01-08,0.43,70,227,3,VT-53197-V
986235677861364e3,Apartamentos Las Ciencias Studio Q. Wi-Fi+Pk+A/C,14182776,Alberto,QUATRE CARRERES,CIUTAT DE LES ARTS I DE LES CIENCIES,39.457180008973,-0.3581601250618,Entire home/apt,123,1,3,2024-03-18,0.44,70,227,3,NA
986619947804256400,Comfortable apartment near beach,78235144,Isabella,POBLATS MARITIMS,CABANYAL-CANYAMELAR,39.4725153,-0.3301026,Entire home/apt,123,1,9,2024-06-14,1.09,1,0,9,NA
986870836653579900,Amplio Piso en Las Artes y las Ciencias,6995617,José Vicente,QUATRE CARRERES,CIUTAT DE LES ARTS I DE LES CIENCIES,39.44917,-0.36323,Entire home/apt,106,32,2,2024-05-17,0.27,1,237,2,NA
987623889982052500,Comfortable accommodation very close to the beach,491663354,Stl Apartamentos,POBLATS DEL SUD,EL PERELLONET,39.281085969326085,-0.2786803092951245,Entire home/apt,86,2,2,2024-01-03,0.29,11,144,2,NA
987649263420813400,"Ático Campa
Valencia",269540677,Nicoleta,CAMPANAR,CAMPANAR,39.4839787,-0.3987295,Entire home/apt,105,2,4,2024-06-09,1.41,4,125,4,NA
988188844951629800,Espectacular Loft Piscina y Terraza – Las Ciencias,252960526,Alejandro,QUATRE CARRERES,CIUTAT DE LES ARTS I DE LES CIENCIES,39.44918,-0.36216,Entire home/apt,214,3,3,2023-12-04,0.37,1,31,3,VT-52339-V
988382367689855400,Dúplex Encantador en El Cabañal.,123160301,Place Your Place,POBLATS MARITIMS,CABANYAL-CANYAMELAR,39.46716416416916,-0.3317500278353691,Entire home/apt,575,28,2,2024-03-31,0.29,51,32,2,NA
988390690825353300,Cactus loft,15965378,Vicente,L'EIXAMPLE,RUSSAFA,39.464401345892824,-0.3719093591486869,Entire home/apt,109,5,5,2024-06-19,0.72,1,136,5,VT-53494-V
988477762434549500,Moderno apartamiento en Valencia,537423137,Sandra,PATRAIX,VARA DE QUART,39.461585985019454,-0.4033063353129009,Entire home/apt,200,1,0,NA,NA,1,61,0,NA
989149635915270900,Apartamentos Las Ciencias R. Wi-Fi + Pk + A/C,14182776,Alberto,QUATRE CARRERES,CIUTAT DE LES ARTS I DE LES CIENCIES,39.457167583375,-0.35819499377899,Entire home/apt,195,1,4,2023-11-04,0.45,70,210,4,VT-53200-V
989910292898972200,Piso cerca Universidad-playa,435572902,Maria Nieves,POBLATS MARITIMS,CABANYAL-CANYAMELAR,39.46768858551054,-0.33220567778804516,Entire home/apt,90,15,1,2024-05-20,0.86,1,35,1,NA
990330514549521700,Dorm4you Apartaments Alameda 12,539223800,German,CAMINS AL GRAU,PENYA-ROJA,39.4631316,-0.3572358,Entire home/apt,150,1,6,2024-06-12,0.7,14,134,6,NA
990664665817955500,Your long stay attic home in Valencia,15479336,Alvaro,L'OLIVERETA,NOU MOLES,39.47074865272602,-0.39894011322171963,Entire home/apt,87,32,2,2024-04-02,0.41,1,152,2,NA
9.9075860361485606e+17,Habitación con baño cerca del centro y río Turia,539447932,Cruz Alejandra,LA SAIDIA,TORMOS,39.48836551655032,-0.3772350776768324,Entire home/apt,69,2,7,2024-05-26,0.89,4,198,7,NA
991155470818997400,loft@parque central Valencia,221574548,Guy-Henri,L'EIXAMPLE,RUSSAFA,39.4605884,-0.3742285,Entire home/apt,70,30,1,2024-06-15,1,1,221,1,NA
991215223885988500,Loft Cabanyal,532339032,Holidu,POBLATS MARITIMS,CABANYAL-CANYAMELAR,39.47241959999999,-0.3308803,Entire home/apt,67,1,2,2024-05-05,0.28,3,355,2,VT-39856-V
991216146714307100,Hermoso piso luminoso,533801904,Juan,ALGIROS,LA CARRASCA,39.47636,-0.33641,Entire home/apt,101,3,10,2024-06-02,1.36,11,194,10,NA
991249271781634600,Estudio en la Gran Manzana,296291339,José Javier,EXTRAMURS,LA PETXINA,39.469709076317265,-0.3905856736897954,Entire home/apt,167,2,9,2024-06-21,1.29,5,81,9,NA
994295640655622700,Modern apartment in heart of city,2312930,Celso,L'EIXAMPLE,RUSSAFA,39.4603417,-0.3754791,Entire home/apt,196,4,7,2024-06-06,0.83,2,82,7,VT-46274-V
994603489481664500,Wohnung zwischen Zentrum&Strand,78449949,Alisa,CAMINS AL GRAU,AIORA,39.465901451030106,-0.34851251903240177,Entire home/apt,120,2,1,2024-02-23,0.25,1,23,1,NA
994736473347192700,Ciudad y playa desde un barco.,332295528,Mar,POBLATS MARITIMS,EL GRAU,39.461866241244806,-0.3241727369567826,Entire home/apt,303,2,3,2024-04-04,0.36,1,246,3,NA
995454930181888100,"Ruzafa 5 min, perfect locatión.",123160301,Place Your Place,QUATRE CARRERES,MONT-OLIVET,39.4586449,-0.3685462,Entire home/apt,155,1,5,2024-03-03,0.69,51,12,5,VT41853V
995475653094379100,Casa Valenciana Beachvilla-private Pool (ca.2mx4m),540473159,Anna-Maria,POBLATS MARITIMS,CABANYAL-CANYAMELAR,39.47535878145801,-0.3335674238494881,Entire home/apt,690,5,10,2024-05-12,1.49,3,226,10,NA
996111508105047600,IY Loft 0 - Modern and Spacious / Up to 4 People,179318795,Igor,L'OLIVERETA,NOU MOLES,39.47242623202616,-0.397789366543293,Entire home/apt,111,3,4,2024-03-19,0.7,5,0,4,NA
996178016461497500,Centrico apartamento en Valencia,507579336,Furys,L'EIXAMPLE,RUSSAFA,39.4630187,-0.3730883,Entire home/apt,220,1,2,2024-04-14,0.74,2,172,2,NA
996900137094384800,El Campet,21533558,Luis,POBLATS DEL NORD,MASSARROJOS,39.538846398177256,-0.4072931938696217,Entire home/apt,131,3,0,NA,NA,1,89,0,NA
997937909854916900,Malvarrosa Playa en Valencia,81461364,Marisa,POBLATS MARITIMS,LA MALVA-ROSA,39.47699,-0.32726,Entire home/apt,112,30,2,2024-06-17,2,1,256,2,NA
998464005292453200,"Charming LOFT in Ruzafa, SOHO",44450805,Sergio,L'EIXAMPLE,RUSSAFA,39.4630645,-0.3722803,Entire home/apt,120,4,1,2024-03-20,0.32,29,73,1,NA
999016796161633800,Espectacular Atico frente al mar.Wifi3habitaciones,211991268,ValenciaGUEST,POBLATS DEL SUD,EL PERELLONET,39.30320306513834,-0.29036446295165996,Entire home/apt,150,3,7,2024-04-06,0.94,93,142,7,NA
999160866616084100,Unique&Spectacular in Gran Via. Monthly rents,541230718,Ernesto,L'EIXAMPLE,LA GRAN VIA,39.46806,-0.36414,Entire home/apt,178,1,2,2024-03-01,0.36,1,119,2,NA
999801921632921700,Stay in Style in Valencia,209781771,Sinisa,PATRAIX,PATRAIX,39.46668427748797,-0.391667191721038,Entire home/apt,159,30,0,NA,NA,1,325,0,NA
1000523406992145700,Apartamento en la Albufera,541501696,Miguel,POBLATS DEL SUD,EL SALER,39.357022284748,-0.32365930062936593,Entire home/apt,75,10,0,NA,NA,1,31,0,NA
1000546538991910700,Maravilloso estudio en VLC,515947711,Alejandra,JESUS,LA RAIOSA,39.45737580000001,-0.3888426,Entire home/apt,85,2,7,2024-03-31,0.85,4,113,7,NA
1001265439863979300,Apartamento loftvalencia ramón marquet 5A,505036561,Adriana,CAMINS AL GRAU,AIORA,39.4634,-0.34315,Entire home/apt,106,2,9,2024-06-17,2.27,27,37,9,NA
1001311733769012200,La Casita de la Reina,539021095,Holidu,POBLATS MARITIMS,CABANYAL-CANYAMELAR,39.4726973,-0.3282789,Entire home/apt,105,1,0,NA,NA,1,351,0,VT-44355-V
1002264506538673200,Serano,537762028,Valentin,CIUTAT VELLA,EL CARME,39.477124204371954,-0.37823863679417113,Entire home/apt,85,1,0,NA,NA,2,266,0,NA
1002296234768921e3,Caballero 2023,520603765,Anca,CIUTAT VELLA,LA SEU,39.47746,-0.37621,Entire home/apt,89,1,2,2024-04-01,0.53,3,242,2,NA
1002485671802282500,Apartamento Playa Valencia 2,422690557,David,POBLATS MARITIMS,EL GRAU,39.4573507374154,-0.3362638392486645,Entire home/apt,320,1,0,NA,NA,2,218,0,NA
1002509500852124400,Apartamento Playa Valencia 3,422690557,David,POBLATS MARITIMS,EL GRAU,39.45841726676802,-0.3367457674991756,Entire home/apt,354,1,0,NA,NA,2,247,0,NA
1002714460804464800,Casa caracol en  L’Albufera,30552078,Carlos,POBLATS DEL SUD,EL SALER,39.3819,-0.33286,Entire home/apt,70,5,5,2024-05-07,1.15,3,224,5,NA
1003499629007347700,Almar Collection Belmar 5. Dúplex de diseño,500117969,Tamara,EXTRAMURS,ARRANCAPINS,39.4648298,-0.3882079,Entire home/apt,213,2,0,NA,NA,8,336,0,NA
1003518523848957700,Almar Collection Belmar 6 duplex,500117969,Tamara,EXTRAMURS,ARRANCAPINS,39.4648298,-0.3882079,Entire home/apt,238,2,2,2024-02-13,0.27,8,296,2,NA
1003545788034101200,Spanish house- high ceilings and close to beach,540473159,Anna-Maria,POBLATS MARITIMS,CABANYAL-CANYAMELAR,39.474743241332504,-0.33098532753674353,Entire home/apt,345,5,2,2024-03-01,0.34,3,268,2,NA
1003561186181400800,Spanish House-Private Pool and close to beach,540473159,Anna-Maria,POBLATS MARITIMS,CABANYAL-CANYAMELAR,39.47407867797029,-0.33175747399649214,Entire home/apt,300,5,1,2024-06-08,1,3,144,1,NA
1003569469271937800,Magnífica vivienda en el Carmen,51834777,Gonzalo,CIUTAT VELLA,EL CARME,39.47897702499142,-0.376305176307793,Entire home/apt,90,30,0,NA,NA,1,297,0,NA
1004344882165848800,Studio Luminoso,542280410,Maria,CIUTAT VELLA,LA XEREA,39.4715543832674,-0.37227306336355787,Entire home/apt,83,3,4,2024-05-28,0.57,1,35,4,NA
1004793617768167e3,Apartamento céntrico nuevo Calamocha,530608182,Jarabe,PATRAIX,PATRAIX,39.46411849728904,-0.39043015978584605,Entire home/apt,65,15,6,2024-05-07,1,2,0,6,NA
1006266345300738700,Magnífico Apartamento en Ruzafa,474534107,Ignacio,QUATRE CARRERES,EN CORTS,39.4572517,-0.3710195,Entire home/apt,150,1,7,2024-06-01,1.86,3,77,7,NA
1006536849863879200,Family Friendly Luxury 3 Bdrm/2 Bthrm Apartment,542718612,Chris,CAMINS AL GRAU,AIORA,39.46718140120198,-0.34991681122374657,Entire home/apt,135,2,7,2024-05-25,1,1,326,7,NA
1006625434676198400,Piso nuevo cerca del puerto,448537739,Камила,CAMINS AL GRAU,AIORA,39.46289,-0.33883,Entire home/apt,126,3,5,2024-04-09,0.74,1,235,5,NA
1007200193774906400,TTdSSa Carrer las Cestas - CentralMarket (6-8 pax),3155089,Francisco,CIUTAT VELLA,EL MERCAT,39.4723177,-0.3780963,Entire home/apt,325,1,8,2024-05-22,1.13,15,312,8,NA
1007200253672874800,TTdSSa Carrer las Cestas - CentralMarket (4-6 pax),3155089,Francisco,CIUTAT VELLA,EL MERCAT,39.4723177,-0.3780963,Entire home/apt,298,1,7,2024-04-29,0.88,15,327,7,NA
1008049944594213100,IY Loft 5 / Spacious Loft in the Quart Towers,179318795,Igor,EXTRAMURS,EL BOTANIC,39.47700874718099,-0.3856718708549591,Entire home/apt,119,3,9,2024-06-15,2.37,5,56,9,NA
1009180332343318400,Beautiful and Modern Month rents,498829518,Francisco,QUATRE CARRERES,MONT-OLIVET,39.45875,-0.36081,Entire home/apt,129,1,3,2024-06-06,0.91,3,97,3,NA
1009193463171646500,Complete loft in Ruzafa,456135217,Julio,QUATRE CARRERES,MONT-OLIVET,39.45894,-0.36809,Entire home/apt,98,3,10,2024-06-12,1.26,52,150,10,NA
1.0093209719169359e+18,Flat by the historic centre in downtown Valencia,447192231,Miguel,CIUTAT VELLA,EL PILAR,39.4755,-0.38369,Entire home/apt,50,32,2,2024-01-15,0.28,1,157,2,NA
1009915097036994700,"CariSan1 - 6 min to beach, modern, bright",540639230,Carina,POBLATS MARITIMS,LA MALVA-ROSA,39.4794563,-0.3313058,Entire home/apt,119,4,6,2024-03-20,0.89,2,186,6,VT-53676-V
1010125689024671200,Mini estudio privado,119647033,Katerina,CAMINS AL GRAU,AIORA,39.4683,-0.34786,Entire home/apt,44,30,4,2024-05-10,0.56,1,41,4,NA
1010165849614868400,Apartamentos Las Ciencias Studio M. Wi-Fi+PK+A/C,14182776,Alberto,QUATRE CARRERES,CIUTAT DE LES ARTS I DE LES CIENCIES,39.457165512441,-0.35820840482407,Entire home/apt,95,1,3,2024-05-12,0.45,70,250,3,VT-53194-V
1010857390744112e3,Apartamentos Las Ciencias C. WiFi+PK+A/C,14182776,Alberto,QUATRE CARRERES,CIUTAT DE LES ARTS I DE LES CIENCIES,39.457170689775,-0.3582861888855,Entire home/apt,169,1,7,2024-05-07,1.04,70,239,7,VT-53184-V
1010860772975539500,"Уникальное жилье, подходит для работы",104655672,Rita,CAMINS AL GRAU,AIORA,39.46344900791955,-0.3400264854242262,Entire home/apt,300,5,6,2024-06-11,1.96,1,19,6,NA
1010881409200857500,Salón-habitación con baño privado cerca del centro,539447932,Cruz Alejandra,LA SAIDIA,TORMOS,39.48715,-0.37876,Entire home/apt,134,2,3,2024-06-02,0.92,4,195,3,NA
1011274290456291600,Casa con encanto en el Cabañal,39671872,Lola,POBLATS MARITIMS,CABANYAL-CANYAMELAR,39.47415092709987,-0.3308907151222229,Entire home/apt,81,3,10,2024-06-16,2.4,1,108,10,NA
1011467847475262800,Serreria 12,454992347,Cano Florit,POBLATS MARITIMS,BETERO,39.47135811539032,-0.3357521648882212,Entire home/apt,137,1,0,NA,NA,18,183,0,HV-1521
1011490780914526600,Apartamento VLC,217299439,Roberto,POBLATS MARITIMS,EL GRAU,39.46325,-0.33606,Entire home/apt,116,3,0,NA,NA,1,261,0,NA
1011508230862600400,Serreria 13,454992347,Cano Florit,POBLATS MARITIMS,CABANYAL-CANYAMELAR,39.47141786279477,-0.3344168267128614,Entire home/apt,120,1,2,2024-03-17,0.28,18,181,2,HV-1521
1011679954823686400,"Amazing Wi-fi, easy transport",460043598,Vik,POBLATS MARITIMS,CABANYAL-CANYAMELAR,39.468344444301046,-0.3285468967509937,Entire home/apt,93,7,6,2024-06-08,0.85,3,45,6,NA
1012228369001847300,Flat nabij het oude centrum,57851026,Rene,LA SAIDIA,MARXALENES,39.4861305,-0.3790337,Entire home/apt,65,21,0,NA,NA,3,171,0,NA
1013076506392868400,Short-Season Cabañal House,123160301,Place Your Place,POBLATS MARITIMS,CABANYAL-CANYAMELAR,39.468816,-0.3253419,Entire home/apt,74,28,5,2024-05-22,0.93,51,84,5,NA
1013459339460874200,Apartamento en casco histórico,86561335,Victor Manuel,CIUTAT VELLA,EL CARME,39.47916626222659,-0.3811615683165432,Entire home/apt,48,31,2,2023-12-05,0.28,1,201,2,NA
1013512076804590800,Precioso apartamento con Wifi,39520522,Sandra,EXTRAMURS,LA ROQUETA,39.46736,-0.37697,Entire home/apt,116,3,8,2024-01-08,1.07,1,221,8,NA
101379298931776e4,Renate und Alex,1387659,Renate,POBLATS MARITIMS,LA MALVA-ROSA,39.4831864,-0.3272793,Entire home/apt,120,7,5,2024-03-24,0.71,1,36,5,NA
1014267965395838100,Apartamento Estudio luminoso en el Cabanyal,499314941,Maritime Apartamentos,POBLATS MARITIMS,EL GRAU,39.4632915,-0.3356788,Entire home/apt,55,30,3,2024-05-18,0.79,11,241,3,VT-51813-V
1014277511029236200,Modern Bright close to the port,544226679,Vanesa,CAMINS AL GRAU,AIORA,39.464311340864214,-0.3463886487143589,Entire home/apt,105,28,10,2024-06-18,1.6,1,54,10,NA
1014292580248921500,Amplio Apartamento 2 dormitorios en el Cabanyal,499314941,Maritime Apartamentos,POBLATS MARITIMS,EL GRAU,39.4632915,-0.3356788,Entire home/apt,69,30,2,2024-06-20,1.67,11,302,2,VT-51813-V
1014333724954573e3,Barlovento,125037312,Claudia,POBLATS DEL SUD,EL PERELLONET,39.3080390043581,-0.29592792209014007,Entire home/apt,55,30,0,NA,NA,30,199,0,NA
1014416379710416e3,Countryside 3 min by car from oceanografic. Bogotá,193941402,Gabriel,QUATRE CARRERES,LA PUNTA,39.44274707525196,-0.34841174142476306,Entire home/apt,117,3,7,2024-06-01,2.53,4,72,7,NA
1014435481080217900,Cute with sunny patio.Seasonal rent not touristic,544261488,Vicente,POBLATS MARITIMS,CABANYAL-CANYAMELAR,39.47132,-0.33141,Entire home/apt,132,1,3,2024-06-22,1.55,1,173,3,NA
1014528865350877400,Cozy Studio with Terrace Steps from Ruzafa,134221412,VLC Host,QUATRE CARRERES,MONT-OLIVET,39.457043441524384,-0.3626459784310293,Entire home/apt,81,3,6,2024-02-23,0.9,151,146,6,NA
1015124788135653900,Moderno piso en zona residencial,326299352,Vicent,RASCANYA,SANT LLORENS,39.4929,-0.36705,Entire home/apt,210,2,3,2024-05-04,0.46,1,84,3,NA
1015776477231354400,"Turia Gardens, near to Old Town",5389709,Monika,CAMPANAR,LES TENDETES,39.48135665658616,-0.386696420609951,Entire home/apt,135,4,8,2024-06-06,2.07,1,182,8,NA
101603251063962e4,Chopin,475741408,Angel,CIUTAT VELLA,EL MERCAT,39.47304675452146,-0.3767999931543069,Entire home/apt,105,1,6,2024-06-02,0.8,23,140,6,NA
1016571023795467600,Elegante apartamento familiar - alquiler mensual,544231593,María Jose,BENIMACLET,BENIMACLET,39.4802237,-0.3557170000000001,Entire home/apt,144,1,1,2024-01-16,0.19,1,0,1,NA
1017403427907232600,Apartamento 3,520603765,Anca,CIUTAT VELLA,EL CARME,39.4776978,-0.377345,Entire home/apt,89,1,0,NA,NA,3,258,0,NA
1017520067411707400,Luminoso Apartamento 2 dormitorios en el Cabanyal,499314941,Maritime Apartamentos,POBLATS MARITIMS,EL GRAU,39.4632915,-0.3356788,Entire home/apt,69,30,2,2024-03-25,0.45,11,253,2,VT-51813-V
1017551263925274800,Apartamento Estudio con encanto en el Cabanyal,499314941,Maritime Apartamentos,POBLATS MARITIMS,EL GRAU,39.4632915,-0.3356788,Entire home/apt,55,30,4,2024-06-16,0.95,11,302,4,VT-51813-V
1017568595869047e3,Apartamento Estudio acogedor en el Cabanyal,499314941,Maritime Apartamentos,POBLATS MARITIMS,EL GRAU,39.4632915,-0.3356788,Entire home/apt,55,30,0,NA,NA,11,302,0,VT-51813-V
1017581976898439700,Acogedor Apartamento 2 dormitorios en el Cabanyal,499314941,Maritime Apartamentos,POBLATS MARITIMS,EL GRAU,39.4632915,-0.3356788,Entire home/apt,69,30,2,2024-04-30,0.69,11,267,2,VT-51813-V
1018063891078279e3,Apartamento amplio y luminoso junto al centro,50511979,Carlos,JESUS,LA CREU COBERTA,39.45066,-0.38522,Entire home/apt,558,1,1,2024-05-19,0.86,5,169,1,NA
1018535178202507300,suite ciudad histórica,522205233,Monte,CIUTAT VELLA,SANT FRANCESC,39.47155,-0.37677,Entire home/apt,139,1,7,2024-06-15,0.94,21,109,7,NA
1018682974359486600,"New Flat, wifi, AC, 2 rooms",211991268,ValenciaGUEST,L'EIXAMPLE,RUSSAFA,39.46179,-0.3698,Entire home/apt,85,30,2,2024-06-04,1.05,93,185,2,NA
1018684527697081700,GuestReady - Mezzanine comfort in Valencia,545177973,GuestReady,LA SAIDIA,MORVEDRE,39.48464,-0.3715,Entire home/apt,87,1,8,2024-05-11,1.11,1,140,8,NA
1018805690970241900,Vivienda Turistica Valencia 2,195184288,Astrocornucopia S.L,QUATRE CARRERES,CIUTAT DE LES ARTS I DE LES CIENCIES,39.4546292,-0.3592063,Entire home/apt,140,2,1,2024-05-19,0.86,6,265,1,NA
1018928285485515300,"Piso familiar cerca del centro, AC y Wifi gratis",545253624,Valle,BENICALAP,BENICALAP,39.4900474359137,-0.3883320988402566,Entire home/apt,130,4,3,2024-04-25,0.43,3,133,3,VT-44558V
1019305930614334800,Precioso loft junto al centro,432981976,Joan,PATRAIX,PATRAIX,39.46214,-0.3918,Entire home/apt,101,1,4,2024-04-19,0.67,21,175,4,NA
1019308545494852100,Precioso loft junto al centro,432981976,Joan,PATRAIX,PATRAIX,39.45986,-0.39346,Entire home/apt,102,1,6,2024-05-29,0.92,21,181,6,NA
1019309423712816800,Bonito loft junto al centro,432981976,Joan,PATRAIX,PATRAIX,39.46139,-0.39166,Entire home/apt,107,1,8,2024-06-15,1.26,21,184,8,NA
1019458511745725600,Artistic Digital Getaway Large 1 Bedroom King Bed,459868410,Jasdeep,ALGIROS,L'AMISTAT,39.47361128506782,-0.34971963957389524,Entire home/apt,57,3,5,2024-03-18,0.69,8,90,5,VT-53950-V
1019693023788460200,Apartamento acogedor y céntrico,434771578,Laura,QUATRE CARRERES,MONT-OLIVET,39.458409415869504,-0.36193029334948673,Entire home/apt,250,2,10,2024-06-02,1.38,3,315,10,NA
1020259425041066e3,La Petxina,125037312,Claudia,EXTRAMURS,LA PETXINA,39.4746916,-0.3897709,Entire home/apt,60,30,0,NA,NA,30,147,0,NA
1020352137537651e3,Central Market Cool loft,23176846,M.P,CIUTAT VELLA,EL MERCAT,39.47365348510104,-0.3770314157009125,Entire home/apt,110,2,10,2024-06-02,1.38,4,177,10,NA
1020748910251498200,Mercado Central magic appartments,51201468,Konstantin,CIUTAT VELLA,EL MERCAT,39.47396070197769,-0.38031376898288727,Entire home/apt,90,15,4,2024-05-23,0.59,2,195,4,5428902YJ2752G0048EP
1020776035566521600,4-bedroom apartment in Mestalla,430386079,Davide,CAMINS AL GRAU,ALBORS,39.47115372986313,-0.3536579210496496,Entire home/apt,90,30,0,NA,NA,12,31,0,NA
1020851533252407700,Apartamento Perello,515541088,Borus Xdd,POBLATS DEL SUD,EL PERELLONET,39.30777078035573,-0.2999988804856878,Entire home/apt,280,1,0,NA,NA,1,270,0,NA
1020864477216625900,3-bedroom apartment (Benimaclet),430386079,Davide,BENIMACLET,BENIMACLET,39.487219739065445,-0.35956987242360533,Entire home/apt,90,30,0,NA,NA,12,47,0,NA
1021486241677139200,7-bedroom apart. (Ciutat Jardí),430386079,Davide,ALGIROS,L'AMISTAT,39.47276072236061,-0.3484119826144727,Entire home/apt,200,30,0,NA,NA,12,44,0,NA
1021558583760488400,4-bedroom flat in La Vega Baixa,430386079,Davide,ALGIROS,LA VEGA BAIXA,39.47481032049125,-0.3474475998287065,Entire home/apt,75,30,0,NA,NA,12,16,0,NA
1021600066338311400,3-bedroom flat (L'Amistat),430386079,Davide,ALGIROS,L'AMISTAT,39.47267,-0.35157,Entire home/apt,75,30,0,NA,NA,12,47,0,NA
1021626175606647600,4-bedroom flat near Tarongers,430386079,Davide,ALGIROS,CIUTAT JARDI,39.4736199826083,-0.3442044705046303,Entire home/apt,85,30,0,NA,NA,12,31,0,NA
1021736254434533200,New apartment near to the beach 3d,338718984,Cabañal,POBLATS MARITIMS,CABANYAL-CANYAMELAR,39.4695410207397,-0.3305418900030448,Entire home/apt,190,1,7,2024-05-09,2.12,16,349,7,NA
1022273456453727400,Apartamentos Las Ciencias Studio Y. WiFi+A/C,14182776,Alberto,QUATRE CARRERES,CIUTAT DE LES ARTS I DE LES CIENCIES,39.45715308684054,-0.35816280727081207,Entire home/apt,107,1,2,2024-05-01,0.46,70,245,2,EGVT-0234-V
1022275829951750500,GuestReady - Charming stay in the Heart of Russafa,545974477,GuestReady,L'EIXAMPLE,RUSSAFA,39.460692120578514,-0.3720254858326046,Entire home/apt,70,31,1,2024-05-24,1,1,261,1,NA
1023717855401105700,Ruzafa Comfort: Cozy Studio Retreat for 4,134221412,VLC Host,QUATRE CARRERES,MONT-OLIVET,39.45880126716094,-0.36232732131531337,Entire home/apt,79,3,6,2024-06-06,0.97,151,179,6,NA
1023847772662302800,Modern Studio with Terrace: Ruzafa Getaway,134221412,VLC Host,QUATRE CARRERES,MONT-OLIVET,39.458349549847355,-0.36053127331271834,Entire home/apt,92,3,5,2024-03-12,0.96,151,179,5,NA
1023852877489284900,Charming Studio Steps Away from Ruzafa,134221412,VLC Host,QUATRE CARRERES,MONT-OLIVET,39.45772654801697,-0.3624894812416469,Entire home/apt,82,3,4,2024-01-06,0.55,151,195,4,NA
1024569699092406300,Beachside Bliss: Fully Equipped Studio for Four,134221412,VLC Host,POBLATS MARITIMS,CABANYAL-CANYAMELAR,39.46989,-0.32894,Entire home/apt,120,3,5,2024-05-16,0.76,151,251,5,NA
1024580357795425200,Artistic Beach Retreat - Digital Nomads & Couples,459868410,Jasdeep,POBLATS MARITIMS,LA MALVA-ROSA,39.47904965460485,-0.3307058751068462,Entire home/apt,78,3,9,2024-03-23,1.36,8,125,9,NA
10245842804033e5,Lovely apartment in Ruzafa,491034930,Timur,L'EIXAMPLE,RUSSAFA,39.46293,-0.36755,Entire home/apt,125,28,5,2024-05-31,0.74,3,284,5,NA
1024601394514229500,viva valencia apartments 2,546478687,Simona,POBLATS MARITIMS,CABANYAL-CANYAMELAR,39.46605160795917,-0.3297064742606918,Entire home/apt,312,3,2,2024-05-12,0.61,3,266,2,NA
1024659734378688e3,viva valencia apartments 1,546478687,Simona,POBLATS MARITIMS,CABANYAL-CANYAMELAR,39.46794,-0.32981,Entire home/apt,288,3,1,2024-05-19,0.83,3,201,1,NA
1024676099011889400,viva valencia apartments 232,546478687,Simona,POBLATS MARITIMS,CABANYAL-CANYAMELAR,39.4722,-0.329,Entire home/apt,269,2,0,NA,NA,3,152,0,NA
1025371537193897200,Apartamentos Las Ciencias Studio X. WiFi+PK+A/C,14182776,Alberto,QUATRE CARRERES,CIUTAT DE LES ARTS I DE LES CIENCIES,39.456917,-0.3587368,Entire home/apt,96,1,10,2024-05-26,1.46,70,247,10,EGVT/0234/V
1025377645639264300,Casa familiar cerca del centro,545253624,Valle,LA SAIDIA,MARXALENES,39.48794001072929,-0.3879741449689552,Entire home/apt,120,4,3,2024-02-10,0.42,3,110,3,NA
1025389313723356300,Piso con encanto bien conectado,545253624,Valle,BENICALAP,BENICALAP,39.48989,-0.38864,Entire home/apt,96,4,1,2024-01-03,0.17,3,95,1,NA
1025524923349081500,Apartamentos Las Ciencias Studio T. WiFi+A/C,14182776,Alberto,QUATRE CARRERES,CIUTAT DE LES ARTS I DE LES CIENCIES,39.45710959722,-0.35818158273392,Entire home/apt,90,1,8,2024-06-03,2.02,70,246,8,EGVT/0234/V
1025939331095157900,Apartamentos Las Ciencias V. WiFi+A/C,14182776,Alberto,QUATRE CARRERES,CIUTAT DE LES ARTS I DE LES CIENCIES,39.456917,-0.3587368,Entire home/apt,131,1,4,2024-05-11,0.7,70,239,4,EGVT/0234/V
1025954031954023e3,Apartamentos Las Ciencias U. WiFi+A/C,14182776,Alberto,QUATRE CARRERES,CIUTAT DE LES ARTS I DE LES CIENCIES,39.458080569902954,-0.35795105398595173,Entire home/apt,114,1,10,2024-05-05,1.74,70,235,10,EGVT/0234/V
1026010479651588100,GuestReady - A joyful stay in Poblats Marítims,546784590,Vicente,POBLATS MARITIMS,EL GRAU,39.46092,-0.33916,Entire home/apt,75,30,2,2024-06-15,0.37,1,339,2,NA
1026517619429173500,Campervan Mercedes,368862236,Bastian,POBLATS MARITIMS,LA MALVA-ROSA,39.47714889721053,-0.32612547378637907,Entire home/apt,94,2,5,2024-05-12,1.53,1,184,5,NA
1026663826947786e3,Apartamento en centro valencia 1,545934388,Zx,EXTRAMURS,LA ROQUETA,39.46732,-0.37793,Entire home/apt,101,2,8,2024-06-17,5.71,2,105,8,NA
1026701017607998800,GuestReady - València Rooftop Respite,546897184,GuestReady,CAMPANAR,EL CALVARI,39.48646,-0.3898,Entire home/apt,100,1,3,2024-03-31,0.58,1,264,3,NA
1027375027911438e3,Agora View,14637831,Tristan,QUATRE CARRERES,NA ROVELLA,39.4505633,-0.3670784233,Entire home/apt,80,59,0,NA,NA,1,74,0,NA
1027463184588608300,Ca Celieta Beach I. WiFi+A/C+4Pax,14182776,Alberto,POBLATS MARITIMS,CABANYAL-CANYAMELAR,39.47466900886035,-0.3291462497435625,Entire home/apt,183,1,9,2024-05-31,1.28,70,175,9,AV-30
1027598775740969200,Furgoneta Camper de Ensueño.,306040837,Lorena,POBLATS DEL SUD,CASTELLAR-L'OLIVERAL,39.42779904176821,-0.3607735989775113,Entire home/apt,115,1,0,NA,NA,1,270,0,NA
1027668582396700800,The Peaceful Valencia Stay,421982308,Elizabeth,ALGIROS,L'AMISTAT,39.47412759365073,-0.35069665257573357,Entire home/apt,142,1,5,2024-06-02,0.71,5,149,5,NA
1028217094494966800,Apartamento ciencias,547219538,Adam,CAMINS AL GRAU,AIORA,39.46535882284055,-0.33720587962055104,Entire home/apt,139,1,10,2024-06-02,2.56,1,225,10,NA
1028838168261804800,Suite Moderna con Encanto,66092872,Jose Luis,CAMINS AL GRAU,AIORA,39.46495,-0.34158,Entire home/apt,114,1,10,2024-06-02,1.52,6,75,10,VT-53593-V
1028849326670030300,Comfortable accommodation in Valencia city centre,491663354,Stl Apartamentos,LA SAIDIA,TORMOS,39.48648372658579,-0.3787490226494925,Entire home/apt,70,1,5,2024-06-09,0.74,11,165,5,NA
1029184133452508900,Nueva casa ideal para familias,79416583,Titín,CAMPANAR,LES TENDETES,39.48523162762245,-0.38731590703279134,Entire home/apt,150,3,4,2024-03-19,0.59,2,49,4,NA
1029572497396365600,Apartamento Estándar con terraza,547496009,Imperial Apartamentos,CAMINS AL GRAU,AIORA,39.4631512,-0.341713,Entire home/apt,74,1,3,2024-03-24,0.43,7,124,3,NA
1029781200853788700,Apto en el centro de Valencia cerca de todo,418257873,Milton,CIUTAT VELLA,EL CARME,39.478696661857015,-0.3806081414222718,Entire home/apt,109,2,3,2024-06-21,0.8,1,48,3,NA
1030297051581812e3,Apartamento Suite,547496009,Imperial Apartamentos,CAMINS AL GRAU,AIORA,39.4631512,-0.341713,Entire home/apt,79,1,7,2024-06-07,1,7,127,7,NA
1030301514955003e3,Bonito apartamento tipo estudio larga estancia.,54878436,Giselle,QUATRE CARRERES,EN CORTS,39.45630995500781,-0.3713135213353392,Entire home/apt,49,1,0,NA,NA,1,97,0,NA
1030305854506913300,Apto 1 habitación con terraza,547496009,Imperial Apartamentos,CAMINS AL GRAU,AIORA,39.4630745,-0.3415035,Entire home/apt,73,1,1,2023-12-04,0.15,7,130,1,NA
1030415984557191700,Amazing flat in Ruzafa,51201468,Konstantin,QUATRE CARRERES,MONT-OLIVET,39.46149178140604,-0.3645467901317488,Entire home/apt,72,20,1,2023-12-04,0.15,2,173,1,6815116Y2761F0007KT
1030586341684574800,Arquitecto I,524635391,Ayres,CAMINS AL GRAU,AIORA,39.46623019052387,-0.3489473042075268,Entire home/apt,122,4,9,2024-06-08,2.05,6,257,9,NA
1030854398558414100,Muy tranquilo,433205933,Valentina,EL PLA DEL REAL,MESTALLA,39.46880333526445,-0.35905002372012434,Entire home/apt,180,1,2,2024-04-28,1.05,2,255,2,NA
1030874134094974100,Apartamento Albufera,338821495,Maria,POBLATS DEL SUD,EL SALER,39.365469867121085,-0.31969164154229945,Entire home/apt,200,2,5,2024-03-31,0.74,1,276,5,NA
1031222329957900800,Ca Celieta Beach IV. WiFi+A/C+4Pax,14182776,Alberto,POBLATS MARITIMS,CABANYAL-CANYAMELAR,39.4736575,-0.3286672,Entire home/apt,184,1,10,2024-06-01,1.52,70,191,10,AV-30
1031736916726889500,Modern Designed Loft in Russafa (SOHO),44450805,Sergio,EXTRAMURS,ARRANCAPINS,39.46119304137969,-0.3791814372976722,Entire home/apt,136,4,7,2024-05-29,1.04,29,72,7,NA
1031905150722403300,Nice and elegant apartment in Valencia,547978842,Serena,CIUTAT VELLA,EL CARME,39.47668,-0.38349,Entire home/apt,105,2,3,2024-05-19,0.81,1,20,3,NA
1033414139966892800,Suite Familiar en Valencia,522205233,Monte,RASCANYA,TORREFIEL,39.49447386607386,-0.3756309673190117,Entire home/apt,400,5,1,2023-12-03,0.15,21,118,1,NA
1033789486829903900,Precioso Loft,505330483,Favio,CAMINS AL GRAU,AIORA,39.4639351030081,-0.3431630994574311,Entire home/apt,104,2,9,2024-05-17,1.84,15,98,9,NA
1033864499490615300,Stylish Home in Valencia City,103842584,Galina,CAMINS AL GRAU,AIORA,39.462852862147024,-0.33825914460153605,Entire home/apt,119,2,9,2024-06-02,2.76,2,53,9,NA
1033963779232604200,Exclusive LOFT in Ruzafa (SOHO),44450805,Sergio,EXTRAMURS,ARRANCAPINS,39.4603413445934,-0.3792287387452159,Entire home/apt,107,4,3,2024-05-29,0.45,29,84,3,NA
1034153039600055e3,"""Refugio Vacacional""",533107612,Neus,EXTRAMURS,ARRANCAPINS,39.465782388637216,-0.38693663875598583,Entire home/apt,130,1,3,2024-01-28,0.45,2,47,3,NA
1034573869102438900,limehome Valencia Palau | Studio disability access,418270816,Limehome,LA SAIDIA,MORVEDRE,39.4843716,-0.3768404,Entire home/apt,149,1,0,NA,NA,17,337,0,HV-1523
1034597057605446300,limehome Valencia Palau | Studio with sofa bed,418270816,Limehome,LA SAIDIA,MORVEDRE,39.4843716,-0.3768404,Entire home/apt,160,1,3,2024-05-13,0.86,17,360,3,HV-1523
1034604446338143200,limehome Valencia Palau | Studio +sofa bed&balcony,418270816,Limehome,LA SAIDIA,MORVEDRE,39.4843716,-0.3768404,Entire home/apt,172,1,4,2024-05-16,1.2,17,363,4,HV-1523
1034610319570021100,limehome Valencia Palau | Studio +sofa bed&terrace,418270816,Limehome,LA SAIDIA,MORVEDRE,39.4843716,-0.3768404,Entire home/apt,194,1,1,2024-04-21,0.48,17,336,1,HV-1523
1034705425758095100,SingularStays Benimaclet,543129726,Natalia,RASCANYA,SANT LLORENS,39.4879902,-0.3645686,Entire home/apt,82,1,0,NA,NA,25,310,0,NA
1.0347136738484401e+18,SingularStays Clero,543129726,Natalia,L'EIXAMPLE,RUSSAFA,39.4633419,-0.3731987,Entire home/apt,147,1,1,2024-04-12,0.42,25,291,1,NA
1034721041448086300,SingularStays Gran Via,543129726,Natalia,EXTRAMURS,LA PETXINA,39.4761022,-0.3909268,Entire home/apt,98,1,0,NA,NA,25,294,0,NA
1034761972096440300,SingularStays Santa Teresa,543129726,Natalia,CIUTAT VELLA,EL PILAR,39.4746791,-0.3813648,Entire home/apt,116,1,0,NA,NA,25,260,0,NA
1034770060412030200,SingularStays Tinglado,543129726,Natalia,POBLATS MARITIMS,EL GRAU,39.4610422,-0.3328214,Entire home/apt,108,1,0,NA,NA,25,322,0,NA
1034820302475334100,Luminoso y Céntrico Apartamento en Valencia,548561275,Silvia,CIUTAT VELLA,LA XEREA,39.4720453,-0.3737128,Entire home/apt,80,30,1,2024-05-31,1,1,144,1,NA
1035330566008478700,El SalerII-Vistas espectaculares. No turistas.,548661217,Dulce,POBLATS DEL SUD,EL SALER,39.3638273,-0.3199375,Entire home/apt,125,7,5,2024-05-10,0.89,3,2,5,NA
1035608408519726700,Apartamentos  cerca ciudad,3028247,Marian Ovidiu,JESUS,LA CREU COBERTA,39.44866552076945,-0.3848132975172517,Entire home/apt,85,2,0,NA,NA,2,304,0,NA
1036023142749527800,Marina Estudio,132595471,FlatsForYou,POBLATS MARITIMS,EL GRAU,39.460837988365405,-0.3363966082553073,Entire home/apt,132,1,2,2024-04-23,0.48,8,96,2,NA
1036036909904780200,"Cozy & Peaceful LOFT, 5 min. Ruzafa",298085271,Annalisa,QUATRE CARRERES,EN CORTS,39.45712169999999,-0.3705874,Entire home/apt,62,32,0,NA,NA,2,79,0,NA
1036395314903574800,Apartamento Ciudad de las Artes,522205233,Monte,CAMINS AL GRAU,CAMI FONDO,39.46496,-0.34944,Entire home/apt,150,1,6,2024-05-31,0.95,21,131,6,NA
1036821675220075300,Loft art studio,24257399,Chris,BENIMACLET,BENIMACLET,39.48582959002582,-0.3658627993807734,Entire home/apt,99,1,3,2024-05-26,0.92,2,98,3,NA
1036938317730332400,4 bedrooms and 2 bathrooms,548989953,Tim,JESUS,L'HORT DE SENABRE,39.455470696435896,-0.39090001715668904,Entire home/apt,90,31,5,2024-05-11,0.79,1,307,5,NA
1038559549641550100,Suite Familiar Ciutat vela,522205233,Monte,CIUTAT VELLA,SANT FRANCESC,39.470464173720515,-0.3766471892595291,Entire home/apt,150,1,4,2024-05-30,1.06,21,108,4,NA
1038560253724593400,suite histórica,522205233,Monte,CIUTAT VELLA,SANT FRANCESC,39.46988209199433,-0.37523144699521055,Entire home/apt,189,1,5,2024-04-17,0.84,21,109,5,NA
1038912323495952400,Autocaravana en Valencia,19272492,Alejandro,POBLATS MARITIMS,EL GRAU,39.46043944081753,-0.33249688664846166,Entire home/apt,133,2,0,NA,NA,1,279,0,NA
1039867998832169200,Short Season Valencia Centro,123160301,Place Your Place,EXTRAMURS,LA ROQUETA,39.46746518220111,-0.38237471133470535,Entire home/apt,85,28,0,NA,NA,51,85,0,NA
1039875821113104600,Torres Quart Luminoso Elegante,12524685,David,CIUTAT VELLA,EL PILAR,39.47454,-0.38337,Entire home/apt,80,15,2,2024-05-26,1.2,17,89,2,NA
1041020974408973400,Apartamento Estudio Plantabaja,499314941,Maritime Apartamentos,POBLATS MARITIMS,EL GRAU,39.4632915,-0.3356788,Entire home/apt,119,1,0,NA,NA,11,73,0,VT-51813-V
1041082673187819300,Apartamento 2 dormitorios Plantabaja,499314941,Maritime Apartamentos,POBLATS MARITIMS,EL GRAU,39.4632915,-0.3356788,Entire home/apt,154,1,0,NA,NA,11,70,0,VT-51813-V
1041211992826076e3,Apartamento  Mercado Ruzafa 6C,500343338,Cristobal,L'EIXAMPLE,RUSSAFA,39.463807076820274,-0.3709176555275917,Entire home/apt,68,30,5,2024-06-01,1.32,13,178,5,NA
1041862709522795800,Apartamento Almas Centro,123160301,Place Your Place,CIUTAT VELLA,SANT FRANCESC,39.4693912,-0.3784586,Entire home/apt,110,4,3,2024-04-10,0.5,51,40,3,VT-42004-V
104210609162171e4,Cómodo apartamento en Valencia,41271471,Jose,RASCANYA,TORREFIEL,39.493415957242306,-0.38167350903568953,Entire home/apt,95,20,1,2024-03-21,0.32,1,260,1,NA
1043199825655360300,Moderno loft en pleno centro,464453369,Jose Antonio,CIUTAT VELLA,EL MERCAT,39.47213,-0.37898,Entire home/apt,113,4,4,2024-05-05,0.69,4,104,4,NA
1043445141766927500,Sunny and beautiful apartment; & private terrace.,84522149,Luca,POBLATS MARITIMS,CABANYAL-CANYAMELAR,39.46466401375516,-0.3321255966258106,Entire home/apt,45,1,0,NA,NA,1,38,0,NA
1043649433412528800,Ático Valencia con Jacuzzi,550406463,Manuel,CAMPANAR,LES TENDETES,39.485188915630246,-0.3869734247196204,Entire home/apt,224,1,8,2024-06-18,2.82,1,192,8,NA
1043706681514214100,Modern Apartment in LOFT-style near City Center,513997824,Yana,ALGIROS,L'AMISTAT,39.47078,-0.35197,Entire home/apt,91,5,10,2024-05-06,1.64,8,76,10,NA
1043987002927630800,"Eleganci@ Valencia: central apartment, fast WIFI",134125608,Fco Javier,EXTRAMURS,LA ROQUETA,39.46693,-0.38171,Entire home/apt,92,30,0,NA,NA,1,74,0,NA
1044712818994179800,Plaza de la Reina,261149179,Vacansis,CIUTAT VELLA,LA SEU,39.474823,-0.3746018,Entire home/apt,66,1,4,2024-06-16,1.11,6,241,4,NA
1045492405506138400,GuestReady - Superb retreat in Ruzafa,518331880,Javier,L'EIXAMPLE,RUSSAFA,39.46249,-0.37647,Entire home/apt,100,30,1,2024-06-15,1,3,342,1,NA
1.0456507194770639e+18,Valencia Opera. WIFI+A/C,14182776,Alberto,QUATRE CARRERES,MONT-OLIVET,39.4592573,-0.3613942,Entire home/apt,155,1,10,2024-05-30,1.69,70,205,10,VT-4107-V
1045724430291421700,Valentia Malva Rosa,161897366,Kerim,POBLATS MARITIMS,LA MALVA-ROSA,39.47764,-0.32641,Entire home/apt,176,2,0,NA,NA,2,98,0,NA
1045831056547430700,Valentina Cabañal,161897366,Kerim,POBLATS MARITIMS,BETERO,39.47381,-0.33608,Entire home/apt,158,2,0,NA,NA,2,134,0,NA
1046208830764835700,Ciudad Fallera studio,56308447,Mihail,BENICALAP,CIUTAT FALLERA,39.49793647691412,-0.39457604964549375,Entire home/apt,39,14,0,NA,NA,2,138,0,NA
1046339652289961100,Apartment B Cube by Mimood,550969833,Mimood.Es,JESUS,L'HORT DE SENABRE,39.45076432106886,-0.3936354460327096,Entire home/apt,137,3,5,2024-05-27,1.56,2,210,5,NA
1046500931856652700,Anfitrión cerca de la playa,379846908,Maria,ALGIROS,LA CARRASCA,39.47914,-0.33324,Entire home/apt,145,1,2,2024-06-09,2,4,89,2,NA
1047644633217098500,Bonito apartamento en Valencia.,531382680,Aguiles,LA SAIDIA,TORMOS,39.48959,-0.38176,Entire home/apt,85,1,3,2024-06-16,1.18,5,51,3,NA
1047660903012835700,3-bedroom Apartment between City and Beach,11069121,Jan,CAMINS AL GRAU,AIORA,39.4671219,-0.3458219,Entire home/apt,54,2,3,2024-03-03,0.63,1,52,3,NA
1049191752895750300,loft con terraza,72009114,Ciutat Vella,CIUTAT VELLA,EL MERCAT,39.472075859726246,-0.3776971043674055,Entire home/apt,97,2,7,2024-06-04,1.24,10,281,7,NA
1049341114904739600,Lujoso apartamento en el centro,91847018,Javier,CIUTAT VELLA,LA SEU,39.47533959215028,-0.3764601051807403,Entire home/apt,253,2,1,2024-06-02,1,1,129,1,NA
1049798983410842900,Cosy Studio Steps from Ruzafa,134221412,VLC Host,QUATRE CARRERES,MONT-OLIVET,39.45896,-0.36063,Entire home/apt,92,3,3,2024-04-12,1.02,151,160,3,NA
1049930568805152600,Casa Valencia capital 1,551527047,Pau,BENICALAP,BENICALAP,39.4922115084827,-0.39660068720020425,Entire home/apt,71,30,1,2024-06-06,1,4,7,1,NA
1049951459258319400,Apartamento Valencia capital 5,551527047,Pau,BENICALAP,BENICALAP,39.49506796586564,-0.3944367279612459,Entire home/apt,60,3,1,2024-02-07,0.22,4,35,1,NA
1050659809635056100,Historic Spain - 3/2 Apt Mercado Central,873551,Sam,CIUTAT VELLA,EL MERCAT,39.47396,-0.3786,Entire home/apt,205,4,6,2024-05-09,1.53,1,294,6,NA
1050705727177753700,Central Cozy Ground Floor Studio,64071263,Janet,EXTRAMURS,LA PETXINA,39.471746831497114,-0.38643810418128366,Entire home/apt,96,3,3,2024-05-27,1.84,2,200,3,NA
1051416640778387100,GuestReady - Relaxing home in Valencia's Old Town,551995610,GuestReady,CIUTAT VELLA,LA SEU,39.47774144184611,-0.3740564425418634,Entire home/apt,125,1,9,2024-06-07,1.56,1,227,9,NA
1056154570705797800,Central Valencia Ground Floor Studio,64071263,Janet,EXTRAMURS,ARRANCAPINS,39.47084,-0.38608,Entire home/apt,125,3,0,NA,NA,2,224,0,NA
1056281379373106200,Ático Reina Catalina,543129726,Natalia,CIUTAT VELLA,LA SEU,39.4746533,-0.3754405,Entire home/apt,329,1,1,2024-04-30,0.55,25,302,1,NA
1056287742871956e3,Loft nuevo junto a la playa y cerca del centro,553062382,Maria Laura,ALGIROS,L'ILLA PERDUDA,39.46782595701868,-0.33722938190412666,Entire home/apt,105,3,4,2024-03-30,0.77,1,131,4,VT-53588-V
1056290256650491e3,Baleares,543129726,Natalia,POBLATS MARITIMS,EL GRAU,39.45892903904169,-0.33440252327881836,Entire home/apt,85,1,1,2024-05-19,0.86,25,320,1,NA
1056301369197199600,Campanar,543129726,Natalia,BENICALAP,BENICALAP,39.48527826273218,-0.39511072883605,Entire home/apt,87,1,0,NA,NA,25,298,0,NA
1056334255106451300,Oceanográfico II,543129726,Natalia,CAMINS AL GRAU,PENYA-ROJA,39.4566327107266,-0.34383346931151637,Entire home/apt,114,1,0,NA,NA,25,178,0,NA
1056378203418080500,San Valero,543129726,Natalia,L'EIXAMPLE,RUSSAFA,39.463191752895035,-0.3715865153442443,Entire home/apt,119,1,0,NA,NA,25,311,0,NA
1056463363856023600,Alfarería II,543129726,Natalia,POBLATS MARITIMS,EL GRAU,39.463246707526984,-0.3353605932540926,Entire home/apt,99,1,0,NA,NA,25,323,0,NA
1056464738253674400,Flat - Terrace near the Nord Station,552004331,Valma,EXTRAMURS,LA ROQUETA,39.46427623775874,-0.38035055855270966,Entire home/apt,110,1,9,2024-06-11,1.55,1,338,9,VT-45161-V
1056468757198894200,Alfarería III,543129726,Natalia,POBLATS MARITIMS,EL GRAU,39.4631680188917,-0.33527476256561606,Entire home/apt,108,1,0,NA,NA,25,284,0,NA
1056473074288802700,Alfarería IV,543129726,Natalia,POBLATS MARITIMS,EL GRAU,39.463217716987515,-0.33528012698364584,Entire home/apt,108,1,0,NA,NA,25,234,0,NA
1056478713173429e3,Alfarería V,543129726,Natalia,POBLATS MARITIMS,EL GRAU,39.46318872643591,-0.3353284067459139,Entire home/apt,108,1,0,NA,NA,25,0,0,NA
1056520073682327800,Alfarería VI,543129726,Natalia,POBLATS MARITIMS,EL GRAU,39.46322600000001,-0.3353445,Entire home/apt,108,1,0,NA,NA,25,0,0,NA
1056528861379801300,Alfarería VII,543129726,Natalia,POBLATS MARITIMS,EL GRAU,39.46322600000001,-0.3353445,Entire home/apt,108,1,0,NA,NA,25,268,0,NA
1056537442105671400,Alfarería VIII,543129726,Natalia,POBLATS MARITIMS,EL GRAU,39.46322600000001,-0.3353445,Entire home/apt,103,1,0,NA,NA,25,267,0,NA
1056638527486078600,Apartamento nuevo cerca de la playa y céntrico,553172241,Andy Y Romina,POBLATS MARITIMS,BETERO,39.46962,-0.33529,Entire home/apt,126,3,2,2024-04-02,0.5,1,105,2,VT-53587-V
1056658729934007600,Piso con mucho encanto en Ruzafa - Mensual,257628148,Arturo,L'EIXAMPLE,RUSSAFA,39.46312527452855,-0.3745758533477783,Entire home/apt,120,28,3,2024-04-07,0.95,1,62,3,NA
1057001226433142300,"Moderno piso cerca de centro ciudad, a estrenar",553258109,Ana,L'OLIVERETA,NOU MOLES,39.47086754736112,-0.3928501281664441,Entire home/apt,163,4,5,2024-05-08,1.19,1,54,5,NA
1057019291718100600,Stylish 4 bedroom. Perfect for families and nomads,553261248,Karin,QUATRE CARRERES,MONT-OLIVET,39.45996317879631,-0.3620510203605874,Entire home/apt,180,1,2,2024-04-30,0.65,1,80,2,NA
1057090163982844e3,Apartamento cerca del Mercado Central,134222176,Mila,CIUTAT VELLA,EL MERCAT,39.47337545552307,-0.3796996102751467,Entire home/apt,106,1,0,NA,NA,5,85,0,NA
1057197526281980200,Piso nuevo al lado del mar,137782972,Lorenzo,POBLATS MARITIMS,LA MALVA-ROSA,39.47969478544039,-0.3275074437260628,Entire home/apt,240,2,1,2024-02-18,0.24,3,247,1,NA
1057742387953363200,Cozy and charming perfect for nomads people,553445457,Mercedes Y Pedro,CAMINS AL GRAU,CAMI FONDO,39.46413369314135,-0.35268305180559634,Entire home/apt,73,28,2,2024-06-03,1.15,1,310,2,NA
1057779362631825700,Apartamento 2 L,553125168,Eric,BENICALAP,BENICALAP,39.49065,-0.38601,Entire home/apt,119,1,10,2024-05-02,1.86,28,263,10,NA
1057802640161476400,Apartamento 3 L,553125168,Eric,BENICALAP,BENICALAP,39.49095696741368,-0.38738682393874774,Entire home/apt,119,1,2,2024-04-20,0.37,28,260,2,NA
1057806937672569600,Apartamento 4 L,553125168,Eric,BENICALAP,BENICALAP,39.49025124294489,-0.3872208484313217,Entire home/apt,119,1,7,2024-04-21,1.3,28,263,7,NA
1058738713247508400,Apartamento G20-2,553125168,Eric,BENICALAP,BENICALAP,39.490785398597005,-0.3959327537879986,Entire home/apt,119,1,7,2024-06-16,1.36,28,246,7,NA
1059140592007543200,Apartamento G20-1,553125168,Eric,BENICALAP,BENICALAP,39.491899600000004,-0.3957269,Entire home/apt,119,1,3,2024-05-09,0.56,28,259,3,NA
1059148095246501e3,Apartamento G10-1,553125168,Eric,BENICALAP,BENICALAP,39.4923836,-0.3947953,Entire home/apt,119,1,3,2024-04-18,0.68,28,246,3,NA
1059154051294656800,Apartamento G10-5,553125168,Eric,BENICALAP,BENICALAP,39.4923836,-0.3947953,Entire home/apt,119,1,0,NA,NA,28,222,0,NA
1059159058502350200,Apartamento G10-4,553125168,Eric,BENICALAP,BENICALAP,39.4923836,-0.3947953,Entire home/apt,119,1,1,2024-02-12,0.23,28,259,1,NA
1059198188031604200,Apartamento F66-1,553125168,Eric,BENICALAP,BENICALAP,39.4929543,-0.3947157,Entire home/apt,119,1,1,2024-03-30,0.35,28,230,1,NA
1059208165466732500,Apartamento F66-2,553125168,Eric,BENICALAP,BENICALAP,39.4929543,-0.3947157,Entire home/apt,119,1,1,2024-06-17,1,28,255,1,NA
1059211827629313e3,Apartamento F66-3,553125168,Eric,BENICALAP,BENICALAP,39.4929543,-0.3947157,Entire home/apt,119,1,0,NA,NA,28,244,0,NA
1.0592150187744881e+18,Apartamento F66-4,553125168,Eric,BENICALAP,BENICALAP,39.4929543,-0.3947157,Entire home/apt,119,1,5,2024-05-26,1.01,28,255,5,NA
1059217769661643500,Apartamento F66-5,553125168,Eric,BENICALAP,BENICALAP,39.4929543,-0.3947157,Entire home/apt,119,1,1,2024-04-25,0.51,28,256,1,NA
1059222721340260400,Apartamento F66-6,553125168,Eric,BENICALAP,BENICALAP,39.4929543,-0.3947157,Entire home/apt,119,1,0,NA,NA,28,245,0,NA
1059234919021267200,Apartamento F66-7,553125168,Eric,BENICALAP,BENICALAP,39.4929543,-0.3947157,Entire home/apt,119,1,0,NA,NA,28,246,0,NA
1059237793921379800,Apartamento F66-8,553125168,Eric,BENICALAP,BENICALAP,39.4929543,-0.3947157,Entire home/apt,119,1,4,2024-06-01,1.32,28,241,4,NA
1059389134718348300,Apartamento F113-9,553125168,Eric,BENICALAP,BENICALAP,39.4937641,-0.3959666,Entire home/apt,111,1,0,NA,NA,28,242,0,NA
1059410729456478200,Apartamento F113-11,553125168,Eric,BENICALAP,BENICALAP,39.4937641,-0.3959666,Entire home/apt,111,1,1,2024-05-08,0.65,28,260,1,NA
1059413335775700600,Apartamento F113-13,553125168,Eric,BENICALAP,BENICALAP,39.4937641,-0.3959666,Entire home/apt,111,1,4,2024-06-03,0.9,28,247,4,NA
1059424506150961800,Apartamento F113-14,553125168,Eric,BENICALAP,BENICALAP,39.4937641,-0.3959666,Entire home/apt,111,1,0,NA,NA,28,261,0,NA
1059428613894441600,Apartamento F113-15,553125168,Eric,BENICALAP,BENICALAP,39.4937641,-0.3959666,Entire home/apt,111,1,0,NA,NA,28,262,0,NA
1059857989859634200,Apartamento C-2 Mini piscina no climatizada,553125168,Eric,BENICALAP,BENICALAP,39.4899613,-0.3874197,Entire home/apt,119,1,0,NA,NA,28,252,0,NA
1059861590556617100,Apartamento C-3 Mini piscina no climatizada,553125168,Eric,BENICALAP,BENICALAP,39.4899613,-0.3874197,Entire home/apt,119,1,1,2024-05-26,1,28,257,1,NA
1059874139623142900,Apartamento P-1,553125168,Eric,LA SAIDIA,MARXALENES,39.48910559999999,-0.3866875,Entire home/apt,119,1,1,2024-02-11,0.23,28,229,1,NA
1059965428542857e3,Agradable velero en Club Náutico,47377163,Victor,POBLATS MARITIMS,EL GRAU,39.43012,-0.3352,Entire home/apt,87,2,0,NA,NA,1,253,0,NA
1060000046377225200,Apartamento en Valencia,446318585,Anna,QUATRE CARRERES,MONT-OLIVET,39.458906949560536,-0.36804045876710095,Entire home/apt,170,3,0,NA,NA,1,35,0,NA
1060144165627718700,Villa Casa Valencia,533789630,Vincent Hassisen,POBLATS MARITIMS,NATZARET,39.44547409770975,-0.33198488095092404,Entire home/apt,414,2,0,NA,NA,1,34,0,EGVT135720
1060730275055236600,Classical apartment in Ruzafa,282134097,Arantxa,L'EIXAMPLE,RUSSAFA,39.46110134765703,-0.36949589353718526,Entire home/apt,360,10,0,NA,NA,3,365,0,NA
1061102382962124500,Elegant studio in Valencia,442392183,Mariano,EL PLA DEL REAL,MESTALLA,39.474161099966985,-0.35395626146604525,Entire home/apt,101,2,1,2024-05-25,1,1,180,1,NA
1061490006365887700,"Loft with bathroom, kitchen and private terrace.",311202597,Jorge,POBLATS MARITIMS,EL GRAU,39.45966689999999,-0.3401112,Entire home/apt,55,29,0,NA,NA,12,89,0,NA
1061519029464503800,M Marzal 3B,554419322,Evi,EXTRAMURS,LA ROQUETA,39.46763683567546,-0.3810115811687851,Entire home/apt,141,1,2,2024-06-07,2,6,326,2,NA
1061553540789519400,Espacio mágico ! La mejor ubicación en Valencia,397119418,Cris,L'EIXAMPLE,EL PLA DEL REMEI,39.46927333985522,-0.3678200393915176,Entire home/apt,40,2,8,2024-06-21,2.89,1,180,8,NA
1062159422910898200,VLC Apartamento Estilo italiano,123160301,Place Your Place,QUATRE CARRERES,MONT-OLIVET,39.45898020000001,-0.3680222,Entire home/apt,172,4,0,NA,NA,51,55,0,VT/46848/V
1062202298015464300,Tossal I,543129726,Natalia,CIUTAT VELLA,EL MERCAT,39.47506927607615,-0.379892144180296,Entire home/apt,70,1,0,NA,NA,25,286,0,NA
1062216440396714e3,Tossal II,543129726,Natalia,CIUTAT VELLA,EL MERCAT,39.47515623284614,-0.37984922883605776,Entire home/apt,74,1,1,2024-05-19,0.83,25,336,1,NA
1062221073201918100,Tossal IV,543129726,Natalia,CIUTAT VELLA,EL MERCAT,39.47424,-0.38004,Entire home/apt,79,1,0,NA,NA,25,302,0,NA
1062246991468059400,Tossal III,543129726,Natalia,CIUTAT VELLA,EL MERCAT,39.47447381967769,-0.3790423249982371,Entire home/apt,79,1,0,NA,NA,25,296,0,NA
1062264271602882800,Modern & 5 minutes from beach with balcony,16920702,Oscar,POBLATS MARITIMS,LA MALVA-ROSA,39.47772214924749,-0.32758797815247687,Entire home/apt,56,30,2,2024-04-17,0.61,1,242,2,NA
1062926092995011800,Modern Apartment in LOFT-style near City Center,513997824,Yana,ALGIROS,L'AMISTAT,39.47290864476018,-0.3532663687799576,Entire home/apt,93,5,0,NA,NA,8,84,0,NA
1063146706377001e3,Estudio cómodo de una habitación.,351352697,Fernando,ALGIROS,L'AMISTAT,39.47138803582688,-0.35205216058498556,Entire home/apt,84,2,7,2024-03-25,1.67,1,268,7,NA
1064227157548361700,RMN Tourist Home,136550009,Rafa,JESUS,LA RAIOSA,39.45719,-0.38692,Entire home/apt,150,1,1,2024-03-23,0.33,2,154,1,NA
1064259884481677400,Penthouse with terrace in the Carmen area,555209240,Red Snapper,CIUTAT VELLA,EL CARME,39.47746513120725,-0.38171088862399144,Entire home/apt,65,1,0,NA,NA,1,331,0,B09655416
1064515322525214100,Apartamento 9pax en Ruzafa,214440330,Alejandro,QUATRE CARRERES,MONT-OLIVET,39.4579362,-0.3656135,Entire home/apt,229,5,0,NA,NA,29,14,0,NA
1065035890856209900,Apartamento 7pax en Benimaclet,214440330,Alejandro,BENIMACLET,BENIMACLET,39.4860729,-0.358379,Entire home/apt,122,5,0,NA,NA,29,15,0,NA
1065051441443119600,Ático con Terraza Tomasos,125037312,Claudia,L'EIXAMPLE,RUSSAFA,39.4621582,-0.3727963,Entire home/apt,71,30,3,2024-05-18,0.69,30,160,3,NA
1065055065148335500,Piso acogedor y coqueto en la Ciudad Fallera.,467476902,Maite,BENICALAP,CIUTAT FALLERA,39.502,-0.39229,Entire home/apt,150,4,0,NA,NA,1,296,0,NA
1065112517391234600,Loft Valencia Benimaclet,34968894,Francisco,RASCANYA,SANT LLORENS,39.48912039832426,-0.3609257753936856,Entire home/apt,124,3,3,2024-03-03,0.76,3,9,3,VT-53604-V
1065178232791908e3,Increíble apartamento de 5 ROOMS,214440330,Alejandro,ALGIROS,LA VEGA BAIXA,39.4757414,-0.3486497,Entire home/apt,148,5,0,NA,NA,29,26,0,NA
1065194614477832800,Renovado apartamento en Reino de Valencia,214440330,Alejandro,L'EIXAMPLE,LA GRAN VIA,39.4635066,-0.3658985,Entire home/apt,150,5,0,NA,NA,29,16,0,NA
1065208858504433700,Espectacular apartamento 4pax,214440330,Alejandro,ALGIROS,LA VEGA BAIXA,39.47663,-0.34982,Entire home/apt,97,5,0,NA,NA,29,26,0,NA
1065260594291457900,Spacious & Bright FLAT near The Beach,44450805,Sergio,ALGIROS,LA CARRASCA,39.47955791664904,-0.35365082555404087,Entire home/apt,240,1,0,NA,NA,29,16,0,NA
1065684863517843800,Habitacion con cocina y baño,26451768,Anna,POBLATS MARITIMS,BETERO,39.47324,-0.33646,Entire home/apt,65,1,1,2024-06-10,1,4,55,1,NA
1065866886548496500,Charming and Cosy Apartment in City Centre,553155233,Gilles,CIUTAT VELLA,LA XEREA,39.47568235304123,-0.3698332417949875,Entire home/apt,204,3,1,2024-03-22,0.32,1,60,1,NA
1065909447633847200,Apto en el centro de Valencia,375864881,Albert,EXTRAMURS,EL BOTANIC,39.47743,-0.3843,Entire home/apt,69,7,0,NA,NA,2,99,0,NA
1065963343573133400,The nomads tree house in Campanar,555711824,Iñaki,CAMPANAR,SANT PAU,39.480891394756426,-0.40027095247124894,Entire home/apt,155,1,1,2024-03-26,0.34,1,336,1,NA
1066606316810228e3,HOB Las Ciencias Apartments II,425885631,Luis Manuel,CAMINS AL GRAU,PENYA-ROJA,39.46233688302624,-0.3590957592812223,Entire home/apt,100,2,10,2024-06-09,2.54,10,259,10,NA
1066618892957656200,HOB Las Ciencias Terrace III,425885631,Luis Manuel,CAMINS AL GRAU,PENYA-ROJA,39.4625,-0.35903,Entire home/apt,116,3,6,2024-06-15,1.51,10,236,6,NA
1066975153589675300,Heart of City: 3BR/3BA Modern Stay -monthly rental,11080472,Arun,L'EIXAMPLE,RUSSAFA,39.46478,-0.37471,Entire home/apt,150,28,2,2024-05-06,0.55,1,116,2,NA
1067378661118230300,Travel Habitat Cabanyal Loft 1,97229818,Travel Habitat,ALGIROS,L'ILLA PERDUDA,39.46836,-0.33526,Entire home/apt,155,1,0,NA,NA,45,324,0,NA
1067378788799332100,Travel Habitat Cabanyal Loft 2,97229818,Travel Habitat,ALGIROS,L'ILLA PERDUDA,39.46795706067758,-0.33740631619804073,Entire home/apt,154,1,0,NA,NA,45,314,0,NA
1067379067290677100,Travel Habitat Cabanyal Loft 3,97229818,Travel Habitat,ALGIROS,L'ILLA PERDUDA,39.467777229387806,-0.33737415265207077,Entire home/apt,154,1,0,NA,NA,45,301,0,NA
1067572283122088300,Loft África Benimaclet,34968894,Francisco,RASCANYA,SANT LLORENS,39.489130669769914,-0.3609747067093849,Entire home/apt,128,3,4,2024-04-23,0.86,3,0,4,VT-53604-V
1068197031159447700,Modern studio Avenue 2.0,459788850,Tatiana,LA SAIDIA,MARXALENES,39.48858062328084,-0.3857512879386058,Entire home/apt,60,28,2,2024-04-20,0.6,4,172,2,NA
1068226024118567200,Modern Studio Avenue 3.0,459788850,Tatiana,LA SAIDIA,MARXALENES,39.48816552043806,-0.3869075494325105,Entire home/apt,76,28,2,2024-06-05,0.67,4,256,2,NA
1068657088552989400,Estudios Valencia-África,34968894,Francisco,BENIMACLET,CAMI DE VERA,39.48926,-0.3601,Entire home/apt,238,3,1,2024-06-02,1,3,5,1,VT-53604-V
1068704984019537900,Piso reformado en Mestalla - Metro Aragón,18866148,Nicolas,EL PLA DEL REAL,MESTALLA,39.47211803791757,-0.3554205026648411,Entire home/apt,129,6,4,2024-04-01,1.12,2,87,4,NA
1068846562042962200,Valencia's Excellent 30th-Floor,498872187,Alina,CAMINS AL GRAU,PENYA-ROJA,39.461021829939824,-0.35285808526071394,Entire home/apt,207,1,4,2024-06-09,1.22,1,230,4,NA
1068998576519283700,Ven a Valencia la bella ciudad,226064725,Trinidad,CAMINS AL GRAU,CAMI FONDO,39.46658517217492,-0.3549075499176979,Entire home/apt,110,3,10,2024-06-09,2.59,6,40,10,NA
1069037604599156400,Apartamento de Moderno,556536288,Erik,RASCANYA,TORREFIEL,39.49430025438239,-0.37450170779578446,Entire home/apt,132,1,8,2024-06-03,2.02,1,183,8,NA
1069222813646695600,Apartamento acogedor y luminoso,74592836,A.Mitra,RASCANYA,ELS ORRIOLS,39.49425328270018,-0.3720800030489462,Entire home/apt,80,5,1,2024-03-04,0.27,5,202,1,NA
1069517323954703500,"Nuevo loft en playa y cerca del centro, AC y Wifi",556656036,Vittoria,POBLATS MARITIMS,BETERO,39.4691087919649,-0.3351542655701675,Entire home/apt,116,3,8,2024-05-07,1.53,1,117,8,VT-53589-V
1069759116657351700,Appartamento alta del mar 3/2,207992424,Nicolò,POBLATS MARITIMS,NATZARET,39.45178462943501,-0.3332698345184326,Entire home/apt,91,1,1,2024-04-07,0.39,2,122,1,NA
1069760381687973900,Appartamento nuovo c/ alta del mar 3,207992424,Nicolò,POBLATS MARITIMS,NATZARET,39.45179576140805,-0.33321451395750046,Entire home/apt,91,1,3,2024-06-01,1.07,2,206,3,NA
1069872335157961100,Apartamento exterior con balcón,74592836,A.Mitra,RASCANYA,ELS ORRIOLS,39.49553,-0.36969,Entire home/apt,95,5,2,2024-05-29,0.97,5,326,2,NA
1070373260249060500,Charming appartment in Cabanyal!,56570991,Angela,POBLATS MARITIMS,CABANYAL-CANYAMELAR,39.4650308,-0.333949,Entire home/apt,49,31,0,NA,NA,1,74,0,NA
1070425486234073500,Veronika Apartment,556925823,Ekaterina,CAMINS AL GRAU,CAMI FONDO,39.4659189,-0.3557977,Entire home/apt,269,2,0,NA,NA,1,233,0,NA
1070807735991396400,Cozy port area with patio. MN,556663220,Francisco De Paula Manuel,CAMINS AL GRAU,LA CREU DEL GRAU,39.46063,-0.33984,Entire home/apt,124,1,9,2024-06-16,2.16,4,334,9,VT-50345-V
1070957648645805300,Studio in the historic centre of Valencia,557047312,Red Snapper,CIUTAT VELLA,EL MERCAT,39.47484,-0.37747000000000003,Entire home/apt,60,1,0,NA,NA,1,295,0,NA
1071016238741724900,Home is Home in Ruzafa -Center- (1-5 pax),551668154,Boutique Valencia Suites,L'EIXAMPLE,RUSSAFA,39.46209959999999,-0.3727093,Entire home/apt,193,2,5,2024-06-09,1.76,3,161,5,NA
1071051901060054300,Modern and elegant style apartment (1-4 pax),551668154,Boutique Valencia Suites,L'EIXAMPLE,RUSSAFA,39.46209959999999,-0.3727093,Entire home/apt,192,1,9,2024-05-20,2.33,3,180,9,NA
1071674408150754300,"Lliri 32, Apart 1",557226928,Lubov,POBLATS MARITIMS,EL GRAU,39.45914459999999,-0.3383595,Entire home/apt,130,1,3,2024-03-11,0.6,8,274,3,VT-49459-V
1071696531924804e3,Cute apartment in Monteolivete.G9,557240344,Granada,QUATRE CARRERES,MONT-OLIVET,39.45916765516781,-0.3626249780148116,Entire home/apt,126,1,9,2024-06-20,2.39,3,334,9,VT-51432-V
1071795226424940900,Flats Friends Tetuan - apartment on two levels,121643082,Flats,CIUTAT VELLA,LA XEREA,39.47273,-0.37171,Entire home/apt,96,1,0,NA,NA,19,173,0,AT-42298-V
1072326720610076700,Lore ~Loft ~Apartamento Valencia,557400833,Loredana,CAMINS AL GRAU,AIORA,39.46548,-0.3448,Entire home/apt,104,1,2,2024-06-20,0.63,1,3,2,NA
1072417754507096300,limehome Valencia Sant Jacint | Studio + balcony,418270816,Limehome,EXTRAMURS,LA PETXINA,39.4752983,-0.3910825,Entire home/apt,164,1,1,2024-03-17,0.31,17,361,1,HV-1528
1072440500810541600,Piso con Terraza Centro Histórico,16947393,Adelaida,CIUTAT VELLA,EL PILAR,39.475456055128035,-0.3811040148139,Entire home/apt,150,7,1,2024-03-20,0.31,1,182,1,NA
1073243092065664600,Aloha,521069692,Holidu,ALGIROS,L'ILLA PERDUDA,39.4681724,-0.3408821,Entire home/apt,176,1,0,NA,NA,1,348,0,VT-41704-V
1073646572570381300,Apartamento marítimo,423178467,Enric,POBLATS MARITIMS,EL GRAU,39.45916,-0.33665,Entire home/apt,138,1,9,2024-05-19,2.14,2,174,9,NA
1073699279997668600,Apartamento Marítimo B,4945920,Isabel,CAMINS AL GRAU,AIORA,39.46286287613804,-0.34000428533400695,Entire home/apt,80,30,9,2024-05-31,2.01,4,192,9,NA
1073722729922282800,Loft  primera línea de playa,225899648,Laura,POBLATS DEL SUD,EL PERELLONET,39.28056990609494,-0.2777341911842519,Entire home/apt,90,2,0,NA,NA,1,356,0,NA
1073822610445303700,Comfy cabanyal apartment,59096926,Alla,POBLATS MARITIMS,CABANYAL-CANYAMELAR,39.474481665708325,-0.330129973590374,Entire home/apt,120,4,0,NA,NA,1,31,0,NA
1074369087673747e3,limehome Valencia Sant Jacint | Studio + terrace,418270816,Limehome,EXTRAMURS,LA PETXINA,39.4752983,-0.3910825,Entire home/apt,197,1,0,NA,NA,17,358,0,HV-1528
1074382554534579700,limehome Valencia S Jacint |Comfort studio+balcony,418270816,Limehome,EXTRAMURS,LA PETXINA,39.4752983,-0.3910825,Entire home/apt,175,1,6,2024-05-13,1.84,17,364,6,HV-1528
1074404568126123600,Valencia S. Jacint | Studio+balcony (disability),418270816,Limehome,EXTRAMURS,LA PETXINA,39.4752983,-0.3910825,Entire home/apt,145,1,2,2024-03-21,0.59,17,318,2,HV-1528
1074423342182409200,limehome Valencia S. Jacint | 1Bedroom Apt+balcony,418270816,Limehome,EXTRAMURS,LA PETXINA,39.4752983,-0.3910825,Entire home/apt,190,1,1,2024-03-24,0.33,17,364,1,HV-1528
1074548211558142600,"Stylish Loft in Grao maritime, Valencia.",30141190,David,POBLATS MARITIMS,EL GRAU,39.459068505608066,-0.33571330970707786,Entire home/apt,149,3,8,2024-06-15,3.81,7,224,8,VT-54780V
1074549396820978400,Apartamento cerca de la Marina en Valencia,557971917,Carmen,POBLATS MARITIMS,EL GRAU,39.4629426,-0.3357623,Entire home/apt,107,1,10,2024-05-31,2.26,1,22,10,VT46016V
1074651194116811e3,Piso centro de Valencia y Playa,245359066,Claudia,BENIMACLET,BENIMACLET,39.486863857702815,-0.3656383770732534,Entire home/apt,135,3,0,NA,NA,2,81,0,NA
1074681299569655800,Coqueto apartamento,558018001,Nazeli,CAMINS AL GRAU,CAMI FONDO,39.46545931437467,-0.351033237573235,Entire home/apt,140,1,2,2024-05-12,0.86,3,131,2,NA
1074737779145190400,Piso a 5 min de la playa andando,509944320,Jesús,POBLATS MARITIMS,LA MALVA-ROSA,39.4789,-0.32714,Entire home/apt,125,4,5,2024-04-23,1.25,1,125,5,NA
1075126620780745200,Lonja de la Seda - Mercado Central,3155089,Francisco,CIUTAT VELLA,EL MERCAT,39.4747945,-0.3785875,Entire home/apt,191,1,0,NA,NA,15,171,0,NA
1075209707519933200,limehome Valencia S. Jacint | 1Bedroom Apt+terrace,418270816,Limehome,EXTRAMURS,LA PETXINA,39.4752983,-0.3910825,Entire home/apt,209,1,0,NA,NA,17,331,0,HV-1528
1075227899223388400,Mestalla Garden,225041746,Emilio,EL PLA DEL REAL,EXPOSICIO,39.47470941435972,-0.359930656850338,Entire home/apt,120,2,5,2024-04-24,1.16,1,111,5,NA
1075245717954704100,The Mediterraneo Apartment 01 by Florit Flats,558157443,Marta,CAMINS AL GRAU,LA CREU DEL GRAU,39.46298,-0.34823,Entire home/apt,117,1,0,NA,NA,5,259,0,VT-54131-V
1075246798291751700,The Mediterraneo Apartment 02 by Florit Flats,558157443,Marta,CAMINS AL GRAU,LA CREU DEL GRAU,39.46325,-0.34776,Entire home/apt,109,1,0,NA,NA,5,264,0,VT-54132-V
1075246923134811e3,The Mediterraneo Apartment 03 by Florit Flats,558157443,Marta,CAMINS AL GRAU,LA CREU DEL GRAU,39.46326,-0.34909,Entire home/apt,129,1,0,NA,NA,5,261,0,VT-54133-V
1075903642697716600,4bd Duplex interior terrace Pbb,557311200,AIRE Holidays,L'EIXAMPLE,RUSSAFA,39.46364,-0.37298,Entire home/apt,470,1,8,2024-06-09,2.29,8,193,8,NA
1075937612804104200,Charming studio in the historic centre,558331449,Red Snapper,CIUTAT VELLA,LA SEU,39.47641291427668,-0.3777480054174867,Entire home/apt,60,1,2,2024-05-01,0.71,1,30,2,NA
1075947782484423800,Flat with terrace in the historic centre,558333111,Red Snapper,CIUTAT VELLA,EL MERCAT,39.47631365059274,-0.3793257768037942,Entire home/apt,60,1,1,2024-06-08,1,1,334,1,NA
1076009002568099800,2bd Apt with Terrace. Ruzafa 2b,557311200,AIRE Holidays,L'EIXAMPLE,RUSSAFA,39.46225128472094,-0.374178187458609,Entire home/apt,282,1,6,2024-06-02,1.51,8,235,6,NA
1076035301640630400,3 Valturia,261497503,Jorge H.,JESUS,CAMI REAL,39.438613748536746,-0.3866687134511936,Entire home/apt,180,1,0,NA,NA,3,30,0,NA
1076062350555811100,3 Forques,261497503,Jorge H.,PATRAIX,VARA DE QUART,39.46304356631878,-0.4005790050813409,Entire home/apt,205,1,1,2024-04-15,0.43,3,13,1,NA
1076117488508889e3,Coqueto apartamento en Ruzafa (1-2 pax),551668154,Boutique Valencia Suites,L'EIXAMPLE,RUSSAFA,39.46209959999999,-0.3727093,Entire home/apt,148,1,7,2024-06-02,2.19,3,180,7,NA
1076562751799560700,Loft Ciencias cerca Ciudad de las Artes -Fabuloso,118801104,Esperanza,CAMINS AL GRAU,CAMI FONDO,39.465712874340795,-0.3558490052819252,Entire home/apt,104,3,2,2024-06-02,0.45,1,212,2,NA
1076766453834960900,Escultor Flat,12044109,Invalencia Flats,QUATRE CARRERES,MONT-OLIVET,39.45887978857865,-0.361765626318128,Entire home/apt,94,3,3,2024-05-11,0.97,25,30,3,NA
1076845595922153600,"Ciegos 3, pleno centro histórico",150680468,José,CIUTAT VELLA,LA SEU,39.477813596552394,-0.3746739036924817,Entire home/apt,149,3,6,2024-06-03,2.17,1,91,6,VT-44205-V
1076890143675919600,Increíble terraza en el Carmen.,37930228,Beatriz,CIUTAT VELLA,EL CARME,39.479163586814416,-0.3775721920125957,Entire home/apt,191,3,7,2024-05-12,1.72,1,68,7,VT-40759-V
1077455917936492900,Salvador II,83066665,SingularStays,CIUTAT VELLA,LA SEU,39.47714211360479,-0.3742153306884721,Entire home/apt,63,1,0,NA,NA,112,293,0,NA
1077462562180000600,Salvador IV,83066665,SingularStays,CIUTAT VELLA,LA SEU,39.47701789316064,-0.37414022883605513,Entire home/apt,94,1,0,NA,NA,112,209,0,NA
1.0774843725581361e+18,Seu VII,83066665,SingularStays,CIUTAT VELLA,LA SEU,39.47709714239156,-0.3741174576721207,Entire home/apt,82,1,1,2024-05-04,0.59,112,330,1,NA
1077593759381225700,Valencia Beach,36422258,Ines,POBLATS MARITIMS,CABANYAL-CANYAMELAR,39.46815908073156,-0.3295172162470907,Entire home/apt,55,27,0,NA,NA,1,231,0,VT-41994V
1078313418205394e3,Stylish property in El Cabanyal,154048802,René,POBLATS MARITIMS,CABANYAL-CANYAMELAR,39.4678079,-0.3295481,Entire home/apt,161,3,8,2024-06-04,2.14,30,235,8,NA
1078755476400629500,Apartamento IA Cabanyal La Calma,559005205,Carlos Javier,POBLATS MARITIMS,CABANYAL-CANYAMELAR,39.46864693864052,-0.3251284534806431,Entire home/apt,136,5,0,NA,NA,1,63,0,NA
1079133886051357700,Apartamento Navarro(todo el apt),297458334,Luz,QUATRE CARRERES,EN CORTS,39.45788580572557,-0.3719848394393921,Entire home/apt,131,3,1,2024-02-18,0.24,4,39,1,NA
1079451387850790100,casa para fallas 2024,200080933,Lonevino,CAMINS AL GRAU,CAMI FONDO,39.46617252593459,-0.35598693214359367,Entire home/apt,1500,4,0,NA,NA,1,270,0,NA
1079493147694463500,The Mediterraneo Apartment 04 by Florit Flats,558157443,Marta,CAMINS AL GRAU,LA CREU DEL GRAU,39.46329448933761,-0.350023982916277,Entire home/apt,158,1,2,2024-05-03,0.95,5,269,2,VT-54134-V
1079495061714413400,The Mediterraneo Apartment 05 by Florit Flats,558157443,Marta,CAMINS AL GRAU,LA CREU DEL GRAU,39.46308217981123,-0.3494884199188094,Entire home/apt,153,1,0,NA,NA,5,274,0,VT-54135-V
1079614326344974700,Casa 5 min de la Playa de la Malvarrosa,67970649,Beatriz,POBLATS MARITIMS,LA MALVA-ROSA,39.4804626,-0.3281548,Entire home/apt,104,5,4,2024-06-18,1.76,1,57,4,NA
1079638993635899400,The Mediterraneo Apartment 06 by Florit Flats,559206949,Marta,CAMINS AL GRAU,LA CREU DEL GRAU,39.46347269651443,-0.34963040100650056,Entire home/apt,126,1,0,NA,NA,4,281,0,VT-54136-V
1079650458825928300,Oceanografico,83066665,SingularStays,CAMINS AL GRAU,PENYA-ROJA,39.4562553,-0.3439408,Entire home/apt,337,1,2,2024-06-06,0.61,112,20,2,VT-33778-V
1079694964423669200,The Sorolla Apartment I by Florit Flats,559209127,Marta,JESUS,LA RAIOSA,39.45794,-0.38828,Entire home/apt,127,1,2,2024-03-29,0.69,2,258,2,VT-54269-V
1080170729983962800,Nice To Sea You Apartment,449080161,Sturm Real Estate,CAMINS AL GRAU,AIORA,39.463666918290336,-0.3370916412635771,Entire home/apt,134,1,3,2024-04-15,0.71,3,44,3,VT49414V
1080205888627158800,GuestReady - Cozy stay near Malvarrosa Beach,559387565,GuestReady,POBLATS MARITIMS,LA MALVA-ROSA,39.482832245440115,-0.3282863701894076,Entire home/apt,140,1,7,2024-05-04,1.65,2,327,7,NA
1080220284941195e3,GuestReady - Valencia's Vibrant Malvarrosa,559387565,GuestReady,POBLATS MARITIMS,LA MALVA-ROSA,39.48299433794987,-0.32834660852983955,Entire home/apt,150,1,3,2024-03-19,0.71,2,300,3,NA
1080239386683268e3,The Mediterraneo Apartment 07 by Florit Flats,559206949,Marta,CAMINS AL GRAU,LA CREU DEL GRAU,39.46311979842691,-0.3478568066500915,Entire home/apt,130,1,0,NA,NA,4,280,0,VT-54137-V
1080239494758966800,Vivir en el corazón de Valencia! Woah!,4145780,Lucrecia,CIUTAT VELLA,EL MERCAT,39.473991503968115,-0.3801454603672027,Entire home/apt,156,21,0,NA,NA,1,76,0,NA
1080245437091270300,The Mediterraneo Apartment 08 by Florit Flats,559206949,Marta,CAMINS AL GRAU,AIORA,39.46514,-0.34851,Entire home/apt,137,1,0,NA,NA,4,253,0,VT-54138-V
1080252497580140700,The Mediterraneo Apartment 09 by Florit Flats,559206949,Marta,CAMINS AL GRAU,AIORA,39.46507662594673,-0.3481715138977784,Entire home/apt,136,1,1,2024-02-26,0.25,4,281,1,VT-54139-V
1080345045596105100,Bonita casa en el pleno centro,558187487,Cristina,L'EIXAMPLE,RUSSAFA,39.45803,-0.3734,Entire home/apt,170,3,0,NA,NA,1,40,0,NA
1080355059371145600,Apartment Near The Beach In Cabañal Area,201741093,Your.Rentals,POBLATS MARITIMS,BETERO,39.4740442,-0.3366592,Entire home/apt,211,1,0,NA,NA,3,161,0,0
1080383735939388700,Nice Apartment in Monteolivete. G7L,557240344,Granada,QUATRE CARRERES,MONT-OLIVET,39.459087800159296,-0.3632918106695144,Entire home/apt,113,1,7,2024-06-17,1.86,3,358,7,NA
1080492000456818200,Turia,532339032,Holidu,CAMINS AL GRAU,CAMI FONDO,39.46597390000001,-0.3556266,Entire home/apt,94,1,4,2024-05-12,0.97,3,364,4,VT-51945-V
1080927744928643600,Amazing Penthouse City of the Arts and Sciences,76633723,Carol,CAMINS AL GRAU,CAMI FONDO,39.465,-0.35291,Entire home/apt,162,5,10,2024-06-02,2.86,1,291,10,NA
1081056807969099600,The Sorolla Apartment Ii by Florit Flats,559209127,Marta,JESUS,LA RAIOSA,39.45978,-0.38614,Entire home/apt,162,1,1,2024-03-06,0.28,2,261,1,VT-54270-V
1081173414956575700,Zona Garbí,549699849,Holidu,BENICALAP,BENICALAP,39.4916335,-0.394495,Entire home/apt,76,1,1,2024-04-24,0.5,5,364,1,VT-43830-V
10811734750833e5,Zona Doctor Peset - B,549699849,Holidu,BENICALAP,BENICALAP,39.4899005,-0.3885495,Entire home/apt,176,1,0,NA,NA,5,364,0,VT-37989-V
1081173633273831400,Zona Doctor Peset,549699849,Holidu,BENICALAP,BENICALAP,39.4899005,-0.3885495,Entire home/apt,105,1,0,NA,NA,5,364,0,VT-37989-V
1081197407613754100,Loft 2 close to Central Market,559649086,Rosa,CIUTAT VELLA,EL MERCAT,39.47435079028646,-0.38105841289543024,Entire home/apt,100,1,6,2024-06-09,1.62,2,303,6,NA
1081710975468796900,Loft 3 close to Central Market,559649086,Rosa,CIUTAT VELLA,EL CARME,39.47649693534709,-0.3797459533166403,Entire home/apt,114,1,0,NA,NA,2,358,0,NA
1081858415331518600,Avenida de Francia,125037312,Claudia,CAMINS AL GRAU,PENYA-ROJA,39.4591985,-0.345722,Entire home/apt,71,30,1,2024-05-14,0.75,30,230,1,NA
1081859086286766700,¡Alójate a 200 m de la Playa!,45881372,Beatriz,POBLATS MARITIMS,CABANYAL-CANYAMELAR,39.4675707,-0.328579,Entire home/apt,104,7,0,NA,NA,3,111,0,NA
1081891700159530900,Cabanyal Sunny Beach House,10734049,Maria,POBLATS MARITIMS,CABANYAL-CANYAMELAR,39.46777,-0.33018,Entire home/apt,124,2,5,2024-06-16,1.34,1,271,5,NA
1082021947643899600,"Lliri 32, Apart 2",557226928,Lubov,POBLATS MARITIMS,EL GRAU,39.460168717775915,-0.33752548505376184,Entire home/apt,130,1,3,2024-03-03,0.73,8,249,3,NA
1082032904613852400,Sweet Aparment in Russafa (Soho),44450805,Sergio,QUATRE CARRERES,EN CORTS,39.45434180000001,-0.3734745,Entire home/apt,80,4,4,2024-04-30,1.5,29,118,4,NA
1082033402750724100,"Beautiful LOFT in the HEART of Ruzafa, SOHO",44450805,Sergio,L'EIXAMPLE,RUSSAFA,39.4630645,-0.3722803,Entire home/apt,101,4,6,2024-05-19,1.62,29,130,6,NA
1082464834284341900,Dorm4you Jose Maria Haro,539223800,German,POBLATS MARITIMS,BETERO,39.47254692681023,-0.3372369675289401,Entire home/apt,59,1,0,NA,NA,14,42,0,NA
1082587335266791200,Valencia Apartamento La Habanera,21055933,Alicia,CAMINS AL GRAU,ALBORS,39.4681833199015,-0.3549611714818557,Entire home/apt,250,4,6,2024-06-19,1.43,1,217,6,NA
1082612759405429e3,Art Gallery House Cabañal,16596768,Filippo,POBLATS MARITIMS,CABANYAL-CANYAMELAR,39.466125332133885,-0.3318225800544882,Entire home/apt,106,3,9,2024-06-17,2.41,2,335,9,NA
1083932888966983e3,Apartamento cerca del centro,86642087,Mercè,LA SAIDIA,SANT ANTONI,39.48752,-0.37174,Entire home/apt,75,6,0,NA,NA,2,12,0,NA
1084179828654268400,Piso en pleno centro,31330047,Claudia,CIUTAT VELLA,LA XEREA,39.47218,-0.37268,Entire home/apt,420,5,1,2024-02-07,0.22,1,89,1,NA
1084561377339123300,Estudio Mercado 10D,500343338,Cristobal,L'EIXAMPLE,RUSSAFA,39.46280830935008,-0.3715057732095111,Entire home/apt,85,30,6,2024-05-14,1.38,13,170,6,NA
1084701735861859600,Piso con carácter en el Cabanyal,34722467,Mikael,POBLATS MARITIMS,CABANYAL-CANYAMELAR,39.466665515003434,-0.3332123619018468,Entire home/apt,130,5,0,NA,NA,1,137,0,NA
1084812622408453600,Estudio Séneca 1,60653667,Dov,CAMINS AL GRAU,ALBORS,39.470367703137505,-0.3507590658530485,Entire home/apt,100,3,3,2024-06-09,3,2,223,3,NA
1085292219090659800,Estudio en Coliving Facultades (E11),550521861,Maria Azucena,ALGIROS,LA CARRASCA,39.47801994805139,-0.3482719446496158,Entire home/apt,40,30,0,NA,NA,13,32,0,NA
1085299790427540200,Apartamento B Cube by Mimood,550969833,Mimood.Es,JESUS,L'HORT DE SENABRE,39.4506152,-0.3935067,Entire home/apt,107,3,4,2024-06-02,2.14,2,215,4,NA
1085320493363816700,"Nuevo, amplio y cerca del mar",173822355,Patricia Monica,CAMINS AL GRAU,AIORA,39.46814,-0.34697,Entire home/apt,90,7,2,2024-06-19,2,1,56,2,NA
1085342030929203800,apartamento mercado 11B,500343338,Cristobal,L'EIXAMPLE,RUSSAFA,39.46350952029056,-0.36993281309987697,Entire home/apt,71,30,6,2024-05-17,2.02,13,180,6,NA
1085390950748244200,Grabador 4 Ciudad Artes y Ciencias  Mid-term,63053029,MD Rentals,QUATRE CARRERES,LA FONTETA S.LLUIS,39.4459698,-0.3669298,Entire home/apt,312,1,3,2024-05-29,0.92,66,294,3,NA
1085392222691792900,Iturbi Jardines Turia 4 Mid-term,63053029,MD Rentals,CIUTAT VELLA,LA SEU,39.4767864,-0.3736584,Entire home/apt,142,1,0,NA,NA,66,288,0,NA
1085393528931328100,Iturbi Jardines Turia 6 with terrace Mid-term,63053029,MD Rentals,CIUTAT VELLA,LA XEREA,39.47556,-0.37049,Entire home/apt,132,1,1,2024-06-01,1,66,318,1,NA
1085638551689627100,"Dos habitaciones con encanto, cerca del centro.",148837033,Ana,LA SAIDIA,SANT ANTONI,39.4886471,-0.3709126,Entire home/apt,156,2,6,2024-06-14,1.44,2,235,6,VT-54250-V
1085989179883884900,Ruzafa 2 bedroom duplex apartment!,78306689,Mario,QUATRE CARRERES,EN CORTS,39.45675754467333,-0.373379370756553,Entire home/apt,64,30,0,NA,NA,1,253,0,NA
1086007134791158900,Valencia Ciudad Martiniki,104028310,Mila,QUATRE CARRERES,MALILLA,39.44921047503388,-0.378749705851078,Entire home/apt,69,30,9,2024-04-01,2.55,2,82,9,NA
1086011513552486500,Apartamento G20-3,553125168,Eric,BENICALAP,BENICALAP,39.490746060682085,-0.39545956745886424,Entire home/apt,119,1,0,NA,NA,28,353,0,NA
1086042131269346800,Rooftop Terrace ~ close to beach,2359641,Olivia,POBLATS MARITIMS,EL GRAU,39.46291,-0.32874,Entire home/apt,130,2,2,2024-05-10,1.15,1,27,2,NA
1086130595176132400,Apartamento Moderno,361974031,Patrick,L'OLIVERETA,NOU MOLES,39.47001,-0.40119,Entire home/apt,117,1,4,2024-05-07,0.94,8,219,4,NA
1086142893862972200,"Valencia es Sol y diversión 
Parque Turia 3'
Patio",226064725,Trinidad,L'OLIVERETA,NOU MOLES,39.4737,-0.3996,Entire home/apt,115,1,9,2024-06-02,2.27,6,50,9,NA
1086167828840531100,Isla Perdida by Concept Flats,89158639,J.W.Al.,ALGIROS,LA CARRASCA,39.47950925019266,-0.33341616668223534,Entire home/apt,133,1,4,2024-05-19,1.5,2,190,4,NA
1086429755481598800,Cálido y luminoso apartamento,560921223,María Antonieta,PATRAIX,PATRAIX,39.4597811641305,-0.3933536715450719,Entire home/apt,100,2,7,2024-06-02,1.88,1,42,7,NA
1086433595216431900,Ático cerca del metro con wifi,806645,Maria Jesus,L'OLIVERETA,NOU MOLES,39.4692756,-0.4006876,Entire home/apt,57,1,8,2024-06-08,1.9,7,251,8,NA
1086728665282170900,Modern studio a few blocks away from the centre,134221412,VLC Host,LA SAIDIA,MORVEDRE,39.48209372045379,-0.37767702886427135,Entire home/apt,200,30,0,NA,NA,151,364,0,NA
1086787570520245100,Cosy 2B apartment close to beach,101027481,Peter,POBLATS MARITIMS,CABANYAL-CANYAMELAR,39.46474977287038,-0.33348139375448227,Entire home/apt,120,6,1,2024-06-02,1,1,41,1,NA
1086804369252410400,"Acogedor, tranquilo y completo Estudio",42920497,Leticia,POBLATS MARITIMS,NATZARET,39.44813634060309,-0.3332261042652017,Entire home/apt,55,1,7,2024-06-20,2.28,5,106,7,NA
1086860866981209100,New central modern apartment,561006946,Vicente,CIUTAT VELLA,EL PILAR,39.47382313514813,-0.38334393213316426,Entire home/apt,190,2,0,NA,NA,1,109,0,NA
1086944069539718100,Beach+Nature+Dog BFF+Valencia City: El Perellonet,445945253,Marta,POBLATS DEL SUD,EL PERELLONET,39.2798523,-0.2767676,Entire home/apt,90,3,4,2024-06-09,2.45,1,57,4,NA
1086980614509182500,Quiet central apartment - 3 bedroom,127988465,Ainara,LA SAIDIA,MORVEDRE,39.48291175302673,-0.37526683015338774,Entire home/apt,70,32,1,2024-04-24,0.5,1,75,1,NA
108702280081713e4,My CO Embajador - apartamento de lujo en el Centro,400448714,MyCO,CIUTAT VELLA,SANT FRANCESC,39.4723922,-0.3755688,Entire home/apt,74,90,0,NA,NA,31,143,0,NA
1087038752349126400,Modern studio a few blocks away from the centre,134221412,VLC Host,LA SAIDIA,MORVEDRE,39.48208006773236,-0.37828970643405774,Entire home/apt,200,30,0,NA,NA,151,364,0,NA
1087039092916243200,Modern studio a few blocks away from the centre,134221412,VLC Host,LA SAIDIA,MORVEDRE,39.484382539131715,-0.37700424247969594,Entire home/apt,200,30,0,NA,NA,151,364,0,NA
1087039265523568900,Modern studio a few blocks away from the centre,134221412,VLC Host,LA SAIDIA,MORVEDRE,39.48414481921627,-0.37751517939711215,Entire home/apt,200,30,0,NA,NA,151,364,0,NA
1087039464792790500,Modern studio a few blocks away from the centre,134221412,VLC Host,LA SAIDIA,MORVEDRE,39.48253606756751,-0.3764291382339778,Entire home/apt,200,30,0,NA,NA,151,364,0,NA
1087039627990745100,Modern studio a few blocks away from the centre,134221412,VLC Host,LA SAIDIA,MORVEDRE,39.48259013399738,-0.37815544924453137,Entire home/apt,200,30,0,NA,NA,151,364,0,NA
1087039800758053900,Modern studio a few blocks away from the centre,134221412,VLC Host,LA SAIDIA,MORVEDRE,39.48377,-0.37614,Entire home/apt,200,30,0,NA,NA,151,364,0,NA
1087041742461450500,Modern studio a few blocks away from the centre,134221412,VLC Host,LA SAIDIA,MORVEDRE,39.48209480056027,-0.3763301353515591,Entire home/apt,200,30,0,NA,NA,151,364,0,NA
1087041932001370400,Modern studio a few blocks away from the centre,134221412,VLC Host,LA SAIDIA,MORVEDRE,39.4843,-0.37671,Entire home/apt,200,30,0,NA,NA,151,364,0,NA
1087042109494594700,Modern studio a few blocks away from the centre,134221412,VLC Host,LA SAIDIA,MORVEDRE,39.48204,-0.37663,Entire home/apt,200,30,0,NA,NA,151,364,0,NA
1087042278379869700,Modern studio a few blocks away from the centre,134221412,VLC Host,LA SAIDIA,MORVEDRE,39.48431512497413,-0.37616377993995953,Entire home/apt,200,30,0,NA,NA,151,364,0,NA
1087042454943095800,Modern studio a few blocks away from the centre,134221412,VLC Host,LA SAIDIA,MORVEDRE,39.48397,-0.37805,Entire home/apt,200,30,0,NA,NA,151,364,0,NA
1087043765555002400,Modern studio a few blocks away from the centre,134221412,VLC Host,LA SAIDIA,MORVEDRE,39.48212,-0.37845,Entire home/apt,200,30,0,NA,NA,151,364,0,NA
1087043936984475400,Modern studio a few blocks away from the centre,134221412,VLC Host,LA SAIDIA,MORVEDRE,39.48369159695897,-0.3781077561870578,Entire home/apt,200,30,0,NA,NA,151,364,0,NA
1087044116539709700,Modern studio a few blocks away from the centre,134221412,VLC Host,LA SAIDIA,MORVEDRE,39.48233086230477,-0.3761588960075419,Entire home/apt,200,30,0,NA,NA,151,364,0,NA
1087045606157542900,Modern studio a few blocks away from the centre,134221412,VLC Host,LA SAIDIA,MORVEDRE,39.48397,-0.37816,Entire home/apt,200,30,0,NA,NA,151,364,0,NA
1087045998609519100,Modern studio a few blocks away from the centre,134221412,VLC Host,LA SAIDIA,MORVEDRE,39.48300488253167,-0.3761834786217442,Entire home/apt,200,30,0,NA,NA,151,364,0,NA
1087046195037616e3,Modern studio a few blocks away from the centre,134221412,VLC Host,LA SAIDIA,MORVEDRE,39.482039262936894,-0.378207572965779,Entire home/apt,200,30,0,NA,NA,151,364,0,NA
1087046380700997800,Modern studio a few blocks away from the centre,134221412,VLC Host,LA SAIDIA,MORVEDRE,39.48251670580284,-0.3764561763709532,Entire home/apt,200,30,0,NA,NA,151,364,0,NA
1087047529311103900,Modern studio a few blocks away from the centre,134221412,VLC Host,LA SAIDIA,MORVEDRE,39.484241419089,-0.3776667429587042,Entire home/apt,200,30,0,NA,NA,151,364,0,NA
1087047708817424900,Modern studio a few blocks away from the centre,134221412,VLC Host,LA SAIDIA,MORVEDRE,39.48431,-0.37621,Entire home/apt,200,30,0,NA,NA,151,364,0,NA
1087047886288951200,Modern studio a few blocks away from the centre,134221412,VLC Host,LA SAIDIA,MORVEDRE,39.48214919200216,-0.37616533533899815,Entire home/apt,200,30,0,NA,NA,151,364,0,NA
1087049457525733200,Modern studio a few blocks away from the centre,134221412,VLC Host,LA SAIDIA,MORVEDRE,39.484078603923685,-0.37688108545665205,Entire home/apt,200,30,0,NA,NA,151,364,0,NA
1087049668577087700,Modern studio a few blocks away from the centre,134221412,VLC Host,LA SAIDIA,MORVEDRE,39.48413,-0.37618,Entire home/apt,200,30,0,NA,NA,151,364,0,NA
1087049873108713500,Modern studio a few blocks away from the centre,134221412,VLC Host,LA SAIDIA,MORVEDRE,39.482274050350384,-0.3764116453505966,Entire home/apt,200,30,0,NA,NA,151,364,0,NA
1087050071985446900,Modern studio a few blocks away from the centre,134221412,VLC Host,LA SAIDIA,MORVEDRE,39.48252224862083,-0.37634687178214854,Entire home/apt,200,30,0,NA,NA,151,364,0,NA
1087051442996805100,Modern studio a few blocks away from the centre,134221412,VLC Host,LA SAIDIA,MORVEDRE,39.48262121446129,-0.3782599071286756,Entire home/apt,200,30,0,NA,NA,151,364,0,NA
1087051612223370800,Modern studio a few blocks away from the centre,134221412,VLC Host,LA SAIDIA,MORVEDRE,39.48243564474179,-0.3782529993191467,Entire home/apt,200,30,0,NA,NA,151,364,0,NA
1087060494895429600,Apartamentos boulevard,3028247,Marian Ovidiu,JESUS,LA CREU COBERTA,39.4495288,-0.3852588,Entire home/apt,101,2,0,NA,NA,2,188,0,NA
1087375789549227600,Apartamento en la zona de playa,561134891,Catalina,POBLATS MARITIMS,CABANYAL-CANYAMELAR,39.47088137658328,-0.32948389649391174,Entire home/apt,125,2,5,2024-04-27,1.52,2,15,5,NA
1087449839153673600,Apartamento céntrico y acogedor,136998,Luisa,QUATRE CARRERES,MONT-OLIVET,39.46288,-0.36034,Entire home/apt,200,1,1,2024-03-17,0.31,1,267,1,NA
1087512309552150400,Dorm4you Plaza De Toros,3853341,Cuevasanta,L'EIXAMPLE,RUSSAFA,39.4659133,-0.3762779,Entire home/apt,200,1,5,2024-05-27,1.7,2,115,5,NA
1087549444430836600,My CO Canovas - apartamento lujo,400448714,MyCO,L'EIXAMPLE,LA GRAN VIA,39.4654285,-0.3659869,Entire home/apt,74,90,0,NA,NA,31,248,0,NA
1087569525366790300,Cabañal,346443993,Francisca,POBLATS MARITIMS,BETERO,39.47338750795316,-0.3351786802342115,Entire home/apt,139,2,0,NA,NA,1,18,0,NA
1087592512268668800,Estudio en alquiler en ciudad de Valencia,167611888,María,L'OLIVERETA,SOTERNES,39.46926,-0.41769,Entire home/apt,80,1,2,2024-04-23,0.63,1,90,2,NA
1087599763351168300,"Lliri 32, Apart 4",557226928,Lubov,POBLATS MARITIMS,EL GRAU,39.45914459999999,-0.3383595,Entire home/apt,104,1,1,2024-06-14,1,8,263,1,NA
1087804303751084200,BM Bright Urban Style apartment close to the beach,417948112,Alexandra,POBLATS MARITIMS,CABANYAL-CANYAMELAR,39.4641424186113,-0.3302063163996369,Entire home/apt,321,30,0,NA,NA,131,243,0,NA
1087804556659939700,BM Bright Urban Style apartment close to the beach,417948112,Alexandra,POBLATS MARITIMS,CABANYAL-CANYAMELAR,39.46420272002369,-0.33237611350068086,Entire home/apt,321,30,0,NA,NA,131,243,0,NA
1087804749533341400,BM Bright Urban Style apartment close to the beach,417948112,Alexandra,POBLATS MARITIMS,CABANYAL-CANYAMELAR,39.46441493668184,-0.33080387903616393,Entire home/apt,321,30,0,NA,NA,131,243,0,NA
1087804925737803800,BM Bright Urban Style apartment close to the beach,417948112,Alexandra,POBLATS MARITIMS,CABANYAL-CANYAMELAR,39.46405,-0.33229,Entire home/apt,321,30,0,NA,NA,131,243,0,NA
1087805109688217600,BM Bright Urban Style apartment close to the beach,417948112,Alexandra,POBLATS MARITIMS,CABANYAL-CANYAMELAR,39.46478,-0.3306,Entire home/apt,321,30,0,NA,NA,131,243,0,NA
1087805276807526700,BM Bright Urban Style apartment close to the beach,417948112,Alexandra,POBLATS MARITIMS,CABANYAL-CANYAMELAR,39.46302,-0.3305,Entire home/apt,321,30,0,NA,NA,131,243,0,NA
1087805444432555e3,BM Bright Urban Style apartment close to the beach,417948112,Alexandra,POBLATS MARITIMS,CABANYAL-CANYAMELAR,39.46316401185429,-0.33056403994462086,Entire home/apt,321,30,0,NA,NA,131,243,0,NA
1087805639469142300,BM Bright Urban Style apartment close to the beach,417948112,Alexandra,POBLATS MARITIMS,EL GRAU,39.46252,-0.33056,Entire home/apt,321,30,0,NA,NA,131,243,0,NA
1087805811077782400,BM Bright Urban Style apartment close to the beach,417948112,Alexandra,POBLATS MARITIMS,CABANYAL-CANYAMELAR,39.46409819858656,-0.33034634173972277,Entire home/apt,321,30,0,NA,NA,131,243,0,NA
1087806131145767400,BM Bright Urban Style apartment close to the beach,417948112,Alexandra,POBLATS MARITIMS,EL GRAU,39.46278,-0.33058,Entire home/apt,321,30,0,NA,NA,131,243,0,NA
1087806663413501300,BM Bright Urban Style apartment close to the beach,417948112,Alexandra,POBLATS MARITIMS,EL GRAU,39.46308673482905,-0.3325218491315143,Entire home/apt,321,30,0,NA,NA,131,243,0,NA
1087807707674521e3,BM Bright Urban Style apartment close to the beach,417948112,Alexandra,POBLATS MARITIMS,CABANYAL-CANYAMELAR,39.464546005701344,-0.33021561345390216,Entire home/apt,321,30,0,NA,NA,131,243,0,NA
1087808739106848100,BM Bright Urban Style apartment close to the beach,417948112,Alexandra,POBLATS MARITIMS,CABANYAL-CANYAMELAR,39.46477,-0.33082,Entire home/apt,321,30,0,NA,NA,131,243,0,NA
1087809776504075400,BM Bright Urban Style apartment close to the beach,417948112,Alexandra,POBLATS MARITIMS,EL GRAU,39.462762111317254,-0.3315564454438558,Entire home/apt,321,30,0,NA,NA,131,243,0,NA
1087810796163203200,BM Bright Urban Style apartment close to the beach,417948112,Alexandra,POBLATS MARITIMS,CABANYAL-CANYAMELAR,39.46471,-0.33195,Entire home/apt,321,30,0,NA,NA,131,243,0,NA
1087811856102041500,BM Bright Urban Style apartment close to the beach,417948112,Alexandra,POBLATS MARITIMS,CABANYAL-CANYAMELAR,39.46450163877443,-0.33201493032050455,Entire home/apt,321,30,0,NA,NA,131,243,0,NA
1087813340243197600,BM Bright Urban Style apartment close to the beach,417948112,Alexandra,POBLATS MARITIMS,CABANYAL-CANYAMELAR,39.46346,-0.33038,Entire home/apt,321,30,0,NA,NA,131,243,0,NA
1087813897562748700,BM Bright Urban Style apartment close to the beach,417948112,Alexandra,POBLATS MARITIMS,CABANYAL-CANYAMELAR,39.4639407180011,-0.33231666708013263,Entire home/apt,321,30,0,NA,NA,131,243,0,NA
1087814800434604900,BM Bright Urban Style apartment close to the beach,417948112,Alexandra,POBLATS MARITIMS,CABANYAL-CANYAMELAR,39.46306826211701,-0.33212204647867477,Entire home/apt,321,30,0,NA,NA,131,243,0,NA
1087815542423595300,BM Bright Urban Style apartment close to the beach,417948112,Alexandra,POBLATS MARITIMS,CABANYAL-CANYAMELAR,39.46404,-0.33037,Entire home/apt,321,30,0,NA,NA,131,243,0,NA
1087816575936503300,BM Bright Urban Style apartment close to the beach,417948112,Alexandra,POBLATS MARITIMS,EL GRAU,39.46296287750498,-0.332405014367091,Entire home/apt,321,30,0,NA,NA,131,243,0,NA
1087817573159783600,BM Bright Urban Style apartment close to the beach,417948112,Alexandra,POBLATS MARITIMS,CABANYAL-CANYAMELAR,39.46484,-0.33051,Entire home/apt,321,30,0,NA,NA,131,243,0,NA
1087818670057704700,BM Bright Urban Style apartment close to the beach,417948112,Alexandra,POBLATS MARITIMS,CABANYAL-CANYAMELAR,39.46452173033744,-0.330566212238229,Entire home/apt,321,30,0,NA,NA,131,243,0,NA
1087819735393747e3,BM Bright Urban Style apartment close to the beach,417948112,Alexandra,POBLATS MARITIMS,CABANYAL-CANYAMELAR,39.46465,-0.3309,Entire home/apt,321,30,0,NA,NA,131,243,0,NA
1087820715987636e3,BM Bright Urban Style apartment close to the beach,417948112,Alexandra,POBLATS MARITIMS,EL GRAU,39.46254759142713,-0.3315590844031829,Entire home/apt,321,30,0,NA,NA,131,243,0,NA
1087821847487135e3,BM Bright Urban Style apartment close to the beach,417948112,Alexandra,POBLATS MARITIMS,CABANYAL-CANYAMELAR,39.46479,-0.33074,Entire home/apt,321,30,0,NA,NA,131,243,0,NA
1087822784533661300,BM Bright Urban Style apartment close to the beach,417948112,Alexandra,POBLATS MARITIMS,EL GRAU,39.46255,-0.33059,Entire home/apt,321,30,0,NA,NA,131,243,0,NA
1087823941604267300,BM Bright Urban Style apartment close to the beach,417948112,Alexandra,POBLATS MARITIMS,CABANYAL-CANYAMELAR,39.46463,-0.33112,Entire home/apt,321,30,0,NA,NA,131,243,0,NA
1087824938540858400,BM Bright Urban Style apartment close to the beach,417948112,Alexandra,POBLATS MARITIMS,EL GRAU,39.46282,-0.33023,Entire home/apt,321,30,0,NA,NA,131,243,0,NA
1088462465472693500,Arena 20 Suites-1 dormitorio,308967204,Coroa Gestion,QUATRE CARRERES,CIUTAT DE LES ARTS I DE LES CIENCIES,39.4480489,-0.3663929,Entire home/apt,124,2,1,2024-03-25,0.33,24,169,1,NA
1088503529643110500,Arena 20. 1 dormitorio y terraza,308967204,Coroa Gestion,QUATRE CARRERES,CIUTAT DE LES ARTS I DE LES CIENCIES,39.4480489,-0.3663929,Entire home/apt,144,1,1,2024-04-07,0.39,24,154,1,NA
1088525175982197500,Arena 20 Suites. Estudio.,308967204,Coroa Gestion,QUATRE CARRERES,CIUTAT DE LES ARTS I DE LES CIENCIES,39.44923180210682,-0.36572853231906655,Entire home/apt,107,1,2,2024-05-16,1.43,24,216,2,NA
1088568334131966200,Cozy studio near Valencia city centre,417948112,Alexandra,LA SAIDIA,MORVEDRE,39.4841605517235,-0.3764898545272926,Entire home/apt,300,30,0,NA,NA,131,364,0,NA
1088572370124124400,Cozy studio near Valencia city centre,417948112,Alexandra,LA SAIDIA,MORVEDRE,39.48426322769651,-0.378217515096435,Entire home/apt,300,30,0,NA,NA,131,364,0,NA
1088574565160537e3,Cozy studio near Valencia city centre,417948112,Alexandra,LA SAIDIA,MORVEDRE,39.48441251546569,-0.37708402800227225,Entire home/apt,300,30,0,NA,NA,131,364,0,NA
1088575662287697700,Cozy studio near Valencia city centre,417948112,Alexandra,LA SAIDIA,MORVEDRE,39.48277,-0.37834,Entire home/apt,300,30,0,NA,NA,131,364,0,NA
1088582242368749600,Cozy studio near Valencia city centre,417948112,Alexandra,LA SAIDIA,MORVEDRE,39.48423,-0.37819,Entire home/apt,300,30,0,NA,NA,131,364,0,NA
1088583437792380700,Cozy studio near Valencia city centre,417948112,Alexandra,LA SAIDIA,MORVEDRE,39.48258,-0.37656,Entire home/apt,300,30,0,NA,NA,131,364,0,NA
1088585070210854700,Cozy studio near Valencia city centre,417948112,Alexandra,LA SAIDIA,MORVEDRE,39.48393943473075,-0.3767606512846101,Entire home/apt,300,30,0,NA,NA,131,364,0,NA
1088586712194150300,Cozy studio near Valencia city centre,417948112,Alexandra,LA SAIDIA,MORVEDRE,39.48415724917821,-0.3781429623862322,Entire home/apt,300,30,0,NA,NA,131,364,0,NA
1088588026535955300,Cozy studio near Valencia city centre,417948112,Alexandra,LA SAIDIA,MORVEDRE,39.48221,-0.37662,Entire home/apt,300,30,0,NA,NA,131,364,0,NA
1088590929590117100,Cozy studio near Valencia city centre,417948112,Alexandra,LA SAIDIA,MORVEDRE,39.48386,-0.37851,Entire home/apt,300,30,0,NA,NA,131,364,0,NA
1088591936356718600,Cozy studio near Valencia city centre,417948112,Alexandra,LA SAIDIA,MORVEDRE,39.48268,-0.37831,Entire home/apt,300,30,0,NA,NA,131,364,0,NA
1088593813313907200,Cozy studio near Valencia city centre,417948112,Alexandra,LA SAIDIA,MORVEDRE,39.48209936024854,-0.37849113013365343,Entire home/apt,300,30,0,NA,NA,131,364,0,NA
1088594812628258300,Cozy studio near Valencia city centre,417948112,Alexandra,LA SAIDIA,MORVEDRE,39.48417,-0.3769,Entire home/apt,300,30,0,NA,NA,131,364,0,NA
1088911203114646400,Encantador piso con terraza,194101231,Kate,L'OLIVERETA,NOU MOLES,39.47284653215159,-0.397334061563015,Entire home/apt,147,3,2,2024-06-01,0.62,1,81,2,NA
1088944938874844900,Casa Mariposa,561468909,Vanna,LA SAIDIA,MORVEDRE,39.48235165877327,-0.3736970605516242,Entire home/apt,76,5,7,2024-06-02,1.86,1,89,7,NA
1089169030244669400,Apartamento en Patraix,561533943,Miriam,PATRAIX,FAVARA,39.45525696830783,-0.3930912125962812,Entire home/apt,150,1,10,2024-06-02,2.5,1,121,10,NA
1089682628511295900,Beach flat with pool,154048802,René,POBLATS MARITIMS,CABANYAL-CANYAMELAR,39.4668802,-0.3260746,Entire home/apt,161,4,5,2024-06-02,1.81,30,226,5,NA
1089774672419024500,Adosado a 2 minutos de la playa.,245566856,Nadia,POBLATS DEL SUD,EL PERELLONET,39.30602745921469,-0.2925344709344743,Entire home/apt,80,10,1,2024-04-06,0.38,1,183,1,NA
1089861833225976200,Apartamento Reina,125037312,Claudia,POBLATS MARITIMS,CABANYAL-CANYAMELAR,39.46723,-0.32953,Entire home/apt,66,30,1,2024-05-02,0.57,30,232,1,NA
1089878166942461200,Espaciosa vivienda ideal para disfrutar valencia,189679098,Jazmin,CAMINS AL GRAU,AIORA,39.46658,-0.34776,Entire home/apt,145,4,7,2024-06-03,2.02,7,41,7,NA
1089929023717142900,Apartamento El Comboi,256402578,Jose,PATRAIX,PATRAIX,39.46115259342662,-0.38848746567964554,Entire home/apt,60,1,9,2024-05-06,2.41,1,112,9,NA
1090285780079705e3,Loft Villalonga by Interhome,163379623,Sonia - Interhome Group,BENIMACLET,BENIMACLET,39.485301,-0.357215,Entire home/apt,361,1,0,NA,NA,1,17,0,NA
1090354668286718e3,Design & Love Osito Hub A,561309948,Osito,ALGIROS,CIUTAT JARDI,39.47069,-0.3448,Entire home/apt,90,1,3,2024-04-25,0.75,17,320,3,NA
1090368748542341600,Design & Love Osito Hub B,561309948,Osito,ALGIROS,CIUTAT JARDI,39.47082,-0.34508,Entire home/apt,112,1,3,2024-04-05,0.8,17,317,3,NA
1090434070607683600,Charming Two-Bedroom Loft,211991268,ValenciaGUEST,L'EIXAMPLE,RUSSAFA,39.46130125297831,-0.3730799246634214,Entire home/apt,107,1,4,2024-06-01,0.99,93,75,4,NA
1090559884024178600,BM Bright Urban Style apartment close to the beach,417948112,Alexandra,POBLATS MARITIMS,CABANYAL-CANYAMELAR,39.46332,-0.3323,Entire home/apt,321,30,0,NA,NA,131,243,0,NA
1090560518367322600,BM Bright Urban Style apartment close to the beach,417948112,Alexandra,POBLATS MARITIMS,CABANYAL-CANYAMELAR,39.464205236218405,-0.3323275359330958,Entire home/apt,321,30,0,NA,NA,131,243,0,NA
1090561439548803200,BM Bright Urban Style apartment close to the beach,417948112,Alexandra,POBLATS MARITIMS,EL GRAU,39.46270900793965,-0.33077079147896676,Entire home/apt,321,30,0,NA,NA,131,243,0,NA
1090562049938531300,BM Bright Urban Style apartment close to the beach,417948112,Alexandra,POBLATS MARITIMS,EL GRAU,39.46247717993822,-0.3320178875984372,Entire home/apt,321,30,0,NA,NA,131,243,0,NA
1090563383199884900,BM Bright Urban Style apartment close to the beach,417948112,Alexandra,POBLATS MARITIMS,EL GRAU,39.46256,-0.33071,Entire home/apt,321,30,0,NA,NA,131,243,0,NA
109056408927485e4,BM Bright Urban Style apartment close to the beach,417948112,Alexandra,POBLATS MARITIMS,CABANYAL-CANYAMELAR,39.46449791503013,-0.33189213536773815,Entire home/apt,321,30,0,NA,NA,131,243,0,NA
1090564791791728100,BM Bright Urban Style apartment close to the beach,417948112,Alexandra,POBLATS MARITIMS,CABANYAL-CANYAMELAR,39.464590428106206,-0.3316834451154859,Entire home/apt,321,30,0,NA,NA,131,243,0,NA
1090565502259947500,BM Bright Urban Style apartment close to the beach,417948112,Alexandra,POBLATS MARITIMS,CABANYAL-CANYAMELAR,39.46487255073976,-0.33051334893649514,Entire home/apt,321,30,0,NA,NA,131,243,0,NA
1.0905661592620879e+18,BM Bright Urban Style apartment close to the beach,417948112,Alexandra,POBLATS MARITIMS,CABANYAL-CANYAMELAR,39.46342,-0.33252,Entire home/apt,321,30,0,NA,NA,131,243,0,NA
1090566765651689700,BM Bright Urban Style apartment close to the beach,417948112,Alexandra,POBLATS MARITIMS,EL GRAU,39.46276889906813,-0.33220438658973783,Entire home/apt,321,30,0,NA,NA,131,243,0,NA
1090567499245935200,BM Bright Urban Style apartment close to the beach,417948112,Alexandra,POBLATS MARITIMS,CABANYAL-CANYAMELAR,39.46304080082571,-0.3302291659580345,Entire home/apt,321,30,0,NA,NA,131,243,0,NA
1090568110874339200,BM Bright Urban Style apartment close to the beach,417948112,Alexandra,POBLATS MARITIMS,EL GRAU,39.4625,-0.33209,Entire home/apt,321,30,0,NA,NA,131,243,0,NA
1090568744342728700,BM Bright Urban Style apartment close to the beach,417948112,Alexandra,POBLATS MARITIMS,EL GRAU,39.46257274478095,-0.33079798941552924,Entire home/apt,321,30,0,NA,NA,131,243,0,NA
1090569397298922500,BM Bright Urban Style apartment close to the beach,417948112,Alexandra,POBLATS MARITIMS,EL GRAU,39.4628,-0.33175,Entire home/apt,321,30,0,NA,NA,131,243,0,NA
1090570097828697300,BM Bright Urban Style apartment close to the beach,417948112,Alexandra,POBLATS MARITIMS,CABANYAL-CANYAMELAR,39.46308,-0.3304,Entire home/apt,321,30,0,NA,NA,131,243,0,NA
1090570866500632300,BM Bright Urban Style apartment close to the beach,417948112,Alexandra,POBLATS MARITIMS,CABANYAL-CANYAMELAR,39.463931526830294,-0.33039804485939733,Entire home/apt,321,30,0,NA,NA,131,243,0,NA
1090571621884036600,BM Bright Urban Style apartment close to the beach,417948112,Alexandra,POBLATS MARITIMS,EL GRAU,39.46264532200603,-0.33213910678926256,Entire home/apt,321,30,0,NA,NA,131,243,0,NA
1090638589436444400,Cozy studio near Valencia city centre,134221412,VLC Host,LA SAIDIA,MORVEDRE,39.483991383642746,-0.3782021641036365,Entire home/apt,300,30,0,NA,NA,151,364,0,NA
1090642987410532600,Comfortable flat w/great terrace,33299960,Alice,PATRAIX,SAFRANAR,39.459997324665736,-0.39585971200245246,Entire home/apt,95,3,1,2024-04-01,0.36,1,59,1,NA
1090681068179949600,Cozy studio near Valencia city centre,134221412,VLC Host,LA SAIDIA,MORVEDRE,39.48409,-0.37804,Entire home/apt,300,30,0,NA,NA,151,364,0,NA
1090681527601928800,Sailboat experience - Bushido,475777377,Miguel Angel,POBLATS MARITIMS,EL GRAU,39.42702082323554,-0.333566090875853,Entire home/apt,91,2,1,2024-06-16,1,1,230,1,NA
1090682046194292500,Cozy studio near Valencia city centre,134221412,VLC Host,LA SAIDIA,MORVEDRE,39.482225893087744,-0.3782706090434642,Entire home/apt,300,30,0,NA,NA,151,364,0,NA
1090683062699488800,Cozy studio near Valencia city centre,134221412,VLC Host,LA SAIDIA,MORVEDRE,39.48411301947656,-0.376181763553038,Entire home/apt,300,30,0,NA,NA,151,364,0,NA
1090684068891702800,Cozy studio near Valencia city centre,134221412,VLC Host,LA SAIDIA,MORVEDRE,39.48246,-0.37832,Entire home/apt,300,30,0,NA,NA,151,364,0,NA
1090685067747221e3,Cozy studio near Valencia city centre,134221412,VLC Host,LA SAIDIA,MORVEDRE,39.48227411397695,-0.37620924823264545,Entire home/apt,300,30,0,NA,NA,151,364,0,NA
1090686159429572100,Cozy studio near Valencia city centre,134221412,VLC Host,LA SAIDIA,MORVEDRE,39.48207340117962,-0.37830860833212654,Entire home/apt,300,30,0,NA,NA,151,364,0,NA
1090687272560056400,Cozy studio near Valencia city centre,134221412,VLC Host,LA SAIDIA,MORVEDRE,39.48420965347016,-0.3768305419071579,Entire home/apt,300,30,0,NA,NA,151,364,0,NA
1090688503762067300,Cozy studio near Valencia city centre,134221412,VLC Host,LA SAIDIA,MORVEDRE,39.48216,-0.37654,Entire home/apt,300,30,0,NA,NA,151,364,0,NA
1090689534276978700,Cozy studio near Valencia city centre,134221412,VLC Host,LA SAIDIA,MORVEDRE,39.48237621464407,-0.37631170089593224,Entire home/apt,300,30,0,NA,NA,151,364,0,NA
1090690587180503e3,Cozy studio near Valencia city centre,134221412,VLC Host,LA SAIDIA,MORVEDRE,39.48228,-0.3778,Entire home/apt,300,30,0,NA,NA,151,364,0,NA
1090691746287555700,Cozy studio near Valencia city centre,134221412,VLC Host,LA SAIDIA,MORVEDRE,39.48368,-0.3765,Entire home/apt,300,30,0,NA,NA,151,364,0,NA
1090692839534922400,Cozy studio near Valencia city centre,134221412,VLC Host,LA SAIDIA,MORVEDRE,39.48292,-0.37629,Entire home/apt,300,30,0,NA,NA,151,364,0,NA
1090693790259286900,Cozy studio near Valencia city centre,134221412,VLC Host,LA SAIDIA,MORVEDRE,39.48249,-0.37832,Entire home/apt,300,30,0,NA,NA,151,364,0,NA
1090694826726770200,Cozy studio near Valencia city centre,134221412,VLC Host,LA SAIDIA,MORVEDRE,39.48234739586909,-0.37629762477244594,Entire home/apt,300,30,0,NA,NA,151,364,0,NA
1090695979417491800,Cozy studio near Valencia city centre,134221412,VLC Host,LA SAIDIA,MORVEDRE,39.48214,-0.37814,Entire home/apt,300,30,0,NA,NA,151,364,0,NA
1090697193300195200,Cozy studio near Valencia city centre,134221412,VLC Host,LA SAIDIA,MORVEDRE,39.48418,-0.37834,Entire home/apt,300,30,0,NA,NA,151,364,0,NA
1090698255092492200,Cozy studio near Valencia city centre,134221412,VLC Host,LA SAIDIA,MORVEDRE,39.4834797850741,-0.3761453744796641,Entire home/apt,300,30,0,NA,NA,151,364,0,NA
1090699210294793200,Cozy studio near Valencia city centre,134221412,VLC Host,LA SAIDIA,MORVEDRE,39.48351801814754,-0.3784869727152664,Entire home/apt,300,30,0,NA,NA,151,364,0,NA
1090700196002336300,Cozy studio near Valencia city centre,134221412,VLC Host,LA SAIDIA,MORVEDRE,39.48374228806535,-0.3761443387623477,Entire home/apt,300,30,0,NA,NA,151,364,0,NA
1091093699881323500,limehome Valencia Antonio Ferrandis | Studio,418270816,Limehome,QUATRE CARRERES,CIUTAT DE LES ARTS I DE LES CIENCIES,39.4507347,-0.3582661,Entire home/apt,138,1,2,2024-05-01,1.11,17,353,2,HV-1529
1091118012296645100,Valencia Antonio Ferrandis | Studio + sofa bed,418270816,Limehome,QUATRE CARRERES,CIUTAT DE LES ARTS I DE LES CIENCIES,39.4507347,-0.3582661,Entire home/apt,159,1,2,2024-05-28,1.13,17,353,2,HV-1529
1091125806978170900,limehome Valencia Antonio Ferrandis |1-bedroom apt,418270816,Limehome,QUATRE CARRERES,CIUTAT DE LES ARTS I DE LES CIENCIES,39.4507347,-0.3582661,Entire home/apt,175,1,2,2024-05-28,2,17,361,2,HV-1529
1091143601467418400,Valencia Antonio Ferrandis | 1-Bedroom Comfort Apt,418270816,Limehome,QUATRE CARRERES,CIUTAT DE LES ARTS I DE LES CIENCIES,39.4507347,-0.3582661,Entire home/apt,182,1,1,2024-05-02,0.58,17,346,1,HV-1529
1091163306064490500,At 15 min on foot to Ciutat Vella,557441551,Tomás,EXTRAMURS,LA PETXINA,39.47281,-0.38765,Entire home/apt,118,3,8,2024-06-09,2.53,1,129,8,NA
1091185498249528200,Design & Love Osito Hub D,561309948,Osito,ALGIROS,CIUTAT JARDI,39.47104,-0.34457,Entire home/apt,112,1,6,2024-06-04,1.5,17,297,6,NA
1091205567532858600,The Cruz Cubierta Apartment 01 with Terrace,42125633,Florit,JESUS,L'HORT DE SENABRE,39.45368087127734,-0.38769429297185753,Entire home/apt,164,1,3,2024-05-25,0.76,18,268,3,VT-53884-V
1091205880041789600,The Cruz Cubierta Apartment 02 with Terrace,42125633,Florit,JESUS,LA CREU COBERTA,39.45166189310777,-0.3876485185227076,Entire home/apt,154,1,1,2024-05-19,0.86,18,284,1,VT-53884-V
109131892155034e4,CasaMia Valencia 2,562043408,Jesu,CAMINS AL GRAU,ALBORS,39.46822795715022,-0.35350676625967026,Entire home/apt,117,3,10,2024-06-09,2.54,1,66,10,NA
1091374688671935500,Modern studio a few blocks away from the centre,417948112,Alexandra,LA SAIDIA,MORVEDRE,39.48421,-0.37629,Entire home/apt,300,30,0,NA,NA,131,364,0,NA
1091376740341776500,Modern studio a few blocks away from the centre,417948112,Alexandra,LA SAIDIA,MORVEDRE,39.483452585395966,-0.37640304939410313,Entire home/apt,300,30,0,NA,NA,131,364,0,NA
1091379415367041800,Modern studio a few blocks away from the centre,417948112,Alexandra,LA SAIDIA,MORVEDRE,39.48209037935547,-0.3769522492018165,Entire home/apt,300,30,0,NA,NA,131,364,0,NA
1091381738466407200,Modern studio a few blocks away from the centre,417948112,Alexandra,LA SAIDIA,MORVEDRE,39.482202862494674,-0.3778416752495856,Entire home/apt,300,30,0,NA,NA,131,364,0,NA
1091384033288287700,Modern studio a few blocks away from the centre,417948112,Alexandra,LA SAIDIA,MORVEDRE,39.48252096818454,-0.3783021204680539,Entire home/apt,300,30,0,NA,NA,131,364,0,NA
1091386357106195e3,Modern studio a few blocks away from the centre,417948112,Alexandra,LA SAIDIA,MORVEDRE,39.48371,-0.37812,Entire home/apt,300,30,0,NA,NA,131,364,0,NA
1091388869871242200,Modern studio a few blocks away from the centre,417948112,Alexandra,LA SAIDIA,MORVEDRE,39.48279366521058,-0.3782690124608756,Entire home/apt,300,30,0,NA,NA,131,364,0,NA
1091392024466537e3,Modern studio a few blocks away from the centre,417948112,Alexandra,LA SAIDIA,MORVEDRE,39.4825674995079,-0.3764571385040073,Entire home/apt,300,30,0,NA,NA,131,364,0,NA
1091393745257660900,Modern studio a few blocks away from the centre,417948112,Alexandra,LA SAIDIA,MORVEDRE,39.48264650297097,-0.3763056927826607,Entire home/apt,300,30,0,NA,NA,131,364,0,NA
1091395498903573600,Modern studio a few blocks away from the centre,417948112,Alexandra,LA SAIDIA,MORVEDRE,39.48424157897008,-0.3766185515990426,Entire home/apt,300,30,0,NA,NA,131,364,0,NA
1091397595710983700,Modern studio a few blocks away from the centre,417948112,Alexandra,LA SAIDIA,MORVEDRE,39.4823,-0.3781,Entire home/apt,300,30,0,NA,NA,131,364,0,NA
1091399581237105300,Modern studio a few blocks away from the centre,417948112,Alexandra,LA SAIDIA,MORVEDRE,39.483,-0.3783,Entire home/apt,300,30,0,NA,NA,131,364,0,NA
1091403047923239700,Modern studio a few blocks away from the centre,417948112,Alexandra,LA SAIDIA,MORVEDRE,39.48240589456694,-0.3782838918831449,Entire home/apt,300,30,0,NA,NA,131,364,0,NA
1091407100105167900,Modern studio a few blocks away from the centre,417948112,Alexandra,LA SAIDIA,MORVEDRE,39.48215,-0.37808,Entire home/apt,300,30,0,NA,NA,131,364,0,NA
1091410109314159500,Modern studio a few blocks away from the centre,417948112,Alexandra,LA SAIDIA,MORVEDRE,39.482288940060975,-0.3782696489998323,Entire home/apt,300,30,0,NA,NA,131,364,0,NA
1091412184123246800,Modern studio a few blocks away from the centre,417948112,Alexandra,LA SAIDIA,MORVEDRE,39.48404953588441,-0.3767114054120524,Entire home/apt,300,30,0,NA,NA,131,364,0,NA
1.0914140568925199e+18,Modern studio a few blocks away from the centre,417948112,Alexandra,LA SAIDIA,MORVEDRE,39.48203,-0.37789,Entire home/apt,300,30,0,NA,NA,131,364,0,NA
1091415840024469100,Modern studio a few blocks away from the centre,417948112,Alexandra,LA SAIDIA,MORVEDRE,39.48298266329565,-0.376139303419231,Entire home/apt,300,30,0,NA,NA,131,364,0,NA
1091417830294324e3,Modern studio a few blocks away from the centre,417948112,Alexandra,LA SAIDIA,MORVEDRE,39.484263860160006,-0.3776619391968621,Entire home/apt,300,30,0,NA,NA,131,364,0,NA
1091419597154997900,Modern studio a few blocks away from the centre,417948112,Alexandra,LA SAIDIA,MORVEDRE,39.48371750185472,-0.37829117524105166,Entire home/apt,300,30,0,NA,NA,131,364,0,NA
1091421636503315e3,Modern studio a few blocks away from the centre,417948112,Alexandra,LA SAIDIA,MORVEDRE,39.48405009060155,-0.3778729168793385,Entire home/apt,300,30,0,NA,NA,131,364,0,NA
1091423465777111e3,Modern studio a few blocks away from the centre,417948112,Alexandra,LA SAIDIA,MORVEDRE,39.48402220686885,-0.3767056124133409,Entire home/apt,300,30,0,NA,NA,131,364,0,NA
1091430515952940500,BM Bright Urban Style apartment close to the beach,417948112,Alexandra,POBLATS MARITIMS,CABANYAL-CANYAMELAR,39.46477994976732,-0.3323795086334029,Entire home/apt,321,30,0,NA,NA,131,243,0,NA
1091430935705001200,BM Bright Urban Style apartment close to the beach,417948112,Alexandra,POBLATS MARITIMS,EL GRAU,39.46274629920104,-0.332416219781872,Entire home/apt,321,30,0,NA,NA,131,243,0,NA
1091431325920406900,BM Bright Urban Style apartment close to the beach,417948112,Alexandra,POBLATS MARITIMS,EL GRAU,39.46281055034875,-0.33243388996904805,Entire home/apt,321,30,0,NA,NA,131,243,0,NA
1091431773320814200,BM Bright Urban Style apartment close to the beach,417948112,Alexandra,POBLATS MARITIMS,CABANYAL-CANYAMELAR,39.46433,-0.33045,Entire home/apt,321,30,0,NA,NA,131,243,0,NA
1091432188017365100,BM Bright Urban Style apartment close to the beach,417948112,Alexandra,POBLATS MARITIMS,EL GRAU,39.46272298160089,-0.3303151723163404,Entire home/apt,321,30,0,NA,NA,131,243,0,NA
1091432613124293900,BM Bright Urban Style apartment close to the beach,417948112,Alexandra,POBLATS MARITIMS,EL GRAU,39.46276,-0.3303,Entire home/apt,321,30,0,NA,NA,131,243,0,NA
1091433467921562400,BM Bright Urban Style apartment close to the beach,417948112,Alexandra,POBLATS MARITIMS,CABANYAL-CANYAMELAR,39.46469139826647,-0.3307566766553022,Entire home/apt,321,30,0,NA,NA,131,243,0,NA
1091433856796913400,BM Bright Urban Style apartment close to the beach,417948112,Alexandra,POBLATS MARITIMS,CABANYAL-CANYAMELAR,39.46479,-0.33185,Entire home/apt,321,30,0,NA,NA,131,243,0,NA
1091434249716860400,BM Bright Urban Style apartment close to the beach,417948112,Alexandra,POBLATS MARITIMS,CABANYAL-CANYAMELAR,39.464764290776365,-0.3308732918529778,Entire home/apt,321,30,0,NA,NA,131,243,0,NA
1091434653242150100,BM Bright Urban Style apartment close to the beach,417948112,Alexandra,POBLATS MARITIMS,EL GRAU,39.46262,-0.33189,Entire home/apt,321,30,0,NA,NA,131,243,0,NA
1091435083608735200,BM Bright Urban Style apartment close to the beach,417948112,Alexandra,POBLATS MARITIMS,EL GRAU,39.462562539731415,-0.33015876870019684,Entire home/apt,321,30,0,NA,NA,131,243,0,NA
1091435475759241200,BM Bright Urban Style apartment close to the beach,417948112,Alexandra,POBLATS MARITIMS,CABANYAL-CANYAMELAR,39.46473199991022,-0.3304808805770283,Entire home/apt,321,30,0,NA,NA,131,243,0,NA
1091435864526746400,BM Bright Urban Style apartment close to the beach,417948112,Alexandra,POBLATS MARITIMS,CABANYAL-CANYAMELAR,39.464831343869506,-0.3311112193322924,Entire home/apt,321,30,0,NA,NA,131,243,0,NA
1091436261494289900,BM Bright Urban Style apartment close to the beach,417948112,Alexandra,POBLATS MARITIMS,CABANYAL-CANYAMELAR,39.4633934289936,-0.3303304793022846,Entire home/apt,321,30,0,NA,NA,131,243,0,NA
109143670349845e4,BM Bright Urban Style apartment close to the beach,417948112,Alexandra,POBLATS MARITIMS,EL GRAU,39.462787641395714,-0.3318218216541921,Entire home/apt,321,30,0,NA,NA,131,243,0,NA
1091437125303672300,BM Bright Urban Style apartment close to the beach,417948112,Alexandra,POBLATS MARITIMS,CABANYAL-CANYAMELAR,39.46462348666947,-0.33091801586618935,Entire home/apt,321,30,0,NA,NA,131,243,0,NA
1091437982961159600,BM Bright Urban Style apartment close to the beach,417948112,Alexandra,POBLATS MARITIMS,CABANYAL-CANYAMELAR,39.463342393047334,-0.3324632755902555,Entire home/apt,321,30,0,NA,NA,131,243,0,NA
1091438422979991e3,BM Bright Urban Style apartment close to the beach,417948112,Alexandra,POBLATS MARITIMS,CABANYAL-CANYAMELAR,39.46467960083274,-0.330188406407608,Entire home/apt,321,30,0,NA,NA,131,243,0,NA
1091438825812187900,BM Bright Urban Style apartment close to the beach,417948112,Alexandra,POBLATS MARITIMS,CABANYAL-CANYAMELAR,39.463331900557655,-0.33018152908678616,Entire home/apt,321,30,0,NA,NA,131,243,0,NA
1091439224262069800,BM Bright Urban Style apartment close to the beach,417948112,Alexandra,POBLATS MARITIMS,EL GRAU,39.46263043661352,-0.33184108436525295,Entire home/apt,321,30,0,NA,NA,131,243,0,NA
1091439620719031800,BM Bright Urban Style apartment close to the beach,417948112,Alexandra,POBLATS MARITIMS,CABANYAL-CANYAMELAR,39.46403268699899,-0.3325295640670963,Entire home/apt,321,30,0,NA,NA,131,243,0,NA
1091440025165617900,BM Bright Urban Style apartment close to the beach,417948112,Alexandra,POBLATS MARITIMS,CABANYAL-CANYAMELAR,39.46305,-0.33046,Entire home/apt,321,30,0,NA,NA,131,243,0,NA
1091440408210413600,BM Bright Urban Style apartment close to the beach,417948112,Alexandra,POBLATS MARITIMS,CABANYAL-CANYAMELAR,39.46482751607924,-0.33229434290222004,Entire home/apt,321,30,0,NA,NA,131,243,0,NA
109144080440707e4,BM Bright Urban Style apartment close to the beach,417948112,Alexandra,POBLATS MARITIMS,CABANYAL-CANYAMELAR,39.46298,-0.33048,Entire home/apt,321,30,0,NA,NA,131,243,0,NA
1091441292344839600,BM Bright Urban Style apartment close to the beach,417948112,Alexandra,POBLATS MARITIMS,CABANYAL-CANYAMELAR,39.46461,-0.33046,Entire home/apt,321,30,0,NA,NA,131,243,0,NA
1091441769536600300,BM Bright Urban Style apartment close to the beach,417948112,Alexandra,POBLATS MARITIMS,CABANYAL-CANYAMELAR,39.46476,-0.33069,Entire home/apt,321,30,0,NA,NA,131,243,0,NA
1.0914425237149681e+18,BM Bright Urban Style apartment close to the beach,417948112,Alexandra,POBLATS MARITIMS,EL GRAU,39.46252,-0.33161,Entire home/apt,321,30,0,NA,NA,131,243,0,NA
1091442904593213400,BM Bright Urban Style apartment close to the beach,417948112,Alexandra,POBLATS MARITIMS,CABANYAL-CANYAMELAR,39.46415582075154,-0.3322662959747921,Entire home/apt,321,30,0,NA,NA,131,243,0,NA
1091443321187986e3,BM Bright Urban Style apartment close to the beach,417948112,Alexandra,POBLATS MARITIMS,CABANYAL-CANYAMELAR,39.46474,-0.33223,Entire home/apt,321,30,0,NA,NA,131,243,0,NA
1091443725254865400,BM Bright Urban Style apartment close to the beach,417948112,Alexandra,POBLATS MARITIMS,CABANYAL-CANYAMELAR,39.46304241841987,-0.3304926225849524,Entire home/apt,321,30,0,NA,NA,131,243,0,NA
1091444406477193e3,Cozy studio near Valencia city centre,134221412,VLC Host,LA SAIDIA,MORVEDRE,39.48269849075824,-0.37637142186059674,Entire home/apt,300,30,0,NA,NA,151,364,0,NA
1091445132171849200,Cozy studio near Valencia city centre,134221412,VLC Host,LA SAIDIA,MORVEDRE,39.48427,-0.37636,Entire home/apt,300,30,0,NA,NA,151,364,0,NA
1091445917819367800,Cozy studio near Valencia city centre,134221412,VLC Host,LA SAIDIA,MORVEDRE,39.48347821458484,-0.3784251748598157,Entire home/apt,300,30,0,NA,NA,151,364,0,NA
1091446715537440800,Cozy studio near Valencia city centre,134221412,VLC Host,LA SAIDIA,MORVEDRE,39.482173432479186,-0.37767616765259104,Entire home/apt,300,30,0,NA,NA,151,364,0,NA
1091447623891323500,Cozy studio near Valencia city centre,134221412,VLC Host,LA SAIDIA,MORVEDRE,39.48258353649242,-0.37621229445654064,Entire home/apt,300,30,0,NA,NA,151,364,0,NA
1091448364855182100,Cozy studio near Valencia city centre,134221412,VLC Host,LA SAIDIA,MORVEDRE,39.48203379249337,-0.3767653648161959,Entire home/apt,300,30,0,NA,NA,151,364,0,NA
1091449423460511900,Cozy studio near Valencia city centre,134221412,VLC Host,LA SAIDIA,MORVEDRE,39.48297229284927,-0.3784563349876674,Entire home/apt,300,30,0,NA,NA,151,364,0,NA
1091450253370089200,Cozy studio near Valencia city centre,134221412,VLC Host,LA SAIDIA,MORVEDRE,39.48228231274392,-0.3783327542077295,Entire home/apt,300,30,0,NA,NA,151,364,0,NA
1091451041912869600,Cozy studio near Valencia city centre,134221412,VLC Host,LA SAIDIA,MORVEDRE,39.48429605612485,-0.3784067497430259,Entire home/apt,300,30,0,NA,NA,151,364,0,NA
1091451825450618900,Cozy studio near Valencia city centre,134221412,VLC Host,LA SAIDIA,MORVEDRE,39.48405,-0.37642,Entire home/apt,300,30,0,NA,NA,151,364,0,NA
1091452567392433200,Cozy studio near Valencia city centre,134221412,VLC Host,LA SAIDIA,MORVEDRE,39.48213,-0.37628,Entire home/apt,300,30,0,NA,NA,151,364,0,NA
1091453305276576100,Cozy studio near Valencia city centre,134221412,VLC Host,LA SAIDIA,MORVEDRE,39.48247,-0.37666,Entire home/apt,300,30,0,NA,NA,151,364,0,NA
1091454046458814500,Cozy studio near Valencia city centre,134221412,VLC Host,LA SAIDIA,MORVEDRE,39.48225501563314,-0.37691644673919594,Entire home/apt,300,30,0,NA,NA,151,364,0,NA
1091454877291261400,Cozy studio near Valencia city centre,134221412,VLC Host,LA SAIDIA,MORVEDRE,39.48223380800483,-0.3767379418590608,Entire home/apt,300,30,0,NA,NA,151,364,0,NA
109145559514131e4,Cozy studio near Valencia city centre,134221412,VLC Host,LA SAIDIA,MORVEDRE,39.48219499086501,-0.3762740027089807,Entire home/apt,300,30,0,NA,NA,151,364,0,NA
1091456360891339400,Cozy studio near Valencia city centre,134221412,VLC Host,LA SAIDIA,MORVEDRE,39.48404,-0.37617,Entire home/apt,300,30,0,NA,NA,151,364,0,NA
1091457550644335500,Cozy studio near Valencia city centre,134221412,VLC Host,LA SAIDIA,MORVEDRE,39.48283,-0.37848,Entire home/apt,300,30,0,NA,NA,151,364,0,NA
1091458327668930600,Cozy studio near Valencia city centre,134221412,VLC Host,LA SAIDIA,MORVEDRE,39.48206,-0.37773,Entire home/apt,300,30,0,NA,NA,151,364,0,NA
1091459158758521300,Cozy studio near Valencia city centre,134221412,VLC Host,LA SAIDIA,MORVEDRE,39.48430361067597,-0.3779993721966487,Entire home/apt,300,30,0,NA,NA,151,364,0,NA
1091460138128240800,Cozy studio near Valencia city centre,134221412,VLC Host,LA SAIDIA,MORVEDRE,39.483505622863866,-0.3764290323751973,Entire home/apt,300,30,0,NA,NA,151,364,0,NA
1091460947384567600,Cozy studio near Valencia city centre,134221412,VLC Host,LA SAIDIA,MORVEDRE,39.484347304245944,-0.3784692936688843,Entire home/apt,300,30,0,NA,NA,151,364,0,NA
1091461789841461500,Cozy studio near Valencia city centre,134221412,VLC Host,LA SAIDIA,MORVEDRE,39.48367,-0.37831,Entire home/apt,300,30,0,NA,NA,151,364,0,NA
109146255004936e4,Cozy studio near Valencia city centre,134221412,VLC Host,LA SAIDIA,MORVEDRE,39.48237299440488,-0.3768271486296304,Entire home/apt,300,30,0,NA,NA,151,364,0,NA
1091463383028493400,Cozy studio near Valencia city centre,134221412,VLC Host,LA SAIDIA,MORVEDRE,39.48419373719669,-0.3765876798687305,Entire home/apt,300,30,0,NA,NA,151,364,0,NA
1091464146493459500,Cozy studio near Valencia city centre,134221412,VLC Host,LA SAIDIA,MORVEDRE,39.48245728131773,-0.37780787362734675,Entire home/apt,300,30,0,NA,NA,151,364,0,NA
1091464989084779600,Cozy studio near Valencia city centre,134221412,VLC Host,LA SAIDIA,MORVEDRE,39.48380493031419,-0.37622525291796544,Entire home/apt,300,30,0,NA,NA,151,364,0,NA
1091466052355090200,Cozy studio near Valencia city centre,134221412,VLC Host,LA SAIDIA,MORVEDRE,39.4844156179722,-0.376693525758322,Entire home/apt,300,30,0,NA,NA,151,364,0,NA
1091466882013312500,Cozy studio near Valencia city centre,134221412,VLC Host,LA SAIDIA,MORVEDRE,39.48384973751127,-0.3766512981790216,Entire home/apt,300,30,0,NA,NA,151,364,0,NA
1091467574378172e3,Cozy studio near Valencia city centre,134221412,VLC Host,LA SAIDIA,MORVEDRE,39.48229259343268,-0.3781588666018697,Entire home/apt,300,30,0,NA,NA,151,364,0,NA
1091468337778146300,Cozy studio near Valencia city centre,134221412,VLC Host,LA SAIDIA,MORVEDRE,39.48260549413157,-0.3761818091589732,Entire home/apt,300,30,0,NA,NA,151,364,0,NA
1091469692556689800,BM Bright Urban Style apartment close to the beach,134221412,VLC Host,POBLATS MARITIMS,CABANYAL-CANYAMELAR,39.46412125358215,-0.3302805970733095,Entire home/apt,321,30,0,NA,NA,151,243,0,NA
1091470078574577300,BM Bright Urban Style apartment close to the beach,134221412,VLC Host,POBLATS MARITIMS,EL GRAU,39.46279,-0.3304,Entire home/apt,321,30,0,NA,NA,151,243,0,NA
1091470531939345200,BM Bright Urban Style apartment close to the beach,134221412,VLC Host,POBLATS MARITIMS,CABANYAL-CANYAMELAR,39.464778193172805,-0.3318304233187616,Entire home/apt,321,30,0,NA,NA,151,243,0,NA
1091470907613763300,BM Bright Urban Style apartment close to the beach,134221412,VLC Host,POBLATS MARITIMS,CABANYAL-CANYAMELAR,39.463,-0.33048,Entire home/apt,321,30,0,NA,NA,151,243,0,NA
1091471396513953500,BM Bright Urban Style apartment close to the beach,134221412,VLC Host,POBLATS MARITIMS,CABANYAL-CANYAMELAR,39.463308791495535,-0.3322752789358624,Entire home/apt,321,30,0,NA,NA,151,243,0,NA
1091471909893344800,BM Bright Urban Style apartment close to the beach,134221412,VLC Host,POBLATS MARITIMS,CABANYAL-CANYAMELAR,39.46424797437296,-0.33204425807724347,Entire home/apt,321,30,0,NA,NA,151,243,0,NA
1091472806955270700,BM Bright Urban Style apartment close to the beach,134221412,VLC Host,POBLATS MARITIMS,CABANYAL-CANYAMELAR,39.46337238554441,-0.3301806952438824,Entire home/apt,321,30,0,NA,NA,151,243,0,NA
1091473292489193500,BM Bright Urban Style apartment close to the beach,134221412,VLC Host,POBLATS MARITIMS,CABANYAL-CANYAMELAR,39.46425885086649,-0.3303834620610399,Entire home/apt,321,30,0,NA,NA,151,243,0,NA
1091473699725775900,BM Bright Urban Style apartment close to the beach,134221412,VLC Host,POBLATS MARITIMS,EL GRAU,39.46296444362307,-0.3323808516550385,Entire home/apt,321,30,0,NA,NA,151,243,0,NA
1091474088697673700,BM Bright Urban Style apartment close to the beach,134221412,VLC Host,POBLATS MARITIMS,CABANYAL-CANYAMELAR,39.46329952690904,-0.3322538098224354,Entire home/apt,321,30,0,NA,NA,151,243,0,NA
1091474476277313300,BM Bright Urban Style apartment close to the beach,134221412,VLC Host,POBLATS MARITIMS,CABANYAL-CANYAMELAR,39.46330302410587,-0.33029441456153175,Entire home/apt,321,30,0,NA,NA,151,243,0,NA
1091474866794593300,BM Bright Urban Style apartment close to the beach,134221412,VLC Host,POBLATS MARITIMS,CABANYAL-CANYAMELAR,39.462896468847475,-0.3305389460855476,Entire home/apt,321,30,0,NA,NA,151,243,0,NA
1091475251233696e3,BM Bright Urban Style apartment close to the beach,134221412,VLC Host,POBLATS MARITIMS,CABANYAL-CANYAMELAR,39.464071761971745,-0.33231958011418933,Entire home/apt,321,30,0,NA,NA,151,243,0,NA
1091475652094754600,BM Bright Urban Style apartment close to the beach,134221412,VLC Host,POBLATS MARITIMS,CABANYAL-CANYAMELAR,39.46306,-0.33055,Entire home/apt,321,30,0,NA,NA,151,243,0,NA
1091476058329375e3,BM Bright Urban Style apartment close to the beach,134221412,VLC Host,POBLATS MARITIMS,EL GRAU,39.462634445643815,-0.3325250484513366,Entire home/apt,321,30,0,NA,NA,151,243,0,NA
1091479313322695e3,BM Bright Urban Style apartment close to the beach,134221412,VLC Host,POBLATS MARITIMS,CABANYAL-CANYAMELAR,39.46332,-0.33034,Entire home/apt,321,30,0,NA,NA,151,243,0,NA
1091479714753090800,BM Bright Urban Style apartment close to the beach,134221412,VLC Host,POBLATS MARITIMS,EL GRAU,39.46277335569904,-0.3305633914130235,Entire home/apt,321,30,0,NA,NA,151,243,0,NA
1091480182513307100,BM Bright Urban Style apartment close to the beach,134221412,VLC Host,POBLATS MARITIMS,EL GRAU,39.46268265413013,-0.33199990825454145,Entire home/apt,321,30,0,NA,NA,151,243,0,NA
1091480649414304500,BM Bright Urban Style apartment close to the beach,134221412,VLC Host,POBLATS MARITIMS,CABANYAL-CANYAMELAR,39.46437,-0.33213,Entire home/apt,321,30,0,NA,NA,151,243,0,NA
1091481133501568100,BM Bright Urban Style apartment close to the beach,134221412,VLC Host,POBLATS MARITIMS,EL GRAU,39.46273,-0.33215,Entire home/apt,321,30,0,NA,NA,151,243,0,NA
1091481570761093e3,BM Bright Urban Style apartment close to the beach,134221412,VLC Host,POBLATS MARITIMS,CABANYAL-CANYAMELAR,39.46288606727165,-0.3305023654209592,Entire home/apt,321,30,0,NA,NA,151,243,0,NA
1091481974194143500,BM Bright Urban Style apartment close to the beach,134221412,VLC Host,POBLATS MARITIMS,EL GRAU,39.46284016441314,-0.33080884246720793,Entire home/apt,321,30,0,NA,NA,151,243,0,NA
1091482403711015200,BM Bright Urban Style apartment close to the beach,134221412,VLC Host,POBLATS MARITIMS,EL GRAU,39.46257196064227,-0.33050800880688996,Entire home/apt,321,30,0,NA,NA,151,243,0,NA
1091482815858198e3,BM Bright Urban Style apartment close to the beach,134221412,VLC Host,POBLATS MARITIMS,EL GRAU,39.46301221373445,-0.33221797291345245,Entire home/apt,321,30,0,NA,NA,151,243,0,NA
1091483314290206600,BM Bright Urban Style apartment close to the beach,134221412,VLC Host,POBLATS MARITIMS,CABANYAL-CANYAMELAR,39.46485,-0.33107,Entire home/apt,321,30,0,NA,NA,151,243,0,NA
1091483941522785400,BM Bright Urban Style apartment close to the beach,134221412,VLC Host,POBLATS MARITIMS,CABANYAL-CANYAMELAR,39.46334,-0.33232,Entire home/apt,321,30,0,NA,NA,151,243,0,NA
1091484512675032800,BM Bright Urban Style apartment close to the beach,134221412,VLC Host,POBLATS MARITIMS,EL GRAU,39.462725338424896,-0.330821765582147,Entire home/apt,321,30,0,NA,NA,151,243,0,NA
1091485019361783e3,BM Bright Urban Style apartment close to the beach,134221412,VLC Host,POBLATS MARITIMS,EL GRAU,39.46275,-0.33021,Entire home/apt,321,30,0,NA,NA,151,243,0,NA
1091766966452133800,Denia,543129726,Natalia,L'EIXAMPLE,RUSSAFA,39.46245645069361,-0.3767297000000091,Entire home/apt,108,1,0,NA,NA,25,33,0,NA
1091818213148583800,"NEW VLC Apart - Cervero 24A, Apart 103",542811646,Alexandra,BENICALAP,BENICALAP,39.4995228,-0.3894894,Entire home/apt,188,1,1,2024-06-15,1,7,326,1,NA
1091911324729137700,terraza+barbacoa+piscina+ wifi,562163281,Sheila,POBLATS DEL SUD,EL PERELLONET,39.28549138255425,-0.28044138103723526,Entire home/apt,158,3,4,2024-06-02,1.22,1,61,4,NA
109195377193552e4,Beuatiful studio with terrace Osito Hub B,561309948,Osito,CAMINS AL GRAU,AIORA,39.46874,-0.34993,Entire home/apt,90,1,5,2024-05-07,1.33,17,280,5,VT-54437-V
1091986168529602400,Valero III,543129726,Natalia,QUATRE CARRERES,EN CORTS,39.457425807048025,-0.37414765767212144,Entire home/apt,87,1,0,NA,NA,25,205,0,NA
1091996098845947600,Calma I,76769846,Roberto,EXTRAMURS,EL BOTANIC,39.4752836,-0.3850713,Entire home/apt,120,2,7,2024-06-03,3.68,5,246,7,NA
1092002105299801600,Apartamento Valencia,166387350,Patricia,PATRAIX,PATRAIX,39.465132,-0.3928593,Entire home/apt,300,2,2,2024-03-31,0.63,1,76,2,NA
109202955317883e4,Rustic Meets Beautiful Fallas,66546585,Susanna,CIUTAT VELLA,EL CARME,39.47971,-0.37726,Entire home/apt,200,5,0,NA,NA,2,128,0,NA
1092116792652279600,Arena 20 Suites. Estudio+Terraza,308967204,Coroa Gestion,QUATRE CARRERES,LA PUNTA,39.44705,-0.36567,Entire home/apt,114,1,0,NA,NA,24,177,0,NA
1092423183239711200,Loft diáfano frente al rio.,500021530,Mario Marcos,CIUTAT VELLA,EL CARME,39.48038,-0.37853,Entire home/apt,88,5,5,2024-06-04,1.6,1,204,5,NA
1092575253503104500,Valencia Antonio Ferrandis |Comfort studio+sofabed,418270816,Limehome,QUATRE CARRERES,CIUTAT DE LES ARTS I DE LES CIENCIES,39.4507347,-0.3582661,Entire home/apt,165,1,0,NA,NA,17,319,0,HV-1529
1092691689259356e3,Valencia Antonio Ferrandis | Studio - wheelchair,418270816,Limehome,QUATRE CARRERES,CIUTAT DE LES ARTS I DE LES CIENCIES,39.4507347,-0.3582661,Entire home/apt,138,1,0,NA,NA,17,347,0,HV-1529
1092731396736337300,Apartamento Pelayo,562354931,Mateo,EXTRAMURS,LA ROQUETA,39.464392652446215,-0.37796562485350904,Entire home/apt,110,5,3,2024-04-26,0.91,1,65,3,VT-54318-V
1092757644452256300,Patraix nice suite,550466366,Wen,JESUS,LA RAIOSA,39.45567,-0.3878,Entire home/apt,68,1,2,2024-05-28,0.7,1,339,2,NA
1092787078051276200,Apartamento con terraza en Valencia,125037312,Claudia,BENICALAP,BENICALAP,39.49129569999999,-0.3936538000000001,Entire home/apt,56,30,1,2024-04-01,0.36,30,244,1,NA
1093322939977221100,Coqueto apartamento familiar,558018001,Nazeli,LA SAIDIA,MARXALENES,39.4880712,-0.3867829,Entire home/apt,113,1,2,2024-06-15,1.43,3,206,2,NA
1093330113835062800,apartamento familiar,522205233,Monte,LA SAIDIA,MARXALENES,39.48734451283568,-0.3824273496866226,Entire home/apt,114,1,0,NA,NA,21,206,0,NA
109338486386581e4,3-bedroom apart. in city centre,3328473,Christian,EXTRAMURS,EL BOTANIC,39.47565,-0.38561,Entire home/apt,225,7,2,2024-04-03,0.65,1,55,2,NA
1093921075180988800,"Rualva Flats,  Pintor Penthouse",129996041,Marcos,L'OLIVERETA,NOU MOLES,39.4700686,-0.402412,Entire home/apt,129,4,0,NA,NA,8,71,0,VT-36818-V
1093988679280197200,Beautiful studio Osito Hub A,561309948,Osito,CAMINS AL GRAU,ALBORS,39.46946310915725,-0.3486852193421129,Entire home/apt,112,1,2,2024-04-28,0.63,17,280,2,VT-54437-V
1094001279733172400,Natural loft Osito Hub A,561309948,Osito,ALGIROS,L'ILLA PERDUDA,39.47167209540817,-0.3422256574904638,Entire home/apt,79,1,6,2024-05-18,1.5,17,319,6,NA
1094138621536507900,ciudad de las artes,522205233,Monte,CAMINS AL GRAU,AIORA,39.4656581,-0.3500891,Entire home/apt,143,1,4,2024-04-19,0.98,21,131,4,NA
1094737655670585300,El Mercat 05,562825494,Lucia,CIUTAT VELLA,EL MERCAT,39.4734,-0.37987,Entire home/apt,174,2,10,2024-06-16,2.65,3,51,10,NA
1094836263853313200,Ayora Cozy House,441423377,Lilian Beatriz,CAMINS AL GRAU,AIORA,39.465531797299214,-0.34323771624733623,Entire home/apt,50,32,0,NA,NA,1,186,0,NA
1094872088696862100,Nice apartement for 4 ppl. at Mislata,432357263,"Loic, Estelle And Co",CAMPANAR,SANT PAU,39.47451,-0.4087,Entire home/apt,127,1,0,NA,NA,1,364,0,VT-44610-V
1094899052833311500,Malvarrosa Las Arenas Access. WIFI + A/C + 5 Pax,14182776,Alberto,POBLATS MARITIMS,CABANYAL-CANYAMELAR,39.4697891,-0.3281489,Entire home/apt,231,1,6,2024-06-10,1.5,70,201,6,VT/47452/V
1094947590113532e3,Apartement 700 m away from the beach for 4 ppl.,373024585,"Loic, Estelle And Co",POBLATS MARITIMS,EL GRAU,39.46173,-0.33197,Entire home/apt,247,1,0,NA,NA,1,364,0,VT-41802-V
1095410187549275e3,Appartement à 15min du centre,397068196,Rayan,POBLATS MARITIMS,NATZARET,39.44861788805995,-0.33285194305624716,Entire home/apt,52,1,1,2024-03-18,0.31,3,48,1,NA
1095427150471976200,Studio near the beach,547659572,Satali,POBLATS MARITIMS,CABANYAL-CANYAMELAR,39.46394434888872,-0.33554819441204997,Entire home/apt,86,2,1,2024-04-06,0.38,1,66,1,NA
1095483208092662400,Apartamento - Estación Joaquín Sorolla,37128625,Andrés,PATRAIX,PATRAIX,39.45922,-0.38948,Entire home/apt,80,10,2,2024-04-27,0.65,1,279,2,NA
1095600530236374300,Nice apartement for 3 ppl. at València,371084270,"Loic, Estelle And Co",EXTRAMURS,LA ROQUETA,39.46375,-0.37787,Entire home/apt,120,1,0,NA,NA,1,364,0,"VT-44410-V C ALCOY, no 5, esc. 1, piso 01 - pta. 01 València Estándar 4"
1095807351042566700,"Lliri 32, Apart 5",557226928,Lubov,POBLATS MARITIMS,EL GRAU,39.45914459999999,-0.3383595,Entire home/apt,104,1,0,NA,NA,8,265,0,NA
1096123096291504900,Valencia Sant Jacint | Economy Studio +balcony,418270816,Limehome,EXTRAMURS,LA PETXINA,39.4752983,-0.3910825,Entire home/apt,157,1,0,NA,NA,17,349,0,HV-1528
1096166152078245100,Apartment in Benimaclet 7pax,214440330,Alejandro,EL PLA DEL REAL,JAUME ROIG,39.48296,-0.36277,Entire home/apt,152,5,0,NA,NA,29,51,0,NA
1.0962132185270961e+18,Port Area II. WiFi+ A/C+ 4 Pax,14182776,Alberto,CAMINS AL GRAU,LA CREU DEL GRAU,39.4620155,-0.3441897,Entire home/apt,151,1,5,2024-05-19,1.26,70,64,5,VT-42947-V
1096226193564074900,Dorm4You Ayuntamiento Apartment,539223800,German,CIUTAT VELLA,SANT FRANCESC,39.46950527364112,-0.3764811650905181,Entire home/apt,65,1,2,2024-06-16,2,14,70,2,NA
1096350208086031400,Apartamento 1 dormitorio,547496009,Imperial Apartamentos,QUATRE CARRERES,EN CORTS,39.4568409,-0.3716277,Entire home/apt,112,1,3,2024-06-02,1.06,7,160,3,NA
1096374970820225400,Private condo with  sports area  by Central Park,563244841,Eduardo,JESUS,LA CREU COBERTA,39.453451895346966,-0.3822066503197437,Entire home/apt,132,1,1,2024-06-02,1,1,348,1,NA
1096884238831649900,"Lliri 32, Apart 3",557226928,Lubov,POBLATS MARITIMS,EL GRAU,39.458453652750414,-0.33929425552617326,Entire home/apt,130,1,2,2024-03-24,0.52,8,0,2,NA
1096904488403951900,Loft EA playa Cabanyal  2,563369225,Xuejie,POBLATS MARITIMS,CABANYAL-CANYAMELAR,39.46667066149016,-0.3348022359143151,Entire home/apt,132,2,10,2024-06-06,3.49,6,220,10,NA
1096967644541569500,Felix Flat,432981976,Joan,BENICALAP,BENICALAP,39.491821471304874,-0.3837073742021417,Entire home/apt,92,1,10,2024-06-20,3.06,21,221,10,NA
1096996570861882400,Apartamento literato,134730579,Mar,L'EIXAMPLE,RUSSAFA,39.46062502943769,-0.3756757204141153,Entire home/apt,135,35,0,NA,NA,2,173,0,NA
1097008651019340700,"Valencia experience! Wi-Fi, science city & Ruzafa",524635391,Ayres,QUATRE CARRERES,EN CORTS,39.4550117,-0.3726838,Entire home/apt,105,5,7,2024-06-03,2.12,6,165,7,NA
1097080390038260200,Ático céntrico con terraza.,17493319,Juan,CIUTAT VELLA,EL MERCAT,39.47195402106121,-0.37706438051510655,Entire home/apt,89,4,0,NA,NA,5,46,0,NA
1097086803388544300,magnífico ático tríplex,17166540,Jorge,PATRAIX,VARA DE QUART,39.459848594389626,-0.4132564812471598,Entire home/apt,131,3,10,2024-06-16,3.06,1,192,10,NA
1097314168497538600,suite Familiar Valencia,522205233,Monte,LA SAIDIA,MARXALENES,39.48779733156245,-0.38731299340724945,Entire home/apt,119,1,7,2024-06-02,3,21,206,7,NA
1098212814211073900,Apart. entero Ático Pza España,15589065,Patricia,EXTRAMURS,ARRANCAPINS,39.4632487449067,-0.38125407428103464,Entire home/apt,142,2,2,2024-06-02,0.71,2,176,2,NA
1098396452560096600,Apartamento 50 metros de la playa,467222284,Jesus,POBLATS MARITIMS,LA MALVA-ROSA,39.4792962,-0.32672060000000003,Entire home/apt,181,3,3,2024-05-27,1.07,1,43,3,NA
1098417392373668900,Beautiful apartment center Valencia,108012686,Talita,CIUTAT VELLA,SANT FRANCESC,39.4711033,-0.3780817,Entire home/apt,300,2,2,2024-04-27,0.61,1,76,2,NA
1098448046083655700,piso playa Malvarrosa,559669893,Maria Belen,POBLATS MARITIMS,LA MALVA-ROSA,39.4815875,-0.3286115,Entire home/apt,135,3,0,NA,NA,1,135,0,NA
1098530300119377400,Luxury 1 bedroom Flat,97352090,Arsan,QUATRE CARRERES,LA PUNTA,39.45044,-0.34146,Entire home/apt,120,14,0,NA,NA,4,65,0,NA
1099194383758312800,Loft,510965105,Irina,ALGIROS,CIUTAT JARDI,39.46962721015436,-0.3469129151280256,Entire home/apt,156,2,7,2024-06-03,1.86,1,227,7,NA
1099253810437774100,Loft in Valencia,512086532,Anastasia,CAMINS AL GRAU,AIORA,39.46468633674897,-0.33875126391649246,Entire home/apt,56,30,0,NA,NA,1,232,0,NA
1099336894705188500,Fabuloso apartamento en Ruzafa,474534107,Ignacio,QUATRE CARRERES,EN CORTS,39.4572013,-0.3709919,Entire home/apt,127,1,9,2024-06-16,3.21,3,59,9,NA
1099713913991497e3,Top-Floor New Studio in Ruzafa,10385073,Russell,QUATRE CARRERES,EN CORTS,39.45745,-0.37288,Entire home/apt,88,1,6,2024-06-05,1.61,2,230,6,NA
1099788065692020500,Design & Love Osito Hub E,561309948,Osito,ALGIROS,CIUTAT JARDI,39.47125,-0.3446,Entire home/apt,79,1,7,2024-05-10,1.98,17,322,7,NA
1100163250022134800,Acogedor Apartamento en Valencia,42746546,Juan,EL PLA DEL REAL,JAUME ROIG,39.482477642494686,-0.3634916833379604,Entire home/apt,155,30,0,NA,NA,1,61,0,NA
1100454908379518600,Apartamento reformado con terraza,37500490,Amparo,QUATRE CARRERES,EN CORTS,39.45552804189759,-0.3727787733078003,Entire home/apt,102,2,8,2024-05-28,2.42,1,265,8,NA
1100660619326296300,Cozy Flat Valencia Beach,44450805,Sergio,POBLATS MARITIMS,LA MALVA-ROSA,39.47982413101395,-0.3314179440947229,Entire home/apt,193,4,2,2024-03-31,0.66,29,106,2,NA
110070217660319e4,Gran piso super luminoso IRJ27,7300084,Ana,ALGIROS,L'ILLA PERDUDA,39.4707385,-0.3404199,Entire home/apt,370,6,0,NA,NA,2,50,0,NA
1100709598950826400,Amplio apartamento en Corts,214087309,David,QUATRE CARRERES,NA ROVELLA,39.45018809138567,-0.3708094633255344,Entire home/apt,120,10,3,2024-06-15,2.05,10,35,3,NA
1100827243317188100,Apartamento B  a 20 min del centro,72009114,Ciutat Vella,RASCANYA,TORREFIEL,39.4932887833913,-0.3760607597018981,Entire home/apt,82,1,0,NA,NA,10,264,0,NA
110086186578195e4,"Lliri 32, Apart 6",557226928,Lubov,POBLATS MARITIMS,EL GRAU,39.46029250169081,-0.3381050060497604,Entire home/apt,104,1,0,NA,NA,8,263,0,NA
1101266242636587600,Apartment San Pedro I,154048802,René,POBLATS MARITIMS,CABANYAL-CANYAMELAR,39.4712572,-0.331303,Entire home/apt,114,3,7,2024-06-05,2.69,30,242,7,NA
1101275881252629800,Apartamento soleado céntrico,88507230,Javier,EL PLA DEL REAL,JAUME ROIG,39.484337974738025,-0.36315836012363434,Entire home/apt,116,31,0,NA,NA,1,192,0,NA
1101307523667766300,Valencia Puerto Ciudad Artes,559574969,Holidu,POBLATS MARITIMS,EL GRAU,39.4594229064436,-0.3361089809856388,Entire home/apt,152,1,1,2024-06-19,1,3,359,1,VT-41439-V
1101462146060576e3,Visitación Serenity,350512254,Adenzo Center Flats,LA SAIDIA,MORVEDRE,39.48347,-0.37711,Entire home/apt,354,1,10,2024-05-19,3.06,9,118,10,NA
1101590336495642200,Excelent cozy apartment in the center with parking,21743700,Greice,CIUTAT VELLA,SANT FRANCESC,39.47030887217139,-0.3731690347194672,Entire home/apt,180,3,7,2024-06-03,2.12,1,177,7,NA
1101955714413483500,Lujoso ático Palau de la Música,559574969,Holidu,CAMINS AL GRAU,PENYA-ROJA,39.4639598,-0.3572208,Entire home/apt,272,1,0,NA,NA,3,364,0,VT-46578-V
1101969956494098600,Cristina center,559574969,Holidu,LA SAIDIA,SANT ANTONI,39.487434,-0.3721014,Entire home/apt,115,1,0,NA,NA,3,365,0,VT-42767-V
1102248898489808800,Beautiful apartment in Ruzafa,424459476,Tammy,L'EIXAMPLE,RUSSAFA,39.46375091150331,-0.37514825797976387,Entire home/apt,129,3,0,NA,NA,2,27,0,NA
1102547378491453200,Cerca de todo,493276445,Jesus,EXTRAMURS,LA PETXINA,39.47357649328814,-0.3932254660555906,Entire home/apt,68,28,3,2024-06-01,0.98,1,41,3,NA
1102778513025134700,artes apartment 1 of 10,37122909,Marisa Make It Med,EL PLA DEL REAL,EXPOSICIO,39.476840729666534,-0.3603194462359444,Entire home/apt,131,1,3,2024-04-02,0.92,11,30,3,NA
1102803668071523300,Apartamento Romántico,97462434,Vicente,ALGIROS,CIUTAT JARDI,39.4693,-0.34495,Entire home/apt,160,2,1,2024-06-03,1,1,262,1,NA
1102820986863651800,Tranquilo y acogedor apartamento. Wifi.,557553155,Martina,L'EIXAMPLE,RUSSAFA,39.4621578,-0.3671347,Entire home/apt,120,3,8,2024-05-19,2.67,1,28,8,NA
1102918481030702300,Luminoso y acogedor piso en Valencia Capital,393511712,Adriana,QUATRE CARRERES,MONT-OLIVET,39.45825,-0.36495,Entire home/apt,100,1,0,NA,NA,1,249,0,NA
1103603502347838500,Estudio Plus Ultra,261149179,Vacansis,QUATRE CARRERES,EN CORTS,39.45593,-0.37344,Entire home/apt,66,1,8,2024-06-18,2.82,6,270,8,NA
1103627714394635800,Compact Bright Top-Floor Studio,10385073,Russell,QUATRE CARRERES,EN CORTS,39.45621,-0.3709,Entire home/apt,75,10,8,2024-05-23,2.33,2,190,8,NA
1103631036423674100,Casa Maritima,14031964,Aleksandr,CAMINS AL GRAU,AIORA,39.46501445067386,-0.33922329765470943,Entire home/apt,124,3,9,2024-06-16,3.14,2,130,9,NA
1103676451177781500,Cabanyal B - BeachSide Charm & Design,44450805,Sergio,POBLATS MARITIMS,CABANYAL-CANYAMELAR,39.463709,-0.3327482,Entire home/apt,154,4,1,2024-04-03,0.37,29,129,1,NA
1103735574417190500,Cabanyal C - BeachSide Charm & Design,44450805,Sergio,POBLATS MARITIMS,CABANYAL-CANYAMELAR,39.463709,-0.3327482,Entire home/apt,200,4,1,2024-05-10,0.67,29,88,1,NA
1103772397074711800,Beautiful central city apartment with terrace,130859610,Mercedes,CIUTAT VELLA,EL PILAR,39.47235,-0.38003,Entire home/apt,86,10,0,NA,NA,1,276,0,NA
1.1041474824831921e+18,Central apartment with nice terrace,491663354,Stl Apartamentos,EXTRAMURS,EL BOTANIC,39.4742538509876,-0.3844421768455232,Entire home/apt,137,2,10,2024-06-09,3.13,11,170,10,NA
1104177674543216100,Piso reformado frente a viveros,565097581,Andres,LA SAIDIA,TRINITAT,39.48415,-0.36721,Entire home/apt,143,2,1,2024-06-16,1,1,58,1,NA
1104192981419402e3,Apartment San Pedro IV,154048802,René,POBLATS MARITIMS,CABANYAL-CANYAMELAR,39.4712572,-0.331303,Entire home/apt,109,3,5,2024-05-27,2.31,30,264,5,NA
1104219958851590700,"Apartamento, centro de Valencia,",565107610,Violeta,EXTRAMURS,ARRANCAPINS,39.461761441939984,-0.3836126770146947,Entire home/apt,150,2,4,2024-06-02,1.22,1,212,4,NA
1104273918926181800,Apartment San Pedro V,154048802,René,POBLATS MARITIMS,CABANYAL-CANYAMELAR,39.4712572,-0.331303,Entire home/apt,106,3,3,2024-06-08,1.91,30,249,3,NA
1104402210199879e3,Chic New Apartment Near Downtown Attractions!,201529385,Anita,JESUS,LA RAIOSA,39.456912699999975,-0.3840805282759529,Entire home/apt,130,30,6,2024-04-21,1.71,1,163,6,NA
1104454022538409600,Promoción Apartamento Valenciacentro. Fabuloso!,565188725,Paula,EXTRAMURS,LA ROQUETA,39.46464863849843,-0.37967405581970537,Entire home/apt,82,31,1,2024-06-20,1,1,331,1,NA
1104870668154279600,Travel Habitat Patraix Tiny Terrace,97229818,Travel Habitat,PATRAIX,VARA DE QUART,39.46315039216314,-0.39803776269724667,Entire home/apt,155,1,0,NA,NA,45,223,0,NA
1104870805864645800,Travel Habitat Sant Isidre Suite,97229818,Travel Habitat,PATRAIX,SANT ISIDRE,39.45196,-0.40275,Entire home/apt,106,1,1,2024-04-22,0.48,45,225,1,NA
1104871121693654500,Travel Habitat Mediterranean Suites 9,97229818,Travel Habitat,CAMINS AL GRAU,AIORA,39.46410541688069,-0.3378963988178349,Entire home/apt,138,1,1,2024-05-19,0.83,45,280,1,NA
1104871329893379200,Travel Habitat Mediterranean Suites 6,97229818,Travel Habitat,CAMINS AL GRAU,AIORA,39.46433,-0.34,Entire home/apt,129,1,2,2024-04-22,0.71,45,288,2,NA
1104876233944084600,Modern self-contained loft near city center (B),49269897,Judith Paola,JESUS,LA RAIOSA,39.4573464,-0.3885391,Entire home/apt,89,2,10,2024-06-03,3.57,3,228,10,VT-54628-V
1105025381449234600,Apartamento fabuloso,432027497,Carmen,POBLATS DEL SUD,EL SALER,39.3506997,-0.320987,Entire home/apt,64,60,0,NA,NA,1,269,0,NA
110522869125218e4,"NEW VLC Apart - Cervero 24A, Apart 104",542811646,Alexandra,POBLATS DEL NORD,POBLE NOU,39.50048276171905,-0.3887341724686213,Entire home/apt,583,1,1,2024-05-04,0.6,7,315,1,NA
1105251725105028e3,"NEW VLC Apart - Cervero 24A, Apart 105",542811646,Alexandra,BENICALAP,BENICALAP,39.49840287592339,-0.389719391548988,Entire home/apt,443,1,0,NA,NA,7,333,0,NA
1105381856066585e3,Piso situado en zona tranquila,185329807,Simona Daniela,CAMPANAR,CAMPANAR,39.48203999640219,-0.3883924173017674,Entire home/apt,126,1,10,2024-06-16,3.03,1,350,10,NA
1105478741353111800,Apartamento completo en el corazón de Eixample,58012504,Ivan,L'EIXAMPLE,LA GRAN VIA,39.4648109,-0.3672464,Entire home/apt,67,3,3,2024-06-18,3,1,59,3,NA
1105593259993267500,"NEW VLC Apart - Cervero 24A, Apart 106",542811646,Alexandra,BENICALAP,BENICALAP,39.4995228,-0.3894894,Entire home/apt,577,1,0,NA,NA,7,297,0,NA
1105604863813325400,"NEW VLC Apart - Cervero 24A, Apart 107",542811646,Alexandra,BENICALAP,CIUTAT FALLERA,39.49924,-0.39062,Entire home/apt,739,1,1,2024-06-12,1,7,309,1,NA
1105665154109413400,Marti 13,543129726,Natalia,L'EIXAMPLE,LA GRAN VIA,39.46451751168444,-0.37009220000000065,Entire home/apt,116,1,0,NA,NA,25,281,0,NA
1105713569659041e3,"NEW VLC Apart - Cervero 24A, Apart 204",542811646,Alexandra,BENICALAP,BENICALAP,39.4988427,-0.3892496,Entire home/apt,1326,1,0,NA,NA,7,293,0,NA
1105809119664189300,Piso perfecto para fallas.,103197921,Pepe,CIUTAT VELLA,EL CARME,39.4819870463583,-0.38152397886415657,Entire home/apt,260,1,0,NA,NA,1,269,0,NA
1105869467161675800,Apartamento 2 habitaciones,87203481,Daniele,BENIMACLET,CAMI DE VERA,39.49156622147357,-0.35605084151029587,Entire home/apt,75,5,0,NA,NA,1,77,0,NA
1105880875861640800,Loft moderno reformado en el Centro de Valencia,565556666,Julio,LA SAIDIA,TRINITAT,39.48538,-0.36722,Entire home/apt,104,2,10,2024-06-17,3.09,1,143,10,VT-54630-V
1105994696070203900,Boho Flat Valencia luxor. 2Rooms&2Bth Ac Wifi,211991268,ValenciaGUEST,L'EIXAMPLE,RUSSAFA,39.46211913079968,-0.3773378876130108,Entire home/apt,143,5,4,2024-05-24,1.67,93,152,4,NA
1106530464608729500,¡Hogar fantástico!,5946580,Nahuel,CAMINS AL GRAU,LA CREU DEL GRAU,39.46043430544243,-0.34370729280903045,Entire home/apt,150,5,0,NA,NA,51,102,0,NA
1106577716218836700,Apartamento Centro Histórico.,215577235,Fernando,CIUTAT VELLA,EL CARME,39.4794647,-0.377574,Entire home/apt,81,1,9,2024-06-08,2.78,7,189,9,NA
1106586777796641300,Piso Valencia 3 dormitorios.,512523361,Iván,BENICALAP,BENICALAP,39.49773266150449,-0.3883065958882128,Entire home/apt,120,2,2,2024-05-12,1.2,1,255,2,vt3816
1106753564544053800,3-Bedrooms Apartment next to the Sea & Beach,501837131,Lyubov,POBLATS MARITIMS,EL GRAU,39.45981251456107,-0.33302708147923465,Entire home/apt,103,5,1,2024-05-19,0.86,12,9,1,NA
1106754532863778700,3-bedrooms Apartment near CityofArts &Oceanografic,501837131,Lyubov,CAMINS AL GRAU,LA CREU DEL GRAU,39.46201326414186,-0.34539904928556614,Entire home/apt,111,5,2,2024-06-06,2,12,4,2,NA
1107025191079971600,"Super Apartament 3rooms, 2 Bth, Ac wifi",211991268,ValenciaGUEST,QUATRE CARRERES,EN CORTS,39.45748602309291,-0.3712630725698689,Entire home/apt,120,3,8,2024-05-25,2.67,93,120,8,NA
1.1070369225110159e+18,Loft único en el centro,427308920,Julio,EXTRAMURS,ARRANCAPINS,39.464404950591806,-0.3806601882231436,Entire home/apt,117,3,8,2024-06-03,2.93,7,234,8,NA
1107081197390538500,Apartamento en valencia centro 2,565838630,Heidy,EXTRAMURS,LA ROQUETA,39.46690559729548,-0.37853680551052094,Entire home/apt,82,2,9,2024-06-21,2.81,3,78,9,NA
1.1071202040653199e+18,Flat next to Malvarrosa beach,518516495,Alfonso,POBLATS MARITIMS,CABANYAL-CANYAMELAR,39.46998,-0.33042,Entire home/apt,89,1,2,2024-05-03,0.83,2,338,2,NA
1107159376211682800,Piso increíble en pleno Carmen,104348482,Pilar,CIUTAT VELLA,EL CARME,39.4768,-0.37823,Entire home/apt,331,2,8,2024-06-21,3.08,8,224,8,NA
1107163667506907600,Apartamento de Verano CB101P11,522293199,Helloflatmate,ALGIROS,L'AMISTAT,39.47234065415057,-0.3534027420253288,Entire home/apt,102,7,0,NA,NA,26,52,0,NA
1107180150568321800,Flat ideal for couples in the Malvarrosa area,518516495,Alfonso,POBLATS MARITIMS,CABANYAL-CANYAMELAR,39.47119,-0.33043,Entire home/apt,89,1,6,2024-06-12,2.77,2,336,6,NA
1107320012330591700,Spacious and cosy flat,154048802,René,POBLATS MARITIMS,CABANYAL-CANYAMELAR,39.47418620000001,-0.3280273,Entire home/apt,108,3,8,2024-06-06,2.82,30,237,8,NA
1107395687996220200,Maravilloso Loft - B,565921725,Josue,CAMINS AL GRAU,AIORA,39.46828268453417,-0.34751820184066357,Entire home/apt,90,2,7,2024-06-04,2.12,2,295,7,NA
1107677492561772300,Apartamento con encanto EL PALMÉ,67184747,Carlos,ALGIROS,CIUTAT JARDI,39.47156,-0.34824,Entire home/apt,102,1,7,2024-06-03,2.16,10,27,7,NA
1107773379378085600,centrico apartamento,72009114,Ciutat Vella,CIUTAT VELLA,SANT FRANCESC,39.47064,-0.37749,Entire home/apt,113,1,5,2024-05-22,2.38,10,197,5,NA
1107781897434937600,Apartamento Valencia,458345892,Alyra,JESUS,LA RAIOSA,39.4579343,-0.3854169,Entire home/apt,150,5,0,NA,NA,3,96,0,NA
1107802998613427e3,The Patraix Apartment 01 by Florit Flats,565658273,Marta,PATRAIX,PATRAIX,39.46078057697021,-0.38937540081973665,Entire home/apt,228,1,1,2024-03-17,0.31,4,224,1,VT-54632-V
1107803519915163900,The Patraix Apartment 02 by Florit Flats,565658273,Marta,JESUS,L'HORT DE SENABRE,39.45171,-0.39258,Entire home/apt,264,1,8,2024-05-20,2.45,4,177,8,VT-54633-V
1108072732840799e3,appartement centre de Valence,214670589,Franck,EXTRAMURS,LA PETXINA,39.4698039,-0.3898484,Entire home/apt,80,1,0,NA,NA,1,202,0,NA
1108490470371276200,Apartamento ideal 2 personas,393247148,Carlos,RASCANYA,ELS ORRIOLS,39.49477398053504,-0.3717545047402382,Entire home/apt,120,3,0,NA,NA,1,105,0,NA
1109217199080581100,"Muy luminoso, centro, WIFI y AC",7457163,Laura,EXTRAMURS,LA ROQUETA,39.46689,-0.3809,Entire home/apt,78,32,1,2024-06-02,1,2,76,1,NA
1109223094718526100,Apartamento Estándar,566306114,Ochenta Y Siete LLAVES,EXTRAMURS,LA PETXINA,39.47655,-0.39173,Entire home/apt,106,1,10,2024-06-16,3.53,3,304,10,NA
1109259055721108700,! Welcome home! - Your perfect place to stay!,13645099,Elena,POBLATS MARITIMS,CABANYAL-CANYAMELAR,39.4673245347462,-0.3317229090274291,Entire home/apt,150,3,5,2024-06-02,1.63,4,74,5,NA
1109404054969768800,Encanto Urbano A metros de los Jardines del Turia,678437,Maria Elvira,LA SAIDIA,MARXALENES,39.4852556781271,-0.381367791743076,Entire home/apt,116,2,4,2024-05-24,1.43,4,28,4,NA
1109540083760009500,Playa de la Malvarrosa,566398752,Green Energy Professional Consulting,POBLATS MARITIMS,LA MALVA-ROSA,39.47711,-0.32714,Entire home/apt,146,3,9,2024-06-18,3.38,1,185,9,NA
1109582074037290100,Disfruta valencia,79646924,Beatriz,ALGIROS,LA CARRASCA,39.47571,-0.34635,Entire home/apt,49,30,0,NA,NA,1,105,0,NA
1109896993914509300,Modern self-contained loft near city center (A),49269897,Judith Paola,JESUS,LA RAIOSA,39.4573464,-0.3885391,Entire home/apt,89,2,8,2024-06-18,3.53,3,243,8,VT-54628-V
1109995429081729900,Hermoso ático con dos terrazas cerca del mar,566497734,Juan,POBLATS MARITIMS,CABANYAL-CANYAMELAR,39.4640314,-0.3334174,Entire home/apt,140,3,9,2024-06-16,2.78,2,29,9,NA
1110064321513169700,Apartment 87Llaves*Valen.Centro,566306114,Ochenta Y Siete LLAVES,EXTRAMURS,LA PETXINA,39.47655,-0.39173,Entire home/apt,106,1,9,2024-06-19,4.09,3,335,9,NA
1110077088678728700,Unique estudio 8 (40m²),522293199,Helloflatmate,ALGIROS,L'AMISTAT,39.47311780448953,-0.3520698826162406,Entire home/apt,109,3,1,2024-04-21,0.47,26,63,1,NA
1110079076568260900,Apartment 87Llaves*Valen.Centro- Amplia Terraza,566306114,Ochenta Y Siete LLAVES,EXTRAMURS,LA PETXINA,39.47655,-0.39173,Entire home/apt,142,2,9,2024-06-19,3.21,3,341,9,NA
1110091662965747100,Modern style studio/1bd 1:0,459788850,Tatiana,LA SAIDIA,MARXALENES,39.4886058922105,-0.38640866467947976,Entire home/apt,106,10,0,NA,NA,4,245,0,NA
1110153478122902400,Jardines del Turia Studio - Calidad y Confort,678437,Maria Elvira,LA SAIDIA,MARXALENES,39.48519,-0.38318,Entire home/apt,120,2,1,2024-03-20,0.32,4,33,1,NA
1110286692736956900,Casa Pancho. Casita acogedora en Valencia.,566587272,Claudia,POBLATS MARITIMS,NATZARET,39.44793054111544,-0.333683246710138,Entire home/apt,149,2,4,2024-05-05,1.22,1,235,4,53755
1110666704270809700,Apartamento con vistas al Río/Parque @valenciayole,33118074,Christian,CIUTAT VELLA,EL CARME,39.48061,-0.37755,Entire home/apt,66,7,6,2024-06-17,2.14,5,88,6,NA
1110741215079894e3,Cute & Comfort Studio A,561309948,Osito,CAMINS AL GRAU,AIORA,39.46717142283894,-0.34798964377046854,Entire home/apt,101,1,1,2024-04-21,0.47,17,326,1,NA
1110752747120646900,Cute & Comfort Studio C,561309948,Osito,CAMINS AL GRAU,AIORA,39.4653794987192,-0.3477358658929227,Entire home/apt,12,1,3,2024-04-25,0.93,17,303,3,NA
1110758430416849400,Bonito apartamento en Valencia,123919820,Francisco,CAMINS AL GRAU,AIORA,39.46874890000001,-0.349075,Entire home/apt,84,2,9,2024-06-22,3.46,1,323,9,NA
1110772266722101900,Cute & Comfort Studio B,561309948,Osito,CAMINS AL GRAU,AIORA,39.46767273208081,-0.3479658825720672,Entire home/apt,56,1,3,2024-05-22,0.93,17,327,3,NA
1110821279745595600,The Patraix Apartment 04 by Florit Flats,565658273,Marta,PATRAIX,PATRAIX,39.46240661452057,-0.3899565344291792,Entire home/apt,242,1,5,2024-05-23,1.58,4,202,5,VT-54635-V
1110827174551945e3,Apartamento entero para verano.,542669972,Nieves,EXTRAMURS,ARRANCAPINS,39.46876320756316,-0.3898798625399331,Entire home/apt,50,1,0,NA,NA,3,163,0,NA
1110848072684708600,New apartamento Oldtown,463199196,Asuncion,CIUTAT VELLA,LA XEREA,39.47392032708618,-0.37142056971788406,Entire home/apt,371,3,9,2024-06-03,3.29,3,163,9,NA
1110909827441004800,Apartment in the neighborhood of Orriols,201741093,Your.Rentals,RASCANYA,ELS ORRIOLS,39.4960276,-0.3700104,Entire home/apt,173,4,0,NA,NA,3,318,0,101
1110954064997784800,Coqueto ático loft muy luminoso,39636517,José,CIUTAT VELLA,EL CARME,39.4793632,-0.377381,Entire home/apt,200,2,0,NA,NA,1,236,0,NA
1110958053116122200,Las Arenas Suites 2,566747909,Alicia,POBLATS MARITIMS,CABANYAL-CANYAMELAR,39.4656992,-0.3316078,Entire home/apt,131,3,7,2024-06-01,3,3,187,7,NA
1111028396516712800,Cabañal,526214978,Pablo,POBLATS MARITIMS,BETERO,39.47324614421966,-0.33717747777700424,Entire home/apt,133,2,0,NA,NA,1,44,0,NA
1111060446943473300,Torres Serranos Historic Center apt w/ fast WiFi,391856951,Vlc.Lovelyplaces,CIUTAT VELLA,LA SEU,39.4786398,-0.3742297,Entire home/apt,103,30,6,2024-05-30,2.17,6,161,6,NA
1111237126445731300,Eco Suite mediterránea 2,425428991,Tatyana,CAMPANAR,CAMPANAR,39.48340731433882,-0.3930696779260341,Entire home/apt,95,1,10,2024-06-08,3.06,10,128,10,NA
1111362807717854100,"NEW VLC Apart - Cervero 24A, Apart 205",542811646,Alexandra,BENICALAP,BENICALAP,39.49986100979689,-0.3890130652258658,Entire home/apt,1114,1,1,2024-05-18,0.83,7,293,1,NA
1111438115743701900,Piso para visitar Valencia,566845355,Nacho,ALGIROS,L'AMISTAT,39.47332,-0.34873,Entire home/apt,130,3,0,NA,NA,26,61,0,NA
1111506643491730600,The Joaquin Sorolla Apartment I by Florit Flats,42125633,Florit,JESUS,LA RAIOSA,39.45569,-0.38398,Entire home/apt,154,1,0,NA,NA,18,250,0,VT-54496-V
1111511974358446800,Cosy  Mar,1542511,Terai,POBLATS MARITIMS,CABANYAL-CANYAMELAR,39.4727,-0.33412,Entire home/apt,153,2,5,2024-06-02,1.53,2,69,5,NA
1111623463404742900,Turia River Park. WiFi + A/C + PK + 4 Pax,14182776,Alberto,L'OLIVERETA,NOU MOLES,39.4739913,-0.3995974,Entire home/apt,146,1,3,2024-05-06,0.93,70,226,3,VT-54515-V
1111632513047312400,Apartamento Río Turia C,299065338,Sara,L'OLIVERETA,NOU MOLES,39.47095267323828,-0.39791643462002496,Entire home/apt,87,2,5,2024-05-31,1.67,7,175,5,NA
1111768748465223700,Apartamento con vistas,564647680,Ale,CAMPANAR,SANT PAU,39.49393787842819,-0.4028233730163633,Entire home/apt,225,1,7,2024-06-08,2.14,1,50,7,NA
1112123922066521500,Apartamento EA Playa cabañal 5,563369225,Xuejie,POBLATS MARITIMS,CABANYAL-CANYAMELAR,39.46687962679936,-0.3342987648893166,Entire home/apt,130,2,7,2024-06-17,3.39,6,144,7,NA
1112126483006653300,The Blue Boutique + patio,169138674,Andres&Sulai,CIUTAT VELLA,LA SEU,39.47543146654947,-0.3769506141543389,Entire home/apt,119,3,9,2024-06-22,3,2,225,9,NA
1112143887241647400,Classical Private Apartment inside Historic Center,548576167,Lara,CIUTAT VELLA,EL CARME,39.47764,-0.38298,Entire home/apt,69,2,10,2024-06-11,3.13,7,15,10,NA
1112149355850925400,Samaniego Flat,12044109,Invalencia Flats,CIUTAT VELLA,EL CARME,39.47821038839366,-0.3768018116982586,Entire home/apt,80,1,1,2024-03-27,0.34,25,287,1,NA
1112165309023279500,Increíble vivienda en Valencia,566845355,Nacho,CAMINS AL GRAU,AIORA,39.46711042210827,-0.34397210821139074,Entire home/apt,260,3,0,NA,NA,26,45,0,NA
1112188306995710500,Reina Playa y Metro,98191920,Eduardo,POBLATS MARITIMS,CABANYAL-CANYAMELAR,39.4739916,-0.3281686,Entire home/apt,190,3,0,NA,NA,1,209,0,NA
1112190355175022200,Short term Apartment Rent,566731287,Luis Alberto,CAMINS AL GRAU,PENYA-ROJA,39.45569804856567,-0.3424138231127312,Entire home/apt,78,30,0,NA,NA,1,171,0,NA
1112204628815358500,Valencia Bajo D - Apartamento Centro,12964124,Lucia,CIUTAT VELLA,SANT FRANCESC,39.46933,-0.38209,Entire home/apt,94,3,10,2024-06-08,5.45,5,38,10,VT-54864-V
1112214779018722600,apartamento vacacional céntrico,542669972,Nieves,PATRAIX,PATRAIX,39.46708,-0.39115,Entire home/apt,70,1,0,NA,NA,3,214,0,NA
1112304246563384200,Non Stress Nuevo Turia,545540906,Alba,L'OLIVERETA,LA LLUM,39.46787194125476,-0.4132822547467964,Entire home/apt,182,4,0,NA,NA,2,251,0,NA
1112321826791671e3,Non Stress Turia,545540906,Alba,L'OLIVERETA,LA LLUM,39.46765,-0.41175,Entire home/apt,218,4,1,2024-06-06,1,2,226,1,NA
1112886194051729800,Apartamento lujoso en valencia,88164671,Ghizlan,CAMINS AL GRAU,CAMI FONDO,39.46493160084919,-0.3499389561003796,Entire home/apt,150,4,3,2024-06-03,1.45,1,78,3,NA
1112911521321007400,Eenvoudig appartement in Malvarrosa,154048802,René,POBLATS MARITIMS,LA MALVA-ROSA,39.4768354,-0.3281642,Entire home/apt,104,3,1,2024-04-13,0.42,30,35,1,NA
1112923849346701e3,Piso bien situado en Valencia,258195390,Sergio,JESUS,LA RAIOSA,39.4584133778144,-0.3878484293818474,Entire home/apt,500,36,0,NA,NA,1,268,0,NA
1113042332138713900,Piso a estrenar estilo Ibiza,509610783,Javier,ALGIROS,CIUTAT JARDI,39.47108763613542,-0.3484921434797256,Entire home/apt,130,3,0,NA,NA,1,261,0,NA
1113096498886252500,Encantador Apartamento junto a Mercado Central,117248818,Gestproyects,CIUTAT VELLA,EL PILAR,39.47532769421659,-0.3808723390102386,Entire home/apt,90,9,3,2024-05-05,1.15,4,246,3,NA
1113153177735297300,Acogedor apartamento en Valencia,454277603,Cecilia,BENICALAP,BENICALAP,39.4899934062468,-0.3837506129322292,Entire home/apt,81,1,8,2024-06-17,3.64,4,52,8,NA
1113174213923230500,Casa con patio en en el Cabanyal,518868412,Francisco Javier,POBLATS MARITIMS,CABANYAL-CANYAMELAR,39.47126280012684,-0.33014257062400393,Entire home/apt,145,3,7,2024-06-19,2.47,2,81,7,NA
1113203640101708500,Bonito apartamento en Valencia,454277603,Cecilia,LA SAIDIA,TORMOS,39.48915,-0.38168,Entire home/apt,78,1,7,2024-06-15,2.59,4,39,7,NA
1113204004458224400,"Lliri 32, Apart 8",557226928,Lubov,POBLATS MARITIMS,EL GRAU,39.45836,-0.33777,Entire home/apt,130,1,1,2024-04-05,0.38,8,253,1,NA
1114001232058522400,Sorolla Urban Suites,567432805,Sorolla,PATRAIX,PATRAIX,39.46301721876604,-0.3882900576721249,Entire home/apt,146,1,1,2024-03-31,0.36,4,264,1,22000/2024/139142
1114033889905027800,Sorolla Urban Suites 2,567432805,Sorolla,PATRAIX,PATRAIX,39.463025501802434,-0.38830615092621423,Entire home/apt,136,1,1,2024-05-07,0.64,4,259,1,NA
1114308209267140100,Parque Central,126292570,Alejandro,QUATRE CARRERES,MALILLA,39.453928482509625,-0.37666289641215894,Entire home/apt,73,2,9,2024-05-31,3.38,4,30,9,NA
1114316759337004700,Casa de Carmen,189154652,Pedro,POBLATS MARITIMS,CABANYAL-CANYAMELAR,39.46634,-0.33237,Entire home/apt,100,5,1,2024-05-14,0.73,1,205,1,NA
111432916517869e4,Lovely Apartment in Ruzafa,86259796,Borja,L'EIXAMPLE,RUSSAFA,39.45934907626081,-0.3734863211476129,Entire home/apt,122,2,3,2024-06-10,1.14,1,9,3,NA
1114473423418292200,Bonito piso en el centro,34567385,M Angeles,CIUTAT VELLA,EL PILAR,39.47205302423903,-0.38166526705026627,Entire home/apt,96,2,5,2024-04-25,1.76,1,79,5,NA
1114493510832469900,Spacious and bright apartment,65885645,Anna-Maria,POBLATS MARITIMS,NATZARET,39.44968,-0.33514,Entire home/apt,82,28,1,2024-05-22,0.94,2,233,1,NA
1115048704645312e3,Apartamento artes y ciencias,423178467,Enric,POBLATS MARITIMS,EL GRAU,39.46057494895932,-0.33746770085599853,Entire home/apt,138,1,2,2024-06-09,2,2,170,2,NA
1115055642360816100,Valencia Apartamento Suite Lax,218746122,Isabel,L'EIXAMPLE,RUSSAFA,39.4640955145476,-0.3699640414535027,Entire home/apt,319,1,0,NA,NA,11,159,0,NA
1115177569344224e3,Tiny Valencia Gem | 2BR | Relax,567706982,Geraldine,QUATRE CARRERES,MONT-OLIVET,39.4580791,-0.3669351,Entire home/apt,146,3,10,2024-05-31,3.57,2,219,10,NA
1115185335962308e3,Piso 2 habitaciones en La Zaidía,36395275,Luli,LA SAIDIA,SANT ANTONI,39.48953960294467,-0.37412628580485,Entire home/apt,90,3,2,2024-06-03,0.71,2,38,2,NA
1115190866322134900,Casa Únic - Modern Apartment in Ruzafa,491663354,Stl Apartamentos,L'EIXAMPLE,RUSSAFA,39.461090237155446,-0.3722144450194004,Entire home/apt,118,2,0,NA,NA,11,152,0,NA
1115231693688705300,Exclusive home in Russafa,402016170,Jesus,L'EIXAMPLE,RUSSAFA,39.46115075411911,-0.3751805488740778,Entire home/apt,122,28,1,2024-06-08,1,5,56,1,NA
1115499292963804800,Piso Valencia reformado y econom,141875752,Veronica,POBLATS DE L'OEST,BENIMAMET,39.5033087,-0.4174186,Entire home/apt,92,1,0,NA,NA,1,254,0,NA
1115509318950346900,"Loft Malvarosa , Valencia centro",196891718,Miriam,L'EIXAMPLE,RUSSAFA,39.4599232,-0.3695779,Entire home/apt,102,1,5,2024-06-02,3.06,3,218,5,NA
1115808340181183500,Luxurious 5 Bedroom apartment,180956295,Carlos,ALGIROS,L'ILLA PERDUDA,39.47018178326584,-0.3402351960539818,Entire home/apt,242,3,7,2024-06-17,2.47,2,145,7,NA
1115924678099608300,Casa de pescadores en la playa,406900253,Maria,POBLATS MARITIMS,CABANYAL-CANYAMELAR,39.46933,-0.32618,Entire home/apt,165,2,10,2024-06-05,3.61,2,163,10,NA
1116085389651228400,Ático con dos terrazas cerca del mar,566497734,Juan,POBLATS MARITIMS,CABANYAL-CANYAMELAR,39.464031482220825,-0.3334173560142517,Entire home/apt,110,3,9,2024-06-16,4.29,2,93,9,NA
1116370794859543300,apartamento be,517699752,Juan,BENIMACLET,BENIMACLET,39.485801543226295,-0.3574999049305916,Entire home/apt,90,1,0,NA,NA,1,17,0,NA
1116425999576402200,¡Gran alojamiento en Valencia!,566845355,Nacho,ALGIROS,CIUTAT JARDI,39.47003,-0.34784,Entire home/apt,170,3,0,NA,NA,26,53,0,NA
1116458722031399400,Piso cerca de la playa Valencia,566845355,Nacho,POBLATS MARITIMS,BETERO,39.47552157111421,-0.3346558912371744,Entire home/apt,135,3,0,NA,NA,26,42,0,NA
1116487681410230900,¡Espectacular piso en Valencia!,566845355,Nacho,CAMINS AL GRAU,AIORA,39.46649,-0.34687,Entire home/apt,160,3,0,NA,NA,26,58,0,NA
1116539227187169800,The Joaquin Sorolla Apartment Ii by Florit Flats,567172543,Marta,JESUS,LA RAIOSA,39.45549,-0.38515,Entire home/apt,139,1,1,2024-04-23,0.49,2,267,1,VT-54497-V
1116539711413328600,The Joaquin Sorolla Apartment Iii by Florit Flats,567172543,Marta,JESUS,LA RAIOSA,39.45749254162706,-0.38435612921937545,Entire home/apt,133,1,2,2024-05-11,1.18,2,275,2,VT-54498-V
1116562717673424600,"Upscale area, rare, for a family",11871220,Vanessa,L'EIXAMPLE,LA GRAN VIA,39.4656556906682,-0.3675351381946465,Entire home/apt,194,28,0,NA,NA,3,81,0,NA
1116617325236584700,¡Piso a 2 min de la Playa!,566845355,Nacho,POBLATS MARITIMS,LA MALVA-ROSA,39.479463817916944,-0.3282940890700681,Entire home/apt,238,3,0,NA,NA,26,39,0,NA
1116628888683333e3,Vivez le Valencia authentique !,154085259,Olivier,POBLATS MARITIMS,CABANYAL-CANYAMELAR,39.47017,-0.32382,Entire home/apt,178,4,0,NA,NA,1,112,0,NA
1116667062652814300,Best view in town!,85805582,Matthijs,CAMINS AL GRAU,PENYA-ROJA,39.46190393845359,-0.35656908752880007,Entire home/apt,166,2,2,2024-05-12,1.22,2,4,2,NA
1116675876299695400,Piso en pleno barrio Valenciano,567008546,Melissa,LA SAIDIA,MORVEDRE,39.48239552526007,-0.3733108322948243,Entire home/apt,189,4,0,NA,NA,7,21,0,NA
1116681113551569800,Your home at Valencia Cabañal 2,104520761,Vicente Y Raquel,POBLATS MARITIMS,EL GRAU,39.462305559457505,-0.33211606659389553,Entire home/apt,230,2,10,2024-06-02,3.45,8,102,10,NA
1116696961919680500,Exclusiva Suite Cerca del Mar,66092872,Jose Luis,CAMINS AL GRAU,AIORA,39.46497070862211,-0.34165883068848046,Entire home/apt,119,1,2,2024-05-23,0.98,6,88,2,NA
1116764743700338e3,Suite  city Ciencias y Puerto,425428991,Tatyana,POBLATS MARITIMS,NATZARET,39.44882704758852,-0.33271398011937514,Entire home/apt,87,1,10,2024-06-16,3.53,10,148,10,NA
1117134364824695200,¡Enorme apartamento en Valencia!,567008546,Melissa,EL PLA DEL REAL,CIUTAT UNIVERSITARIA,39.4781968,-0.3537631,Entire home/apt,181,3,0,NA,NA,7,54,0,NA
1117185251743990400,Suite Valencia AYORA 2 Rooms,565284902,Julio,CAMINS AL GRAU,AIORA,39.4670077,-0.3467171,Entire home/apt,166,1,0,NA,NA,3,156,0,VT-54703-V
1117190038615215900,Suite con Patio Valencia AYORA,565284902,Julio,CAMINS AL GRAU,AIORA,39.4670077,-0.3467171,Entire home/apt,183,1,0,NA,NA,3,167,0,VT-54705-V
1117213636007363100,Art flat,12055632,Isidro,CIUTAT VELLA,LA XEREA,39.47603808745896,-0.3721809759736061,Entire home/apt,100,31,0,NA,NA,4,206,0,NA
1117221646736581400,¡Fabuloso piso en barrio urbano!,567008546,Melissa,ALGIROS,LA CARRASCA,39.47928812770984,-0.3539975126955766,Entire home/apt,242,3,0,NA,NA,7,55,0,NA
1117242251602847e3,Estupendo piso para su comodidad,566845355,Nacho,ALGIROS,CIUTAT JARDI,39.47117437009535,-0.34809831609997793,Entire home/apt,247,3,0,NA,NA,26,47,0,NA
1117265665313472300,The Patraix Apartment 03 by Florit Flats,565658273,Marta,PATRAIX,PATRAIX,39.46083391921622,-0.3891160019280253,Entire home/apt,213,1,2,2024-05-18,1.09,4,213,2,VT-54634-V
1117343354566503400,Spacious Flat Close to the Beach,5946580,Nahuel,ALGIROS,LA CARRASCA,39.47167255099587,-0.33883934865735404,Entire home/apt,175,5,0,NA,NA,51,107,0,NA
1117355757320444e3,Modern Flat with Great Public Transport,5946580,Nahuel,POBLATS MARITIMS,BETERO,39.4695,-0.33952,Entire home/apt,175,5,0,NA,NA,51,25,0,NA
1117359957710238800,Great location with transport and restaurants near,5946580,Nahuel,CAMINS AL GRAU,AIORA,39.46912,-0.34681,Entire home/apt,175,5,0,NA,NA,51,38,0,NA
1117360590715186200,Great location with transport and beach nearby,5946580,Nahuel,POBLATS MARITIMS,BETERO,39.46935696656309,-0.33900224347142854,Entire home/apt,175,5,0,NA,NA,51,21,0,NA
1117369007023915500,Central Location with Metro,5946580,Nahuel,CAMINS AL GRAU,CAMI FONDO,39.46510541691752,-0.35368649254290124,Entire home/apt,175,5,0,NA,NA,51,28,0,NA
1117369036990900200,Central location!,5946580,Nahuel,EL PLA DEL REAL,MESTALLA,39.46581054081039,-0.3589011664171264,Entire home/apt,175,5,0,NA,NA,51,93,0,NA
1117402048330562700,estudio en la playa con piscina,568244179,Beatriz,POBLATS DEL SUD,EL SALER,39.353337701057846,-0.32304055988788605,Entire home/apt,95,1,2,2024-06-02,1.15,1,241,2,NA
1.1177633069063601e+18,Eco  suite puerto,425428991,Tatyana,POBLATS MARITIMS,NATZARET,39.45047958248304,-0.333143142484214,Entire home/apt,90,1,9,2024-06-03,3.21,10,102,9,NA
1117934936829004e3,¡Piso espectacular en Valencia!,566845355,Nacho,ALGIROS,L'ILLA PERDUDA,39.47119507080847,-0.3403566151151334,Entire home/apt,135,3,0,NA,NA,26,47,0,NA
1117945165723374600,Fabuloso alojamiento en Valencia,566845355,Nacho,CAMINS AL GRAU,AIORA,39.46638299655231,-0.34412420658794923,Entire home/apt,143,3,0,NA,NA,26,47,0,NA
1117970465020993400,¡Gran departamento vacacional!,567008546,Melissa,EL PLA DEL REAL,MESTALLA,39.47351122834669,-0.3538075858501668,Entire home/apt,157,3,0,NA,NA,7,43,0,NA
1117988019375842400,¡Gran alojamiento en Valencia!,567008546,Melissa,RASCANYA,SANT LLORENS,39.49220731783072,-0.3613331328693899,Entire home/apt,124,3,0,NA,NA,7,52,0,NA
1118076532860359600,Acogedor alojamiento en Valencia,566845355,Nacho,POBLATS MARITIMS,CABANYAL-CANYAMELAR,39.47319585575375,-0.33343816294939044,Entire home/apt,125,3,0,NA,NA,26,53,0,NA
1118091549099760400,Coziness in the heart of Valencia,226998614,Silvia,CIUTAT VELLA,EL MERCAT,39.4727372,-0.3805882,Entire home/apt,153,31,0,NA,NA,1,269,0,NA
1118111289644027e3,Acogedora Residencia Vacacional,566845355,Nacho,CAMINS AL GRAU,LA CREU DEL GRAU,39.46208259673526,-0.3402415141252729,Entire home/apt,152,3,0,NA,NA,26,38,0,NA
1118132257307194400,Espaciosa residencia en Valencia,566845355,Nacho,CAMINS AL GRAU,AIORA,39.46762,-0.34739,Entire home/apt,210,3,0,NA,NA,26,61,0,NA
1118225313116051100,Coqueto apartamento en Valencia.,454277603,Cecilia,LA SAIDIA,TORMOS,39.48835,-0.38148,Entire home/apt,78,1,5,2024-06-02,2,4,36,5,NA
1118972166134368100,Apartamento en centro Valencia B,568466126,Ela.,EXTRAMURS,LA ROQUETA,39.46695580669619,-0.37922780960798264,Entire home/apt,97,2,8,2024-06-01,2.79,2,2,8,NA
1119330693142444700,Charming Penthouse at the Beach,79863597,Abel,POBLATS MARITIMS,CABANYAL-CANYAMELAR,39.4703,-0.33211,Entire home/apt,168,5,0,NA,NA,1,11,0,NA
1119697276983228400,Puerto & Playa 4habitaciones 7personas con terraza,37921018,Alejandro,POBLATS MARITIMS,NATZARET,39.44961,-0.33402,Entire home/apt,250,1,0,NA,NA,2,39,0,NA
1119712354910380700,Rústico,455508222,Ángela,EXTRAMURS,LA PETXINA,39.47335096317461,-0.39328243738372026,Entire home/apt,96,3,3,2024-06-17,3,2,16,3,NA
1119762917182546400,Modern LOFT-Apartment near The City Center,513997824,Yana,ALGIROS,L'AMISTAT,39.47240984789274,-0.3515098208453228,Entire home/apt,95,5,5,2024-06-06,2.54,8,99,5,NA
1119994513735047700,Apartamento completo,568013663,Raquel,POBLATS MARITIMS,CABANYAL-CANYAMELAR,39.46473813684224,-0.3280668545439459,Entire home/apt,250,1,1,2024-05-17,0.79,1,70,1,NA
1120046262220885e3,¡Magnífico piso en Valencia!,567008546,Melissa,BENIMACLET,CAMI DE VERA,39.487471147627105,-0.35738798433158697,Entire home/apt,152,4,0,NA,NA,7,61,0,NA
1120090189956652200,Precioso apartamento de Valencia,566845355,Nacho,ALGIROS,L'AMISTAT,39.47304,-0.35226,Entire home/apt,180,3,0,NA,NA,26,61,0,NA
1120106255848787100,Piso en plena zona universitaria,566845355,Nacho,ALGIROS,CIUTAT JARDI,39.47367343694635,-0.3435438011238052,Entire home/apt,238,5,0,NA,NA,26,41,0,NA
1120181319462011100,Seaside Serenity: Cozy Studio Steps from the Shore,134221412,VLC Host,CAMINS AL GRAU,AIORA,39.46452,-0.33988,Entire home/apt,123,3,5,2024-05-18,2.17,151,260,5,NA
1120182563556538100,Portside Peace: Studio Retreat close to the Harbour,134221412,VLC Host,CAMINS AL GRAU,AIORA,39.46485,-0.33781,Entire home/apt,118,3,2,2024-04-21,0.7,151,277,2,NA
1120185904740377100,Quiet Portside Studio: Your Relaxing Getaway,134221412,VLC Host,CAMINS AL GRAU,AIORA,39.463113011430195,-0.33918389156455736,Entire home/apt,114,3,1,2024-05-27,1,151,277,1,NA
1120188011910289900,Maritime Marvel: Studio Gem Near the Port,134221412,VLC Host,CAMINS AL GRAU,AIORA,39.462988077697,-0.339307305572096,Entire home/apt,128,3,9,2024-06-17,3.14,151,267,9,NA
1120195136825937800,Harbor Hideout: Cozy Studio at Your Waterfront Doorstep,134221412,VLC Host,CAMINS AL GRAU,AIORA,39.46283,-0.33842,Entire home/apt,123,3,3,2024-06-09,1.8,151,263,3,NA
1.1202155588666319e+18,Atico EA playa cabanyal,563369225,Xuejie,POBLATS MARITIMS,CABANYAL-CANYAMELAR,39.46603959999999,-0.3337257,Entire home/apt,146,2,10,2024-06-13,3.57,6,67,10,NA
1120239737337263900,Vivienda para disfrutar Valencia,566845355,Nacho,CAMINS AL GRAU,AIORA,39.46642281980991,-0.3448209756463644,Entire home/apt,125,4,0,NA,NA,26,52,0,NA
1120264762044949900,Mar&Sol flats by Vivo GC 3,568874632,Vivo GC,CAMINS AL GRAU,AIORA,39.463709,-0.3392974,Entire home/apt,126,2,8,2024-06-02,2.82,3,100,8,NA
1120268248013026300,Espacioso apartamento con estudio y vistas,568889983,Maria Clara,POBLATS DEL SUD,EL SALER,39.38343,-0.33336,Entire home/apt,82,7,1,2024-06-08,1,1,238,1,NA
1120285038333624400,A (va059.6) Th Benimaclet apart 6,97229818,Travel Habitat,BENIMACLET,BENIMACLET,39.48755,-0.36523,Entire home/apt,159,1,0,NA,NA,45,30,0,NA
1120494879544535700,Beautiful Apartment in Cabanyal,216092611,Paola,POBLATS MARITIMS,CABANYAL-CANYAMELAR,39.46694758074727,-0.33322271425420336,Entire home/apt,87,12,0,NA,NA,1,97,0,NA
1120746984601832800,Mar&Sol flats by Vivo GC 1,568874632,Vivo GC,CAMINS AL GRAU,AIORA,39.463737990334835,-0.3392535018658416,Entire home/apt,127,2,9,2024-06-03,3.18,3,138,9,NA
1120770275231012100,¡Mega departamento en Valencia!,567008546,Melissa,BENIMACLET,BENIMACLET,39.48509,-0.36241,Entire home/apt,247,4,0,NA,NA,7,57,0,NA
1120792790116542e3,¡Fabuloso estudio para parejas!,566845355,Nacho,CAMINS AL GRAU,AIORA,39.46326,-0.33789,Entire home/apt,95,3,0,NA,NA,26,53,0,NA
1120802363137187800,Acogedor estudio para vacacionar cerca de la playa,566845355,Nacho,POBLATS MARITIMS,EL GRAU,39.46189634307054,-0.33814651461208217,Entire home/apt,105,3,0,NA,NA,26,61,0,NA
1120814418945151e3,Gran piso vacacional en Valencia,566845355,Nacho,ALGIROS,L'AMISTAT,39.473446294115,-0.3485490966514973,Entire home/apt,124,3,0,NA,NA,26,37,0,NA
1120826807814231800,Vivienda Vacacional en Valencia,566845355,Nacho,POBLATS MARITIMS,CABANYAL-CANYAMELAR,39.47399,-0.33104,Entire home/apt,152,4,0,NA,NA,26,42,0,NA
1120858301894975e3,Fantástica residencia vacacional,566845355,Nacho,POBLATS MARITIMS,LA MALVA-ROSA,39.47543,-0.32932,Entire home/apt,157,4,0,NA,NA,26,43,0,NA
1120935550852625900,3-Zimmer Wohnung in Cabanyal,569050419,Carolin,POBLATS MARITIMS,CABANYAL-CANYAMELAR,39.47407,-0.33133,Entire home/apt,75,2,0,NA,NA,3,67,0,NA
1120947237002423800,Comfortable Studio steps from the Port,134221412,VLC Host,CAMINS AL GRAU,AIORA,39.463175378777294,-0.3382596512204818,Entire home/apt,123,3,3,2024-05-04,1.25,151,259,3,NA
1121017273891845900,M Marzal 2B,554419322,Evi,EXTRAMURS,LA ROQUETA,39.46582,-0.38098,Entire home/apt,191,1,1,2024-06-07,1,6,331,1,NA
1121028162202089200,Vacacional el Perellonet,537307480,Real Estate Ciudad,POBLATS DEL SUD,EL PERELLONET,39.300353072188386,-0.2895056357083186,Entire home/apt,198,3,0,NA,NA,1,140,0,NA
1121038758733207800,M Marzal 2A,554419322,Evi,EXTRAMURS,LA ROQUETA,39.46576021221086,-0.3812411163369288,Entire home/apt,200,1,1,2024-06-09,1,6,343,1,NA
1121198171883803100,Sorolla Urban Suites 3,567432805,Sorolla,PATRAIX,PATRAIX,39.4630752,-0.3882686,Entire home/apt,136,1,5,2024-04-29,1.95,4,244,5,NA
1121377776433245300,Adosado. Playa Malvarrosa.,86256678,Jose Pascual,POBLATS MARITIMS,LA MALVA-ROSA,39.4812108,-0.3323543,Entire home/apt,276,3,0,NA,NA,1,34,0,NA
1121493983607366900,M Marzal 1B,554419322,Evi,EXTRAMURS,LA ROQUETA,39.46757638862843,-0.38066413205966504,Entire home/apt,144,1,0,NA,NA,6,304,0,NA
1121525098311929900,M Marzal 1A,554419322,Evi,EXTRAMURS,LA ROQUETA,39.46778449862341,-0.3809931889439804,Entire home/apt,165,1,0,NA,NA,6,350,0,NA
1121592018173996200,¡Enorme residencia vacacional!,566882725,Alberto,LA SAIDIA,MARXALENES,39.48618825742767,-0.3807667048313812,Entire home/apt,209,4,0,NA,NA,11,50,0,NA
1121649123152705e3,Spacious Home with a Private Pool by Turia park,3410888,Roman,L'OLIVERETA,SOTERNES,39.47217804013178,-0.40673620998859406,Entire home/apt,87,7,0,NA,NA,1,39,0,NA
1121660931663660500,Moderno piso de 2 habitaciones y 2 baños wifi Ac,211991268,ValenciaGUEST,EXTRAMURS,LA PETXINA,39.4714484,-0.3879816,Entire home/apt,200,28,1,2024-05-20,0.88,93,158,1,NA
1121689368051432800,Valencia Luxury - Sea Port II,569227034,Cristian,CAMINS AL GRAU,CAMI FONDO,39.46437710000327,-0.3484391140185539,Entire home/apt,999,1,0,NA,NA,1,78,0,NA
1121727845689138e3,Design Luxury Big House 4Rooms 3Bth AC Only Family,211991268,ValenciaGUEST,L'EIXAMPLE,RUSSAFA,39.462351351679835,-0.3766369410309765,Entire home/apt,438,4,8,2024-06-03,3.04,93,49,8,NA
1122099698750685200,Malvarrosa Beach Stay 2,569328608,Myco Real Estate S.L.,POBLATS MARITIMS,LA MALVA-ROSA,39.48442410675545,-0.32896073115933755,Entire home/apt,171,2,5,2024-06-02,2.14,1,264,5,VT-54825-V
1122306387803157600,Piso Moderno 10 min de la playa,187066046,Alfredo,POBLATS MARITIMS,CABANYAL-CANYAMELAR,39.47084306869528,-0.33281758588472393,Entire home/apt,232,1,2,2024-05-26,1.4,3,239,2,NA
1122375443591651600,Hospédate en Ruzafa con tu grupo,456135217,Julio,L'EIXAMPLE,RUSSAFA,39.46080854369269,-0.36968663083572456,Entire home/apt,242,3,8,2024-06-15,4,52,175,8,NA
1122467636853468200,¡Ciudad y Playa!,8153979,Fede,POBLATS MARITIMS,CABANYAL-CANYAMELAR,39.4742994801438,-0.3275728225708008,Entire home/apt,88,30,0,NA,NA,1,232,0,NA
1122562951878486400,Ciudad Ciencias 4 Habitacio.  Alquiler temporada,9115245,Mónica Y Jaime,CAMINS AL GRAU,LA CREU DEL GRAU,39.463606732851346,-0.350230447947979,Entire home/apt,200,2,8,2024-06-09,3.04,8,0,8,NA
1122602705769084400,"Lliri 32, Apart 7",557226928,Lubov,POBLATS MARITIMS,EL GRAU,39.46026,-0.33803,Entire home/apt,130,1,1,2024-05-10,0.68,8,222,1,NA
1123745786047677700,"Cerca playa, artes y ciencias",420856766,Yipsy Y Jorge,EL PLA DEL REAL,MESTALLA,39.4729865,-0.353857,Entire home/apt,145,2,2,2024-06-14,2,5,6,2,NA
1123927817837009900,Studio in the Nazaret district,154048802,René,QUATRE CARRERES,LA PUNTA,39.4480817,-0.3354795,Entire home/apt,102,3,3,2024-05-26,1.61,30,169,3,NA
1124298653477537500,Apartamento valencia 2 B,551527047,Pau,RASCANYA,TORREFIEL,39.493652241100094,-0.3754506761579635,Entire home/apt,49,3,0,NA,NA,4,12,0,NA
1124718733421619300,Apartamento completo en el centro de Valencia,561134891,Catalina,CIUTAT VELLA,EL CARME,39.47775725181029,-0.3777787461876869,Entire home/apt,225,2,0,NA,NA,2,99,0,NA
1125206506456933600,Charming-Central-Fully equipped,791187,Inés,CIUTAT VELLA,LA SEU,39.47773,-0.37633,Entire home/apt,122,32,0,NA,NA,7,41,0,NA
1125325122894314800,Vistas increíbles Mar y Albufera,570028873,Agustín Angel,POBLATS DEL SUD,EL SALER,39.35318254200453,-0.3220942268665677,Entire home/apt,74,14,0,NA,NA,1,300,0,NA
1125382830074689400,"Malvarrosa Beach Flat, Valencia",36047370,Vicent,POBLATS MARITIMS,LA MALVA-ROSA,39.47667,-0.32704,Entire home/apt,115,5,2,2024-06-02,1.02,1,100,2,NA
1125389310177676200,Beautiful El Pilar Apartment,29669622,Natalia Verónica,CIUTAT VELLA,EL PILAR,39.47213,-0.38158,Entire home/apt,145,7,3,2024-06-06,1.55,2,341,3,NA
1125468710588976400,Apartment San Pedro II,154048802,René,POBLATS MARITIMS,CABANYAL-CANYAMELAR,39.4692636,-0.3317424,Entire home/apt,110,3,6,2024-06-04,2.57,30,244,6,NA
1125526520097639600,Hogar tranquilo y muy luminoso,297912277,Luis,QUATRE CARRERES,MALILLA,39.45116999374983,-0.3730168293610402,Entire home/apt,51,31,1,2024-05-06,0.63,1,87,1,NA
1125884187012938200,Pont de Fusta Apartments 1 Mid-term,63053029,MD Rentals,LA SAIDIA,TRINITAT,39.484690027,-0.370888777,Entire home/apt,306,1,0,NA,NA,66,296,0,NA
1125884775667760500,Pont de Fusta Apartments 2 Mid-term,63053029,MD Rentals,LA SAIDIA,TRINITAT,39.484681746,-0.370800264,Entire home/apt,274,1,1,2024-05-28,1,66,320,1,NA
1125885538673267100,Pont de Fusta Apartments 3 Mid-term,63053029,MD Rentals,LA SAIDIA,TRINITAT,39.484702448,-0.370861954,Entire home/apt,161,1,0,NA,NA,66,344,0,NA
1125886277927798e3,Pont de Fusta Apartments 4 Mid-term,63053029,MD Rentals,LA SAIDIA,TRINITAT,39.484694167,-0.370894141,Entire home/apt,161,1,0,NA,NA,66,314,0,NA
1125886898178935800,Pont de Fusta Apartments 5 Mid-term,63053029,MD Rentals,LA SAIDIA,TRINITAT,39.484694167,-0.370851226,Entire home/apt,150,1,0,NA,NA,66,311,0,NA
1125887479695973900,Pont de Fusta Apartments 6 Mid-term,63053029,MD Rentals,LA SAIDIA,TRINITAT,39.484690027,-0.370888777,Entire home/apt,286,1,1,2024-05-05,0.61,66,332,1,NA
1125889171342821800,Pont de Fusta Apartments 7 Mid-term,63053029,MD Rentals,LA SAIDIA,TRINITAT,39.484681746,-0.370800264,Entire home/apt,161,1,0,NA,NA,66,353,0,NA
1125889995193914200,Pont de Fusta Apartments 8 Mid-term,63053029,MD Rentals,LA SAIDIA,TRINITAT,39.484702448,-0.370861954,Entire home/apt,273,1,1,2024-04-28,0.54,66,355,1,NA
1125890732471317200,Pont de Fusta Apartments 9 Mid-term,63053029,MD Rentals,LA SAIDIA,TRINITAT,39.484694167,-0.370894141,Entire home/apt,161,1,0,NA,NA,66,324,0,NA
1125891441613327600,Pont de Fusta Apartments 10 Mid-term,63053029,MD Rentals,LA SAIDIA,TRINITAT,39.484694167,-0.370851226,Entire home/apt,138,1,1,2024-04-21,0.48,66,303,1,NA
1125892169293951400,Pont de Fusta Apartments 11 Mid-term,63053029,MD Rentals,LA SAIDIA,TRINITAT,39.484690027,-0.370888777,Entire home/apt,161,1,0,NA,NA,66,336,0,NA
1125892914234503600,Pont de Fusta Apartments 12 Mid-term,63053029,MD Rentals,LA SAIDIA,TRINITAT,39.484681746,-0.370800264,Entire home/apt,239,1,0,NA,NA,66,332,0,NA
1125894083515788800,Pont de Fusta Apartments 13 Mid-term,63053029,MD Rentals,LA SAIDIA,TRINITAT,39.484702448,-0.370861954,Entire home/apt,161,1,2,2024-05-05,1.15,66,356,2,NA
1125895025189031400,Pont de Fusta Apartments 14 Mid-term,63053029,MD Rentals,LA SAIDIA,TRINITAT,39.484694167,-0.370894141,Entire home/apt,161,1,0,NA,NA,66,297,0,NA
1125896207596011300,Pont de Fusta Apartments 15 Mid-term,63053029,MD Rentals,LA SAIDIA,TRINITAT,39.484694167,-0.370851226,Entire home/apt,138,1,1,2024-04-21,0.48,66,332,1,NA
1125897779999676400,Pont de Fusta Apartments 16 Mid-term,63053029,MD Rentals,LA SAIDIA,TRINITAT,39.484690027,-0.370888777,Entire home/apt,161,1,0,NA,NA,66,346,0,NA
1125898511553588700,Pont de Fusta Apartments 17 Mid-term,63053029,MD Rentals,LA SAIDIA,TRINITAT,39.484681746,-0.370800264,Entire home/apt,161,1,2,2024-05-09,1.2,66,344,2,NA
1125899383377739600,Pont de Fusta Apartments 18 Mid-term,63053029,MD Rentals,LA SAIDIA,TRINITAT,39.484702448,-0.370861954,Entire home/apt,161,1,1,2024-04-21,0.48,66,350,1,NA
1125900525953736800,Pont de Fusta Apartments 19 Mid-term,63053029,MD Rentals,LA SAIDIA,TRINITAT,39.484694167,-0.370894141,Entire home/apt,172,1,0,NA,NA,66,358,0,NA
1125901802045146400,Pont de Fusta Apartments 20 Mid-term,63053029,MD Rentals,LA SAIDIA,TRINITAT,39.48469,-0.37085,Entire home/apt,138,1,1,2024-04-21,0.48,66,322,1,NA
1125903133451171100,Pont de Fusta Apartments 21 Mid-term,63053029,MD Rentals,LA SAIDIA,TRINITAT,39.484690027,-0.370888777,Entire home/apt,161,1,0,NA,NA,66,358,0,NA
1125904253508540700,Pont de Fusta Apartments 22 Mid-term,63053029,MD Rentals,LA SAIDIA,TRINITAT,39.484681746,-0.370800264,Entire home/apt,161,1,0,NA,NA,66,358,0,NA
1125905321008988900,Pont de Fusta Apartments 23 Mid-term,63053029,MD Rentals,LA SAIDIA,TRINITAT,39.484702448,-0.370861954,Entire home/apt,161,1,0,NA,NA,66,358,0,NA
1125906309096412300,Pont de Fusta Apartments 24 Mid-term,63053029,MD Rentals,LA SAIDIA,TRINITAT,39.484694167,-0.370894141,Entire home/apt,172,1,0,NA,NA,66,328,0,NA
1125907079517770800,Pont de Fusta Apartments 25 Mid-term,63053029,MD Rentals,LA SAIDIA,TRINITAT,39.484694167,-0.370851226,Entire home/apt,138,1,2,2024-05-30,0.97,66,350,2,NA
1125907960587071900,Pont de Fusta Apartments 26 Mid-term,63053029,MD Rentals,LA SAIDIA,MORVEDRE,39.48551,-0.37165,Entire home/apt,161,1,1,2024-05-03,0.59,66,358,1,NA
1125908545074423700,CasaVentura 2-bedroom apt A ready in july 2024,56779812,Kenneth,POBLATS MARITIMS,CABANYAL-CANYAMELAR,39.469205,-0.3334225,Entire home/apt,133,3,0,NA,NA,2,205,0,NA
1125909022888800500,Pont de Fusta Apartments 27 Mid-term,63053029,MD Rentals,LA SAIDIA,TRINITAT,39.484681746,-0.370800264,Entire home/apt,161,1,1,2024-05-04,0.6,66,358,1,NA
1125910422356623900,Pont de Fusta Apartments 28 Mid-term,63053029,MD Rentals,LA SAIDIA,TRINITAT,39.484702448,-0.370861954,Entire home/apt,161,1,1,2024-05-04,0.6,66,358,1,NA
1125911873505875800,Pont de Fusta Apartments 29 Mid-term,63053029,MD Rentals,LA SAIDIA,TRINITAT,39.484694167,-0.370894141,Entire home/apt,172,1,0,NA,NA,66,358,0,NA
1125913125755471400,Pont de Fusta Apartments 30 Mid-term,63053029,MD Rentals,LA SAIDIA,TRINITAT,39.484694167,-0.370851226,Entire home/apt,138,1,2,2024-06-02,0.95,66,350,2,NA
1125914292676278e3,Pont de Fusta Apartments 31 Mid-term,63053029,MD Rentals,LA SAIDIA,TRINITAT,39.484690027,-0.370888777,Entire home/apt,161,1,1,2024-05-05,0.61,66,358,1,NA
1125917935287957600,Pont de Fusta Apartments 34 Mid-term,63053029,MD Rentals,LA SAIDIA,TRINITAT,39.484694167,-0.370894141,Entire home/apt,161,1,2,2024-05-05,0.95,66,358,2,NA
1125919682993244800,Pont de Fusta Apartments 35 Mid-term,63053029,MD Rentals,LA SAIDIA,TRINITAT,39.484694167,-0.370851226,Entire home/apt,138,1,0,NA,NA,66,350,0,NA
1125922306826197900,Pont de Fusta Apartments 37 Mid-term,63053029,MD Rentals,LA SAIDIA,TRINITAT,39.484690027,-0.370888777,Entire home/apt,110,1,0,NA,NA,66,307,0,NA
1125927649882027300,"Benimaclet, 2 hab - Welcome Nomads",264017990,Borja Y Teresa,BENIMACLET,BENIMACLET,39.48680550793504,-0.3566925452140771,Entire home/apt,93,1,0,NA,NA,2,153,0,NA
1126008831596531e3,Apartment San Pedro III,154048802,René,POBLATS MARITIMS,CABANYAL-CANYAMELAR,39.4692636,-0.3317424,Entire home/apt,104,3,4,2024-05-28,1.9,30,256,4,NA
1126067649184153300,Fabuloso alojamiento en valencia,570220458,Adosado,PATRAIX,FAVARA,39.45560982101945,-0.3923166543245315,Entire home/apt,380,1,0,NA,NA,1,229,0,NA
1126109650609520400,"NUEVO Apto. B - Cerca del metro, la playa y Turia",546607750,Dmitry,ALGIROS,CIUTAT JARDI,39.471913653755806,-0.3475778252746031,Entire home/apt,101,1,10,2024-06-18,4.23,3,172,10,VT-54413-V
1126552109027105500,Sorolla Urban Suites 4,567432805,Sorolla,PATRAIX,PATRAIX,39.46226675007059,-0.38919440025397406,Entire home/apt,136,1,0,NA,NA,4,263,0,NA
1126597421602682600,Mar Azul by Concept,432981976,Joan,ALGIROS,LA CARRASCA,39.4812525233686,-0.33336272965471864,Entire home/apt,115,1,6,2024-06-06,2.73,21,185,6,NA
1126632929378033900,Newly renovated Apartment near The City center,513997824,Yana,ALGIROS,L'AMISTAT,39.4729,-0.35184,Entire home/apt,106,5,4,2024-05-15,1.58,8,0,4,NA
1126687285328678300,El Cabanyal Duplex Apartment by Florit Flats,42125633,Florit,POBLATS MARITIMS,CABANYAL-CANYAMELAR,39.47027,-0.33086,Entire home/apt,192,1,4,2024-06-11,1.64,18,10,4,NA
1126744694491568600,Apartamento en la playa 5 pax,214440330,Alejandro,POBLATS MARITIMS,CABANYAL-CANYAMELAR,39.47243766096632,-0.3292647891383084,Entire home/apt,120,6,0,NA,NA,29,11,0,NA
1127153813757116300,11 personas playa Malvarrosa a 5 minutos andando,109490685,Maria Jose,POBLATS MARITIMS,LA MALVA-ROSA,39.480783,-0.3287197,Entire home/apt,339,3,0,NA,NA,4,94,0,NA
1127305061396921300,Loft a 5min de la playa,570521608,Eva,POBLATS MARITIMS,LA MALVA-ROSA,39.477733015423695,-0.3289588479744284,Entire home/apt,240,3,5,2024-06-16,3.19,1,308,5,VT-46218-V
1127309210257703800,Modern Well Located Apartment,5946580,Nahuel,L'OLIVERETA,NOU MOLES,39.4722398,-0.3959311,Entire home/apt,110,5,0,NA,NA,51,150,0,NA
1127412488118263300,Nice Apartment Near The Beach,5946580,Nahuel,POBLATS MARITIMS,CABANYAL-CANYAMELAR,39.46501,-0.32722,Entire home/apt,175,5,0,NA,NA,51,140,0,NA
1127433066402816100,Spacious 5 Bedroom Apartment,5946580,Nahuel,POBLATS MARITIMS,NATZARET,39.4491405,-0.3345249,Entire home/apt,175,5,0,NA,NA,51,93,0,NA
1127447304901584e3,Luxury Apartment Good Location,5946580,Nahuel,EXTRAMURS,LA PETXINA,39.47484,-0.39429,Entire home/apt,175,5,0,NA,NA,51,77,0,NA
1127464407744976100,Apartment In A Central Location,5946580,Nahuel,CIUTAT VELLA,EL CARME,39.4788817,-0.3821373,Entire home/apt,175,5,0,NA,NA,51,109,0,NA
1127475150264137100,Beautiful Apartment Quiet Area,5946580,Nahuel,CAMINS AL GRAU,AIORA,39.46659,-0.34142,Entire home/apt,175,5,0,NA,NA,51,90,0,NA
1127485126678467100,Alberic Waves,570506964,InMorMon,EXTRAMURS,ARRANCAPINS,39.46732,-0.38703,Entire home/apt,230,1,5,2024-05-20,2.42,2,162,5,NA
1127485259886854700,Alberic Jungle,570506964,InMorMon,EXTRAMURS,ARRANCAPINS,39.46505,-0.38687,Entire home/apt,245,1,4,2024-05-13,1.85,2,183,4,NA
1127579902078405100,Las Arenas Suites 3,566747909,Alicia,POBLATS MARITIMS,CABANYAL-CANYAMELAR,39.4656902,-0.3321733,Entire home/apt,134,3,3,2024-06-02,1.41,3,203,3,NA
1127607726680498600,Elegante Suite De Diseño,66092872,Jose Luis,CAMINS AL GRAU,AIORA,39.4651766655617,-0.34159445767212304,Entire home/apt,111,1,0,NA,NA,6,89,0,NA
1127641126841331100,Apartamento tipo NY en Valencia,3375081,Isabela,CIUTAT VELLA,SANT FRANCESC,39.4718657362337,-0.3687623184985046,Entire home/apt,100,28,0,NA,NA,1,183,0,NA
1128365522617960700,Casa pe,432520703,Nayara,POBLATS MARITIMS,NATZARET,39.442950597684,-0.3343772515654564,Entire home/apt,134,1,1,2024-06-01,1,1,246,1,NA
1128750484768987400,Casa Ventura 2-Bedroom apt B ready in july 2024,56779812,Kenneth,POBLATS MARITIMS,CABANYAL-CANYAMELAR,39.47012,-0.33436,Entire home/apt,133,3,0,NA,NA,2,213,0,NA
1128825259197799600,Apartamento Turístico,194250047,Raul,CAMINS AL GRAU,AIORA,39.46727413488456,-0.34507239262689426,Entire home/apt,150,4,2,2024-05-04,0.97,3,228,2,NA
1129042089886964200,Ubicación perfecta.,570920484,David,ALGIROS,CIUTAT JARDI,39.47236785269762,-0.34235639417435065,Entire home/apt,120,3,0,NA,NA,1,89,0,NA
1129485801045108200,Apartment with amazing views,117156471,Jose,QUATRE CARRERES,MONT-OLIVET,39.46048672636352,-0.3616544537658802,Entire home/apt,146,21,0,NA,NA,2,138,0,NA
1129589745627506e3,Studio in the heart of the city,259818206,Bohdan,CIUTAT VELLA,SANT FRANCESC,39.4700791847578,-0.3710105141217648,Entire home/apt,100,1,3,2024-06-16,1.43,2,327,3,NA
1129741691438753400,Única Suite de Diseño Moderno,66092872,Jose Luis,CAMINS AL GRAU,AIORA,39.4651601,-0.341573,Entire home/apt,98,1,2,2024-05-31,1.82,6,163,2,NA
1129899918706918300,2-Bedrooms Apartment near City ofArts&Oceanografic,501837131,Lyubov,CAMINS AL GRAU,LA CREU DEL GRAU,39.46248,-0.34495,Entire home/apt,112,5,4,2024-05-27,2.55,12,26,4,NA
1130009086734227800,GuestReady - A lovely gem near La Malvarrosa beach,570673167,GuestReady,POBLATS MARITIMS,LA MALVA-ROSA,39.47598399408195,-0.33089717990870415,Entire home/apt,68,30,0,NA,NA,1,330,0,NA
1130252554780272400,Tu estancia perfecta,554003172,Pedro,PATRAIX,SANT ISIDRE,39.454270654380906,-0.4054557119672261,Entire home/apt,100,1,1,2024-04-11,0.41,1,19,1,NA
1130413097760686600,Terrace Gem near all the main tourist attractions,452826248,Anita,CAMINS AL GRAU,ALBORS,39.46925,-0.35392,Entire home/apt,113,2,2,2024-06-02,2,2,65,2,VT-53757-V
1130957273569306900,Escape to Cabanyal: apartment mins from the beach,325570133,Pablo,POBLATS MARITIMS,CABANYAL-CANYAMELAR,39.466329257323814,-0.3303007164664856,Entire home/apt,207,2,5,2024-06-17,3,17,333,5,NA
1130959343719879600,Charming apartment in Cabanyal,325570133,Pablo,POBLATS MARITIMS,CABANYAL-CANYAMELAR,39.46605636518505,-0.3314385563135147,Entire home/apt,123,2,2,2024-05-27,1.28,17,344,2,NA
1130959676966202400,Cozy Cabañal Retreat,325570133,Pablo,POBLATS MARITIMS,CABANYAL-CANYAMELAR,39.46669696695889,-0.3322113994577997,Entire home/apt,101,2,3,2024-06-20,3,17,351,3,NA
1130959995489473800,Charming Cabañal Apartment for 4,325570133,Pablo,POBLATS MARITIMS,CABANYAL-CANYAMELAR,39.46532603770041,-0.3320200172837961,Entire home/apt,138,2,4,2024-06-10,2.5,17,353,4,NA
1130960280434963200,Beachside Valencia Retreat,325570133,Pablo,POBLATS MARITIMS,CABANYAL-CANYAMELAR,39.46577586715142,-0.33229880968197634,Entire home/apt,159,2,4,2024-06-11,2.45,17,357,4,NA
1131013772632355800,Loft con piscina en Valencia,50985788,Lina,PATRAIX,VARA DE QUART,39.460256704961125,-0.4135352846557683,Entire home/apt,110,3,1,2024-05-15,0.77,1,21,1,NA
1131043527762955e3,Stylish Flat At Historic Quarter Plaza del Carmen,256816846,Miguel,CIUTAT VELLA,EL CARME,39.4791257,-0.378981,Entire home/apt,79,1,6,2024-06-08,3.75,2,34,6,NA
1131057825483691800,Cozy Apartment in Old Quarter Plaza del Carmen,256816846,Miguel,CIUTAT VELLA,EL CARME,39.47967506004241,-0.3798219585725707,Entire home/apt,79,1,6,2024-06-21,4,2,24,6,NA
1131072450954094200,Elegant Flat in Historic Quarter Plaza del Carmen,259954020,Miguel,CIUTAT VELLA,EL CARME,39.48016001375345,-0.3777957438822383,Entire home/apt,79,1,9,2024-06-11,5.63,2,25,9,NA
1131076383192184200,Estudio en el centro de Valencia,571404720,Ana Patricia,CIUTAT VELLA,SANT FRANCESC,39.47335821692288,-0.37490013390398547,Entire home/apt,50,30,0,NA,NA,2,218,0,NA
1131096658111357300,NEW Central Market Flat Valencia,6976863,The MM,CIUTAT VELLA,EL PILAR,39.472787778630746,-0.3807741031050682,Entire home/apt,85,28,0,NA,NA,8,261,0,NA
1131145132144848400,Casa Cigüeña - El Cabanyal,73042987,Sander,POBLATS MARITIMS,BETERO,39.47264,-0.33559,Entire home/apt,150,3,0,NA,NA,1,20,0,NA
1131248649681931400,Duplex in Valencia,265198877,Stefano,EXTRAMURS,ARRANCAPINS,39.4661237325486,-0.3888997550291565,Entire home/apt,125,5,0,NA,NA,1,27,0,NA
1131650190871439600,Unique Estudio 6 (25 m²),522293199,Helloflatmate,ALGIROS,L'AMISTAT,39.47141,-0.35252,Entire home/apt,104,3,2,2024-04-30,0.97,26,63,2,NA
1132020265085077100,Apartamento LAKE & SEA,372295412,Santi,POBLATS DEL SUD,EL SALER,39.35157900441661,-0.3215979568956359,Entire home/apt,212,3,0,NA,NA,1,10,0,NA
1132394565127532200,Ático Baleares,571724914,Carlos,CAMINS AL GRAU,LA CREU DEL GRAU,39.4606403,-0.3461022,Entire home/apt,120,30,0,NA,NA,1,62,0,NA
1132422662268371800,Grao Green Flat,93638894,Ismael Y Sandra,POBLATS MARITIMS,EL GRAU,39.45820862368802,-0.34060348707736127,Entire home/apt,126,2,0,NA,NA,2,70,0,NA
1132429416093423500,Beautiful apartment Teo in Russafa,539357525,InterHabita,L'EIXAMPLE,RUSSAFA,39.46042,-0.37173,Entire home/apt,112,2,3,2024-06-12,3,2,134,3,NA
1132503574683849200,Travel Habitat Zaidia con Terraza,97229818,Travel Habitat,LA SAIDIA,SANT ANTONI,39.49111,-0.37421,Entire home/apt,166,1,0,NA,NA,45,318,0,NA
1132548145524532400,Valdeolivas Suites I,571761523,Valdeolivas,EL PLA DEL REAL,MESTALLA,39.47245,-0.35886,Entire home/apt,201,1,2,2024-05-12,1.22,2,77,2,NA
1132552215407878900,Valdeolivas Suites II.,571761523,Valdeolivas,EL PLA DEL REAL,MESTALLA,39.4724455,-0.358857,Entire home/apt,181,1,0,NA,NA,2,77,0,NA
1132723109351607700,Precioso loft en Valencia parking y piscina,203079789,Lucia,PATRAIX,VARA DE QUART,39.4608479,-0.4123621,Entire home/apt,120,3,0,NA,NA,1,196,0,NA
1132732950043236900,Mar y Confort Doble Baño,232356580,Cong,ALGIROS,L'ILLA PERDUDA,39.47014904024412,-0.34143413931081273,Entire home/apt,94,1,10,2024-06-03,4.35,14,96,10,NA
1133019910389060900,NEW Fabuloso y céntrico by ValenciaGOapartments,443730217,Samanta,L'OLIVERETA,NOU MOLES,39.4724065,-0.3958979,Entire home/apt,128,1,5,2024-06-02,2.54,1,132,5,VT-55073-V
1133069546298784500,En el corazón del Canyamelar,571887863,Francisco José,POBLATS MARITIMS,CABANYAL-CANYAMELAR,39.46584,-0.331,Entire home/apt,107,3,3,2024-06-19,1.61,1,83,3,NA
1133151764840102400,Nice Four Bedroom Apartment,5946580,Nahuel,POBLATS MARITIMS,EL GRAU,39.4612452,-0.3387128,Entire home/apt,175,5,0,NA,NA,51,49,0,NA
1133164111830614300,Apartment Close Mestalla Stadium,5946580,Nahuel,EL PLA DEL REAL,MESTALLA,39.4741539,-0.3539352,Entire home/apt,175,5,0,NA,NA,51,19,0,NA
1133174641691163600,Modern Apartment Good Location,5946580,Nahuel,BENIMACLET,BENIMACLET,39.4852158,-0.3564525000000001,Entire home/apt,175,5,0,NA,NA,51,18,0,NA
1133182943699351600,Cozy Apartment In Good Location,5946580,Nahuel,LA SAIDIA,TRINITAT,39.48127,-0.37081,Entire home/apt,175,5,0,NA,NA,51,50,0,NA
1133190111517120800,Apartment In Good Location,5946580,Nahuel,CAMINS AL GRAU,ALBORS,39.46765,-0.35263,Entire home/apt,175,5,0,NA,NA,51,50,0,NA
1133740028807606400,Apartamento cerca a la playa,572037034,Leydy Johanna,CAMINS AL GRAU,LA CREU DEL GRAU,39.460903042594595,-0.3444319110603377,Entire home/apt,85,30,0,NA,NA,1,363,0,NA
1133841494035333800,N1 - Encantador bajo Jardin de Ayora,569281469,Rene,CAMINS AL GRAU,AIORA,39.46562,-0.34702,Entire home/apt,180,2,0,NA,NA,2,250,0,NA
1133913441160337700,bonito Apartamento en Valencia,522205233,Monte,LA SAIDIA,MARXALENES,39.48818,-0.38653,Entire home/apt,125,1,2,2024-05-26,1.22,21,206,2,NA
1133961727558981800,Piso cerca universidades y playa,572077542,Maria Concepcion,POBLATS MARITIMS,CABANYAL-CANYAMELAR,39.47439,-0.32899,Entire home/apt,120,4,2,2024-06-03,2,1,145,2,NA
1133986042906109300,Apartamento Familiar en Valencia,519611891,Tehmine,BENICALAP,BENICALAP,39.49065703262214,-0.3827968335502692,Entire home/apt,216,1,1,2024-06-15,1,2,208,1,NA
1134037327102907900,Apartament 50m playa perellonet,269576420,Mirari,POBLATS DEL SUD,EL PERELLONET,39.27911578310008,-0.2765992857799475,Entire home/apt,70,2,0,NA,NA,1,244,0,NA
1134245261820368400,Las Artes y las Ciencias “I”,524635391,Ayres,QUATRE CARRERES,MONT-OLIVET,39.458197083939375,-0.36174434524764343,Entire home/apt,115,4,3,2024-06-11,3,6,170,3,NA
1134588245895883800,Apartamento nuevo cerca playa.,99656509,M Jesús,POBLATS MARITIMS,EL GRAU,39.45798,-0.33772,Entire home/apt,120,2,0,NA,NA,5,354,0,NA
1134716586591311200,N2 - Encantador Bajo Jardín de Ayora,569281469,Rene,CAMINS AL GRAU,AIORA,39.46549302242031,-0.3447707458912621,Entire home/apt,171,2,1,2024-05-12,0.7,2,337,1,NA
1134940057254158e3,Malvarrosa junto mar y tranvía,572329533,Maria Jesús,POBLATS MARITIMS,LA MALVA-ROSA,39.47527337930475,-0.32860881534422903,Entire home/apt,135,6,0,NA,NA,1,29,0,NA
1135312680923527600,Piso junto al ayuntamiento,572404832,Mari Carmen,CIUTAT VELLA,EL MERCAT,39.47365174816669,-0.3800053371736223,Entire home/apt,120,4,0,NA,NA,1,49,0,NA
1135344003955933300,Unique with view to La Lonja,572412088,Carmen,CIUTAT VELLA,LA SEU,39.47563384306411,-0.37772073186065136,Entire home/apt,192,1,9,2024-06-18,4.66,1,278,9,VT-39209-V
1135345378342565100,Bajo de lujo en el centro,544752699,Isabel,CIUTAT VELLA,LA SEU,39.47632027012388,-0.37782400571978014,Entire home/apt,220,28,0,NA,NA,1,336,0,NA
1.1353650869797681e+18,Beach Malvarrosa & Patacona,753807,Carmen,POBLATS MARITIMS,LA MALVA-ROSA,39.48292073322017,-0.32658876190184927,Entire home/apt,136,15,0,NA,NA,4,103,0,NA
1135502847961650200,Magnífico ático en Ciudad Ciencias con 3 terrazas.,80282718,Carlos,CAMINS AL GRAU,PENYA-ROJA,39.4566374,-0.3448944,Entire home/apt,226,3,10,2024-06-12,6.25,1,62,10,VT-47068-V
1135508719466701300,Charming apartment in the Grao of Valencia,491663354,Stl Apartamentos,POBLATS MARITIMS,EL GRAU,39.46097,-0.33092,Entire home/apt,118,1,0,NA,NA,11,83,0,NA
1135655098322866400,Luminoso apartamento playa Valencia Pinedo,517405234,Iuliia,POBLATS DEL SUD,PINEDO,39.42291858096437,-0.3367117137996414,Entire home/apt,111,2,0,NA,NA,2,17,0,NA
1135904842396146400,El riconcito de Cabañal,549699849,Holidu,POBLATS MARITIMS,CABANYAL-CANYAMELAR,39.4711084,-0.3293414,Entire home/apt,211,1,0,NA,NA,5,365,0,VT-51562-V
1136008036209525100,Loft Beach,515148701,Álvaro,POBLATS MARITIMS,CABANYAL-CANYAMELAR,39.47129,-0.33303,Entire home/apt,126,2,5,2024-06-21,5,5,247,5,NA
1136038877627045100,Charming beach apartment,325570133,Pablo,POBLATS MARITIMS,CABANYAL-CANYAMELAR,39.471042321685154,-0.32748677427564765,Entire home/apt,133,2,3,2024-06-02,1.61,17,225,3,NA
1136048066428345500,5E - Loft in the heart of Ruzafa,456135217,Julio,L'EIXAMPLE,RUSSAFA,39.46004654041799,-0.3702620090673367,Entire home/apt,119,3,0,NA,NA,52,305,0,NA
1136137722366532100,Suite Parque del Turia by Concept,392695695,Jose Luis,L'OLIVERETA,NOU MOLES,39.471443871585294,-0.39960070079473337,Entire home/apt,98,1,4,2024-06-20,2.35,3,185,4,NA
1136137876211722400,Suite Parque del Turia by Clink 2,392695695,Jose Luis,L'OLIVERETA,NOU MOLES,39.46979,-0.39962,Entire home/apt,88,1,4,2024-06-08,2.07,3,181,4,NA
1136138011137581400,Suite Parque del Turia by Clink 3,392695695,Jose Luis,L'OLIVERETA,NOU MOLES,39.46919931069537,-0.40161274886077386,Entire home/apt,112,1,4,2024-06-13,2.35,3,201,4,NA
1136185167895292e3,Blue tide apartment,515148701,Álvaro,POBLATS MARITIMS,CABANYAL-CANYAMELAR,39.47327,-0.33021,Entire home/apt,113,2,2,2024-06-14,2,5,259,2,NA
1136385608676739200,Cosy studio in Benimaclet!,2134754,Phil,LA SAIDIA,SANT ANTONI,39.4889169,-0.3699336,Entire home/apt,72,30,0,NA,NA,2,340,0,NA
1136502179502374100,Valencia Friends & Family,508215753,Flats Rental,ALGIROS,LA VEGA BAIXA,39.47693,-0.35042,Entire home/apt,145,3,2,2024-05-02,0.97,2,17,2,NA
1136642700240934300,Vegamar - Ático dúplex - No turistas,548661217,Dulce,EXTRAMURS,EL BOTANIC,39.4780642,-0.383863,Entire home/apt,145,4,3,2024-06-06,1.91,3,286,3,NA
1136759402199418800,Cozy Apartment Near The Beach,5946580,Nahuel,POBLATS MARITIMS,LA MALVA-ROSA,39.47635,-0.33004,Entire home/apt,99,5,1,2024-06-01,1,51,42,1,NA
1136770315147334900,Family-Friendly Flat in Valencia,463552142,Alfonso Erik,POBLATS MARITIMS,NATZARET,39.45013,-0.33349,Entire home/apt,55,30,1,2024-05-22,0.94,1,169,1,NA
1136843309037370600,Family home,444175496,Sara,POBLATS MARITIMS,LA MALVA-ROSA,39.4762338,-0.3288483,Entire home/apt,164,2,10,2024-06-20,4.69,1,200,10,NA
1136869075608459300,1E - Spacious apartment in Ruzafa,456135217,Julio,QUATRE CARRERES,EN CORTS,39.45854,-0.37186,Entire home/apt,244,3,1,2024-06-09,1,52,254,1,NA
1136931775790346500,Agustinos Studio,125037312,Claudia,EXTRAMURS,ARRANCAPINS,39.46275253625465,-0.38351334885760263,Entire home/apt,50,30,1,2024-06-05,1,30,220,1,NA
1.1370095212792079e+18,Ruzafa Essential. WiFi + A/C + 4 Pax,14182776,Alberto,QUATRE CARRERES,EN CORTS,39.4571324,-0.3693767,Entire home/apt,146,1,3,2024-05-24,1.45,70,238,3,VT-49439-V
1137035450582464800,Valencia Bajo I - Apartamento Centro,12964124,Lucia,EXTRAMURS,LA ROQUETA,39.46973,-0.38378,Entire home/apt,94,6,4,2024-06-07,2.45,5,53,4,VT-54865-V
1137044699479814300,Apartamento luminoso en Valencia,572854255,Olga,POBLATS DE L'OEST,BENIMAMET,39.499800481626366,-0.4210206178199347,Entire home/apt,81,5,1,2024-06-04,1,1,110,1,NA
1137045011899668500,Malvarrosa C7,9115245,Mónica Y Jaime,POBLATS MARITIMS,LA MALVA-ROSA,39.47954,-0.32688,Entire home/apt,207,2,7,2024-06-19,3.28,8,255,7,NA
1137091343410088200,Muy bien situado con terraza.,572868695,Ainhoa,CAMINS AL GRAU,PENYA-ROJA,39.4639994,-0.3574296,Entire home/apt,160,1,0,NA,NA,1,332,0,NA
1137179874429477900,apartamento valencia centro,176655574,Ruben,QUATRE CARRERES,MONT-OLIVET,39.4574005,-0.3680062000000001,Entire home/apt,104,1,7,2024-06-02,3.68,1,89,7,NA
1137451194296799200,Estupenda terraza y parking gratuito en Valencia,572939879,German,LA SAIDIA,SANT ANTONI,39.4902502,-0.3728009,Entire home/apt,93,2,8,2024-06-02,4.8,1,166,8,NA
1137539726556191200,Dorm4You Centro,539223800,German,CIUTAT VELLA,SANT FRANCESC,39.47014955257858,-0.3772481926880023,Entire home/apt,60,1,1,2024-05-30,1,14,51,1,NA
1137572876401500400,Apartamento en centro histórico,212966401,Amparo,CIUTAT VELLA,EL MERCAT,39.47595649457534,-0.37937840204909024,Entire home/apt,145,5,0,NA,NA,1,122,0,NA
1137601636217125400,¡Fabulosa vivienda para verano!,566882725,Alberto,ALGIROS,LA VEGA BAIXA,39.478205836881656,-0.34880417536319186,Entire home/apt,228,4,0,NA,NA,11,61,0,NA
1137623182896381400,Preciosa vivienda vacacional,566882725,Alberto,CAMINS AL GRAU,AIORA,39.46559037014448,-0.34716713079884676,Entire home/apt,143,4,0,NA,NA,11,61,0,NA
1137793329653434100,Vivienda espaciosa y ubicada,36371569,Jorge,CAMINS AL GRAU,ALBORS,39.4681,-0.35076,Entire home/apt,146,3,0,NA,NA,1,102,0,NA
1137875781926067500,Calle Buenos Aires Treasure,3029642,Jonathan,L'EIXAMPLE,RUSSAFA,39.46222,-0.37647,Entire home/apt,240,1,0,NA,NA,1,102,0,NA
1137913169388106200,Gemütliche Wohnung in Strandnähe,569050419,Carolin,POBLATS MARITIMS,CABANYAL-CANYAMELAR,39.46403775285721,-0.33235009858386516,Entire home/apt,78,1,2,2024-06-16,2,3,178,2,NA
1138104982382980900,Piso bien conectado con jacuzzi,573097074,Joan,POBLATS MARITIMS,LA MALVA-ROSA,39.48297271059968,-0.32717853784561157,Entire home/apt,115,3,0,NA,NA,2,22,0,NA
1138185861207547500,City Center Studio Apartment,23887926,Raphaëlle,EXTRAMURS,ARRANCAPINS,39.46879,-0.38815,Entire home/apt,75,2,8,2024-06-15,5.85,1,143,8,NA
1138222122652248200,El Pilar,261149179,Vacansis,CIUTAT VELLA,EL PILAR,39.47169263083479,-0.3831618183853225,Entire home/apt,55,1,4,2024-05-26,2.4,6,278,4,NA
1138336761530421800,Loft Ruzafa. Pets and wifi possible (supplément).,282134097,Arantxa,QUATRE CARRERES,EN CORTS,39.4579287,-0.3711758,Entire home/apt,124,10,0,NA,NA,3,270,0,NA
1138337089348245100,Comodo piso. Estupenda ubicación,220400699,Ivan,BENIMACLET,BENIMACLET,39.4830774,-0.3587178,Entire home/apt,180,2,0,NA,NA,1,94,0,NA
1138360904077575e3,A (va026) Th ático calle de la Paz,97229818,Travel Habitat,CIUTAT VELLA,LA XEREA,39.47215153859223,-0.37179271098552424,Entire home/apt,220,1,0,NA,NA,45,141,0,NA
1138371405064651400,Exclusive Apartment Private Terrace and Jacuzzi,30141190,David,LA SAIDIA,TORMOS,39.48930067936296,-0.37702332427636415,Entire home/apt,127,4,1,2024-05-14,0.75,7,108,1,VT-54717-V
1138442111263266300,Apartamento Oceanographic,513244754,Holidu,POBLATS MARITIMS,EL GRAU,39.462769,-0.3358077,Entire home/apt,176,1,0,NA,NA,1,365,0,VT-43315-V
1139012731113254900,Apartamento Valencia,523318449,Jose,QUATRE CARRERES,MONT-OLIVET,39.46119357237435,-0.3633603542995851,Entire home/apt,63,1,8,2024-06-05,4.62,5,166,8,NA
1139013576417496300,Cozy Apartment Behind the Beach,573287179,Jenny,POBLATS MARITIMS,LA MALVA-ROSA,39.48256418515713,-0.3278824380801347,Entire home/apt,134,5,2,2024-06-03,1.46,1,68,2,NA
1139646288115196800,3C - Loft in the heart of Ruzafa,456135217,Julio,QUATRE CARRERES,EN CORTS,39.45887387178308,-0.36977230600818695,Entire home/apt,109,3,1,2024-06-08,1,52,218,1,NA
1.1397964460860721e+18,loft valencia-luis oliag 58A,505036561,Adriana,QUATRE CARRERES,MONT-OLIVET,39.46165,-0.36266,Entire home/apt,117,2,5,2024-06-13,2.68,27,38,5,NA
1139799774370415400,Acogedor apartamento con terraza en El Cabanyal,19154435,Paloma,POBLATS MARITIMS,CABANYAL-CANYAMELAR,39.46914,-0.33396,Entire home/apt,100,10,0,NA,NA,1,97,0,NA
1139827446104548e3,Estudio céntrico para 5,517282184,Noelia,EXTRAMURS,LA PETXINA,39.47557139018127,-0.3910408889997536,Entire home/apt,160,7,0,NA,NA,3,31,0,NA
1139827954505068700,Modern LOFT-Apartment near The City Center,513997824,Yana,EL PLA DEL REAL,MESTALLA,39.47289,-0.35374,Entire home/apt,89,5,2,2024-06-17,2,8,4,2,NA
1139887494512110100,light and style in Valencia,537395535,Festim,JESUS,L'HORT DE SENABRE,39.45443,-0.38801,Entire home/apt,91,1,1,2024-05-19,0.86,1,210,1,NA
1139910917907186e3,loft valencia-luis oliag 58 B,505036561,Adriana,QUATRE CARRERES,MONT-OLIVET,39.46025447353085,-0.3608107533253985,Entire home/apt,117,2,7,2024-06-16,4.29,27,42,7,NA
1139931505382209300,loftvalencia-plazamonteolivete B,505036561,Adriana,QUATRE CARRERES,MONT-OLIVET,39.46127028563088,-0.3608310013275106,Entire home/apt,117,2,5,2024-06-15,4.69,27,35,5,NA
1139945145927705e3,loftvalencia-plazamonteolivete A,505036561,Adriana,QUATRE CARRERES,MONT-OLIVET,39.46105178038496,-0.3615069179992636,Entire home/apt,114,2,3,2024-05-22,1.64,27,28,3,NA
1140329001733272400,Nice apartment in the Cabañal near the beach,491663354,Stl Apartamentos,POBLATS MARITIMS,BETERO,39.47233,-0.33561,Entire home/apt,115,2,0,NA,NA,11,150,0,NA
1140392041546289800,"Valencia, Piso Campoamor",546642951,Ana Isabel,ALGIROS,CIUTAT JARDI,39.471695611729714,-0.34806932635688176,Entire home/apt,100,30,0,NA,NA,7,85,0,NA
1140424798760687900,muy bien situado las ciencias,392216323,Vicente,QUATRE CARRERES,CIUTAT DE LES ARTS I DE LES CIENCIES,39.45427617266039,-0.35742741778283244,Entire home/apt,156,2,3,2024-06-02,2.5,1,27,3,EGVT-340-V
1140432181257333800,Apartamento muy próximo a Ruzafa,501187386,Inversión,QUATRE CARRERES,EN CORTS,39.45448189506321,-0.3739085144993808,Entire home/apt,106,2,8,2024-06-16,5,2,166,8,VT-54964-V
1140530985988307500,big loft with terrace and pool,573654811,Isaac,PATRAIX,VARA DE QUART,39.45983027239013,-0.41370492813568327,Entire home/apt,89,2,1,2024-05-26,1,1,86,1,NA
1140544157210096900,5A - Loft in the heart of Ruzafa,456135217,Julio,QUATRE CARRERES,EN CORTS,39.45840698158608,-0.37174408068210135,Entire home/apt,96,3,1,2024-06-14,1,52,296,1,NA
1140672509218746200,Calma II,76769846,Roberto,CIUTAT VELLA,EL PILAR,39.47449,-0.38402,Entire home/apt,120,2,8,2024-06-12,4.29,5,232,8,NA
1140708956542576600,Calma IV,76769846,Roberto,EXTRAMURS,EL BOTANIC,39.47413487539301,-0.3847110330384887,Entire home/apt,120,2,4,2024-06-02,2.11,5,257,4,NA
1140719923868175500,Calma V,76769846,Roberto,CIUTAT VELLA,EL PILAR,39.474875271777975,-0.3839243143142925,Entire home/apt,120,2,6,2024-06-08,3.16,5,227,6,NA
1141036435559210500,Piso con terraza zona Viveros,5946580,Nahuel,LA SAIDIA,TRINITAT,39.48606,-0.3674,Entire home/apt,100,5,0,NA,NA,51,158,0,NA
1141048264320371e3,Quiet and bright apartment in Valencia.,570785157,Maryna,RASCANYA,ELS ORRIOLS,39.49608364416139,-0.3702390566468239,Entire home/apt,84,30,0,NA,NA,1,31,0,NA
1141085323350587500,Cozy studio near Ruzafa for 4 guests,134221412,VLC Host,QUATRE CARRERES,MONT-OLIVET,39.459,-0.36308,Entire home/apt,89,1,2,2024-06-02,1.71,151,239,2,NA
1141116098859906400,Apartamento Umbracle. Apartaments La Ciutat,573801226,Infoarea,QUATRE CARRERES,MALILLA,39.45052940000001,-0.37336,Entire home/apt,165,2,5,2024-06-16,2.94,3,177,5,NA
1141234493447297500,5B - Loft in the heart of Ruzafa,456135217,Julio,QUATRE CARRERES,EN CORTS,39.45799,-0.37023,Entire home/apt,96,3,2,2024-06-09,2,52,306,2,NA
1141271125846469600,5C - Loft in the heart of Ruzafa,456135217,Julio,L'EIXAMPLE,RUSSAFA,39.45990140054256,-0.3721394835533578,Entire home/apt,105,3,1,2024-06-04,1,52,307,1,NA
1141351099501518100,Piso moderno en Ruzafa,50193255,Dacian,L'EIXAMPLE,RUSSAFA,39.46272,-0.37411,Entire home/apt,110,2,2,2024-06-16,1.43,1,84,2,NA
1141387192478099100,Apartamento  Valencia Centro,566218729,Ana Isabel,L'EIXAMPLE,RUSSAFA,39.462919084074905,-0.3759483992709497,Entire home/apt,114,1,1,2024-06-09,1,1,268,1,NA
1141433804902343700,Apartamento entero cerca del centro de Valencia,571222814,Chiara,PATRAIX,VARA DE QUART,39.462,-0.39926,Entire home/apt,84,1,1,2024-06-09,1,1,98,1,NA
1141609661664226300,"CentralBeach Authentic Cabañal House, Be myGuest!",452832056,Milena,POBLATS MARITIMS,CABANYAL-CANYAMELAR,39.471820469407795,-0.32928520534910216,Entire home/apt,129,3,9,2024-06-18,6,1,139,9,NA
1141732293173501400,5D - Loft in the heart of Ruzafa,456135217,Julio,QUATRE CARRERES,EN CORTS,39.45828,-0.36992,Entire home/apt,118,3,1,2024-06-05,1,52,291,1,NA
1141754256882042800,5F - Loft in the heart of Ruzafa,456135217,Julio,L'EIXAMPLE,RUSSAFA,39.46026,-0.37009,Entire home/apt,152,3,2,2024-06-10,2,52,305,2,NA
1141763814319434800,Architectural gem | Center | 2BR,567706982,Geraldine,EXTRAMURS,ARRANCAPINS,39.46125,-0.38323,Entire home/apt,80,31,0,NA,NA,2,227,0,NA
1141769253590412500,House with terrace by the sea,456135217,Julio,POBLATS MARITIMS,CABANYAL-CANYAMELAR,39.47497957376893,-0.32944134904217204,Entire home/apt,269,3,0,NA,NA,52,279,0,NA
1141769657254809900,5G - Loft in the heart of Ruzafa,456135217,Julio,QUATRE CARRERES,EN CORTS,39.45809744165085,-0.36990847880438427,Entire home/apt,105,3,1,2024-06-06,1,52,247,1,NA
1141791663902011900,3A - Loft in the heart of Ruzafa,456135217,Julio,L'EIXAMPLE,RUSSAFA,39.460057052363915,-0.3719469182290175,Entire home/apt,112,3,1,2024-06-03,1,52,291,1,NA
1141834424749014500,Singular Stays Tinglado II,543129726,Natalia,POBLATS MARITIMS,EL GRAU,39.46045233335472,-0.33320797301635174,Entire home/apt,105,1,0,NA,NA,25,238,0,NA
1141927701494290200,3B - Loft in the heart of Ruzafa,456135217,Julio,L'EIXAMPLE,RUSSAFA,39.460345849171226,-0.3707508602663,Entire home/apt,126,3,3,2024-06-15,3,52,306,3,NA
1141928914490971900,Charming Studio Steps Away from Ruzafa - Sleeps 4,134221412,VLC Host,QUATRE CARRERES,MONT-OLIVET,39.45886,-0.36144,Entire home/apt,104,1,5,2024-06-10,4.69,151,262,5,NA
1141933283495193100,Apartment lives in Patraix,572407616,Sara,PATRAIX,PATRAIX,39.46077327661369,-0.3928285008413247,Entire home/apt,52,1,0,NA,NA,1,112,0,NA
1142087515637295200,Apartamento enfrente de la playa,197003233,Elena,POBLATS DEL SUD,EL PERELLONET,39.28271,-0.28026,Entire home/apt,75,4,2,2024-06-11,2,1,222,2,NA
1142143874157966200,Apartamento completo en Valencia.,452738022,Adrian,QUATRE CARRERES,NA ROVELLA,39.4561,-0.36157,Entire home/apt,144,3,4,2024-06-09,3.53,1,41,4,NA
1142144114816551700,Piscina privada a 40 metros de la playa,534161844,Jose Luis,POBLATS MARITIMS,LA MALVA-ROSA,39.48186,-0.32732,Entire home/apt,361,2,6,2024-06-16,3.75,3,321,6,NA
1.1425048035158479e+18,Urban-style studio Close to Ruzafa for 4 guests,134221412,VLC Host,QUATRE CARRERES,MONT-OLIVET,39.46022808587978,-0.3635188800892627,Entire home/apt,89,1,1,2024-05-19,0.86,151,256,1,NA
1142527605424466700,Comfortable Studio Near Ruzafa - Perfect for 4 Guests,134221412,VLC Host,QUATRE CARRERES,MONT-OLIVET,39.45911,-0.36294,Entire home/apt,91,1,4,2024-06-17,4,151,264,4,NA
1142602336558705400,Apartamento en Valencia próximamente,574167405,Anna Nune,BENICALAP,CIUTAT FALLERA,39.4985947,-0.3942624,Entire home/apt,125,20,0,NA,NA,1,243,0,NA
1142663779542758700,Modern Studio in Proximity to Ruzafa - Ideal for 4,134221412,VLC Host,QUATRE CARRERES,MONT-OLIVET,39.46086,-0.3622,Entire home/apt,89,1,2,2024-05-16,1.46,151,266,2,NA
1142747741211151600,Your Trip Flat,574209528,Rocio,CAMINS AL GRAU,ALBORS,39.469313590327495,-0.3489285149385146,Entire home/apt,195,3,0,NA,NA,1,15,0,NA
1142761424401889300,Las Ciencias I,333736576,Laura,QUATRE CARRERES,CIUTAT DE LES ARTS I DE LES CIENCIES,39.4542153,-0.358973,Entire home/apt,95,4,0,NA,NA,18,264,0,NA
1142773509723460500,Las Ciencias II,333736576,Laura,QUATRE CARRERES,CIUTAT DE LES ARTS I DE LES CIENCIES,39.454568159180525,-0.35801334651729105,Entire home/apt,105,3,4,2024-06-02,3,18,260,4,NA
1142868714264236200,"Oriola 35, Apart A",513782103,Thomas,LA SAIDIA,MORVEDRE,39.4846974,-0.3774115,Entire home/apt,104,1,0,NA,NA,2,355,0,NA
1142872215915163500,"Oriola 35, Apart B",513782103,Thomas,LA SAIDIA,MORVEDRE,39.4846974,-0.3774115,Entire home/apt,130,1,2,2024-06-07,2,2,269,2,NA
1142877502210948600,Apartamento reformado en Valencia,240508722,Pablo,PATRAIX,PATRAIX,39.4608028,-0.3948629,Entire home/apt,65,30,0,NA,NA,1,219,0,NA
1143255622838832100,Alquilo Piso Completo,335618253,Karla,CAMINS AL GRAU,PENYA-ROJA,39.45958640000001,-0.3499367,Entire home/apt,314,7,0,NA,NA,3,265,0,NA
1143268938888671500,Spectacular renovated studio penthouse,554419322,Evi,EXTRAMURS,LA ROQUETA,39.46578,-0.37919,Entire home/apt,177,1,2,2024-06-03,1.67,6,323,2,NA
1143271477428458800,Apartamento artes 10/10   LF34,37122909,Marisa Make It Med,EL PLA DEL REAL,EXPOSICIO,39.47644780949917,-0.3606402740294238,Entire home/apt,92,2,4,2024-06-09,3.53,11,60,4,NA
1143333476310641400,Céntrico y luminoso,281659426,Andrea Cayetana,L'EIXAMPLE,RUSSAFA,39.46112670859792,-0.3714160844794398,Entire home/apt,110,2,2,2024-06-02,1.36,2,202,2,NA
1143356154679694100,1A - Spacious apartment in Ruzafa,456135217,Julio,QUATRE CARRERES,EN CORTS,39.458263899568934,-0.3704917222180185,Entire home/apt,211,3,2,2024-06-16,2,52,270,2,NA
1143368150108697100,200m Patacona/Malvarrosa WiFi Totalmente Equipado,453044325,Nicolás,POBLATS MARITIMS,LA MALVA-ROSA,39.4813609,-0.3285305,Entire home/apt,105,1,3,2024-06-20,3,1,25,3,NA
1143430744278782800,Apt. centro histórico Valencia,19853143,Carlos Y Paula,CIUTAT VELLA,LA SEU,39.4760714,-0.3759573,Entire home/apt,103,2,6,2024-06-09,5.14,7,37,6,NA
1143446629120652e3,1C - Spacious apartment in Ruzafa,456135217,Julio,QUATRE CARRERES,EN CORTS,39.45837,-0.36995,Entire home/apt,156,3,2,2024-06-16,2,52,276,2,NA
1143446632831303800,1B - Spacious apartment in Ruzafa,456135217,Julio,L'EIXAMPLE,RUSSAFA,39.45941630308141,-0.3700584823894872,Entire home/apt,234,3,2,2024-06-09,2,52,285,2,NA
1143454808264280400,Ciudad de las Ciencias 1,219216773,Vicente,QUATRE CARRERES,MONT-OLIVET,39.457014376466915,-0.3663905287190653,Entire home/apt,73,3,6,2024-06-21,6,1,243,6,VT-55461-V
1143485456124725900,1D - Spacious apartment in Ruzafa,456135217,Julio,L'EIXAMPLE,RUSSAFA,39.46034613840183,-0.3705271104977412,Entire home/apt,208,3,0,NA,NA,52,273,0,NA
1143485501527074700,1F - Spacious apartment in Ruzafa,456135217,Julio,L'EIXAMPLE,RUSSAFA,39.460213858873,-0.3700220442298257,Entire home/apt,264,3,0,NA,NA,52,295,0,NA
1143552766207312400,1G - Spacious apartment in Ruzafa,456135217,Julio,QUATRE CARRERES,EN CORTS,39.45802,-0.36987,Entire home/apt,144,3,2,2024-06-16,2,52,303,2,NA
1144221879917227300,Bear Homes Olimpia Valencia,574534806,Gunnar Henrik,L'OLIVERETA,NOU MOLES,39.4697766,-0.3930213,Entire home/apt,157,1,7,2024-06-05,4.29,1,265,7,VT-54049-V
1144255618105658100,3D - Loft in the heart of Ruzafa,456135217,Julio,QUATRE CARRERES,EN CORTS,39.45838568176754,-0.3713783337079173,Entire home/apt,101,3,3,2024-06-15,3,52,299,3,NA
1144307642841786600,Apartamento en la playa El Saler,156993912,Begoña,POBLATS DEL SUD,EL SALER,39.36226,-0.32183,Entire home/apt,175,1,0,NA,NA,1,240,0,NA
1144762350813781500,3E - Loft in the heart of Ruzafa,456135217,Julio,QUATRE CARRERES,EN CORTS,39.45829,-0.3715,Entire home/apt,94,3,1,2024-06-05,1,52,304,1,NA
1144796920466764800,Apartamento Ciudad las Ciencias,574646118,Ana,QUATRE CARRERES,CIUTAT DE LES ARTS I DE LES CIENCIES,39.450167400000005,-0.3633275037048356,Entire home/apt,200,3,3,2024-06-04,1.88,1,129,3,NA
1144821396106369e3,Apartment Navarro with terrace,154048802,René,POBLATS MARITIMS,CABANYAL-CANYAMELAR,39.4705628,-0.3293282,Entire home/apt,113,3,5,2024-06-03,3,30,204,5,NA
1144926658261850100,Estudio Malvabeach,547077018,Pablo,POBLATS MARITIMS,LA MALVA-ROSA,39.480408384036664,-0.3285901222485078,Entire home/apt,109,1,4,2024-06-02,3.33,1,73,4,NA
1144962837214860700,Piso con terraza en Ruzafa,2534121,Patricia,L'EIXAMPLE,RUSSAFA,39.46061266552667,-0.36979332092368133,Entire home/apt,350,1,0,NA,NA,1,262,0,NA
1144982647654261800,Cosy studio between beach & city centre (B),3397546,Olga,ALGIROS,L'ILLA PERDUDA,39.46926,-0.34179,Entire home/apt,117,2,1,2024-06-16,1,8,216,1,NA
1.1450236011559119e+18,Caravana en la playa de Pinedo,470533277,Ingrid,POBLATS DEL SUD,PINEDO,39.40861555245264,-0.33507406432064996,Entire home/apt,65,2,0,NA,NA,1,33,0,NA
1145106173050203600,¡Lujoso y moderno apartamento en centro histórico!,572767607,Adrian,CIUTAT VELLA,EL MERCAT,39.47317442172058,-0.3780241824616325,Entire home/apt,67,3,8,2024-06-19,5.71,2,72,8,NA
1145396632959055100,"Next to the Turia Garden, apartment",574800622,Maria,CAMPANAR,LES TENDETES,39.48541115481111,-0.38694853809813745,Entire home/apt,97,2,5,2024-06-16,5,1,149,5,VT-54639-V
1145463928355936e3,piso en la avenida del puerto,130708416,Aurelio,POBLATS MARITIMS,EL GRAU,39.45966,-0.33597,Entire home/apt,75,4,1,2024-05-17,0.81,4,125,1,NA
1145502976869464300,3F - Loft in the heart of Ruzafa,456135217,Julio,QUATRE CARRERES,EN CORTS,39.45805,-0.36978,Entire home/apt,94,3,2,2024-06-08,2,52,293,2,NA
1145516244549126900,3G - Loft in the heart of Ruzafa,456135217,Julio,L'EIXAMPLE,RUSSAFA,39.46024,-0.37196,Entire home/apt,94,3,2,2024-06-14,2,52,308,2,NA
1145537771300981900,Coqueto apartamento de diseño en la playa,574829980,Leonor,POBLATS MARITIMS,CABANYAL-CANYAMELAR,39.46814,-0.3302,Entire home/apt,105,15,0,NA,NA,1,223,0,NA
1145654812342708e3,2A - Complete apartment Ruzafa,456135217,Julio,L'EIXAMPLE,RUSSAFA,39.460086351814034,-0.3718852658093658,Entire home/apt,137,3,0,NA,NA,52,275,0,NA
1145658126985746200,Moderno apartamento a 7 min en coche al centro,574867762,Carlos,PATRAIX,SAFRANAR,39.46239072442912,-0.3970962802920597,Entire home/apt,91,3,6,2024-06-19,4.5,1,248,6,NA
1145700554314897900,2B - Complete apartment Ruzafa,456135217,Julio,L'EIXAMPLE,RUSSAFA,39.460361146578514,-0.3701604675544527,Entire home/apt,132,3,2,2024-06-16,2,52,270,2,NA
1145716348407896400,2C - Complete apartment Ruzafa,456135217,Julio,L'EIXAMPLE,RUSSAFA,39.45997434114363,-0.3704234582499996,Entire home/apt,137,3,2,2024-06-16,2,52,296,2,NA
1145727497712067300,2D - Complete apartment Ruzafa,456135217,Julio,L'EIXAMPLE,RUSSAFA,39.45972895705014,-0.3719427113224771,Entire home/apt,123,3,2,2024-06-16,2,52,308,2,NA
1145738314234157800,"Playa, Sol & Mar para 6 personas en ""El Cabanyal""",189526611,Ruben,POBLATS MARITIMS,CABANYAL-CANYAMELAR,39.471115637024,-0.3318091552358435,Entire home/apt,125,1,1,2024-06-17,1,24,119,1,NA
1145821639268609900,Comfort Flat Near City Plaza & Train Station,518790473,Juan,EXTRAMURS,LA ROQUETA,39.466844591017235,-0.379285463860364,Entire home/apt,96,4,0,NA,NA,6,5,0,NA
1146071790046878700,Casa en pleno centro con vistas,7995727,Ana,L'EIXAMPLE,LA GRAN VIA,39.46629964913443,-0.362484677246091,Entire home/apt,429,1,1,2024-06-02,1,1,236,1,NA
1146145751116686e3,Bonito apartamento en la playa,33133049,Eliza,POBLATS MARITIMS,LA MALVA-ROSA,39.48221,-0.32823,Entire home/apt,98,30,0,NA,NA,1,200,0,NA
1146238698086576100,2E - Complete apartment Ruzafa,456135217,Julio,QUATRE CARRERES,EN CORTS,39.45812869501573,-0.3704638507079916,Entire home/apt,119,3,2,2024-06-16,2,52,303,2,NA
1146285502450906800,Fantastic house next to the beach,456135217,Julio,POBLATS MARITIMS,CABANYAL-CANYAMELAR,39.47476958082084,-0.3282582405098443,Entire home/apt,196,3,4,2024-06-22,4,52,274,4,NA
1146290328473404900,2F - Complete apartment Ruzafa,456135217,Julio,L'EIXAMPLE,RUSSAFA,39.45993,-0.37024,Entire home/apt,123,3,1,2024-06-07,1,52,304,1,NA
1146302862491466900,Apt. Centrico en Valencia,7635377,Stefany,L'EIXAMPLE,LA GRAN VIA,39.46726875799618,-0.3620144720089478,Entire home/apt,341,3,0,NA,NA,1,268,0,NA
1146314926883571200,2G - Complete apartment Ruzafa,456135217,Julio,QUATRE CARRERES,EN CORTS,39.45825214082659,-0.3712764046239639,Entire home/apt,138,3,2,2024-06-09,2,52,293,2,NA
1146843605580872200,Elegante Loft con Jardín Privado y Piscina,117248818,Gestproyects,PATRAIX,VARA DE QUART,39.46022665009908,-0.41206169259033754,Entire home/apt,77,10,1,2024-06-07,1,4,219,1,NA
1146934227476521500,Stylish 2 Bedroom & 2 bathroom with Patio DG14D,556663220,Francisco De Paula Manuel,CAMINS AL GRAU,AIORA,39.46550441239066,-0.3485102223605906,Entire home/apt,139,1,4,2024-06-15,3.43,4,325,4,NA
1146955393753043500,Piso Valencia elegancia urbana,200074946,Marcus,LA SAIDIA,TRINITAT,39.4821158,-0.3705381,Entire home/apt,246,1,0,NA,NA,1,98,0,NA
1146958711222071800,Stylish 2 Bedroom & 2 bathroom with Patio DG14I,556663220,Francisco De Paula Manuel,CAMINS AL GRAU,AIORA,39.46602,-0.34849,Entire home/apt,133,1,2,2024-06-12,1.76,4,325,2,NA
1146997093071334100,Amplio apartamento ideal para parejas.,262387857,Gloria,ALGIROS,LA CARRASCA,39.47558400262139,-0.3445472677702854,Entire home/apt,89,1,8,2024-06-10,6.86,2,44,8,NA
1147046488898081400,Villa playa Valencia para grupo.,572679529,Javier,POBLATS MARITIMS,CABANYAL-CANYAMELAR,39.47277172335865,-0.3268133315155079,Entire home/apt,534,1,0,NA,NA,1,243,0,NA
1147062447235178800,Apartamento en el Cabañal FV,575207818,Ricardo,POBLATS MARITIMS,CABANYAL-CANYAMELAR,39.47175141435187,-0.33265448154647015,Entire home/apt,120,4,0,NA,NA,2,23,0,NA
1147145606020903800,Apartamento en el Cabañal PL,575207818,Ricardo,POBLATS MARITIMS,LA MALVA-ROSA,39.47491931807922,-0.32800945706965756,Entire home/apt,115,3,0,NA,NA,2,12,0,NA
1147156671319432400,Nuevo estudio junto a Ruzafa,5603919,Paco,QUATRE CARRERES,EN CORTS,39.457563000579874,-0.37179306149482727,Entire home/apt,91,2,4,2024-06-02,2.4,3,318,4,NA
1147194528394222e3,City Centre Apartment between Park and Stadium,5713618,Juliane,EL PLA DEL REAL,EXPOSICIO,39.47652,-0.36395,Entire home/apt,88,14,0,NA,NA,1,32,0,NA
1147194700253870700,Gran piso Ciudad Artes Ciencias,136762929,Lola,CAMINS AL GRAU,PENYA-ROJA,39.45997559259842,-0.3526320308446884,Entire home/apt,192,4,0,NA,NA,1,136,0,NA
1147563938897206500,Estudio Malvarrosa,575351368,Sergio,POBLATS MARITIMS,LA MALVA-ROSA,39.479668724226904,-0.3291993576721275,Entire home/apt,99,1,4,2024-06-11,3.24,3,73,4,NA
1147668267215644e3,Fisherman’s Cottage near Beach,13482781,Deborah,POBLATS MARITIMS,CABANYAL-CANYAMELAR,39.46822738612181,-0.33084837510576715,Entire home/apt,60,30,1,2024-05-24,1,1,272,1,NA
1147682391899840800,Apartamento Àgora. Apartaments La Ciutat,573801226,Infoarea,QUATRE CARRERES,MALILLA,39.4506868057573,-0.3732205251312215,Entire home/apt,144,1,2,2024-05-26,1.43,3,208,2,NA
1147696763761002900,Burriana Estudio 10,496589295,Coliving,L'EIXAMPLE,LA GRAN VIA,39.464677923903345,-0.36934806893621425,Entire home/apt,68,21,0,NA,NA,9,320,0,NA
1147750626348883e3,Apartamento L'Hemisfèric. Apartaments La Ciutat,573801226,Infoarea,QUATRE CARRERES,MALILLA,39.45053768452244,-0.3735209325408894,Entire home/apt,144,1,4,2024-06-16,2.86,3,181,4,NA
1147843440470657300,"Estudio playa de la Malvarrosa 
Valencia",106131202,Sonia,POBLATS MARITIMS,LA MALVA-ROSA,39.48023279431544,-0.32904937863349915,Entire home/apt,110,1,3,2024-06-16,3,2,17,3,NA
1147894207471449900,¡Bonito apartamento en Cánovas!,32773404,Tania,L'EIXAMPLE,LA GRAN VIA,39.46561,-0.36496,Entire home/apt,160,5,0,NA,NA,1,181,0,NA
1147986610463659500,Lujoso y coqueto apartamento,74254524,Jose Maria,POBLATS MARITIMS,EL GRAU,39.46010837728343,-0.339430533349514,Entire home/apt,110,3,0,NA,NA,2,271,0,NA
1148306832429211e3,Loft de diseño junto a la Dama de Elche,499336774,Brick,CAMPANAR,SANT PAU,39.48893,-0.39871,Entire home/apt,139,2,1,2024-05-19,0.86,2,193,1,NA
1148406470542031400,Edificio cerca de la playa,573603532,Scd,POBLATS MARITIMS,CABANYAL-CANYAMELAR,39.46429,-0.33168,Entire home/apt,300,1,0,NA,NA,3,24,0,NA
1148437202900544e3,4A - Loft in the heart of Ruzafa,456135217,Julio,QUATRE CARRERES,EN CORTS,39.45820096504173,-0.37171345442373993,Entire home/apt,148,3,0,NA,NA,52,66,0,NA
1148447597049232400,loft RuZ B Cerca Ruzafa/Ocanografic,67184747,Carlos,QUATRE CARRERES,EN CORTS,39.45572,-0.36953,Entire home/apt,89,2,4,2024-06-16,3.64,10,34,4,NA
1148470150402712200,4B - Loft in the heart of Ruzafa,456135217,Julio,QUATRE CARRERES,EN CORTS,39.4584709579899,-0.3699417417957462,Entire home/apt,101,3,0,NA,NA,52,108,0,NA
1148480279203018900,loft RuZ C Cerca de Ruzafa/Oceanografic,67184747,Carlos,QUATRE CARRERES,EN CORTS,39.45418865625133,-0.3715153197743872,Entire home/apt,79,2,2,2024-05-25,1.71,10,33,2,NA
1148481169474213400,Lovely 1BR/2FB Condo in Downtown with Terrace,417948112,Alexandra,CIUTAT VELLA,EL MERCAT,39.47273,-0.37801,Entire home/apt,138,1,0,NA,NA,131,250,0,NA
1148493583486283600,4C - Loft in the heart of Ruzafa,456135217,Julio,QUATRE CARRERES,EN CORTS,39.458738953707496,-0.3699213757840836,Entire home/apt,106,3,2,2024-06-09,2,52,313,2,NA
1148493847871524e3,Atico Love,500343338,Cristobal,L'EIXAMPLE,LA GRAN VIA,39.46401,-0.36464,Entire home/apt,92,60,0,NA,NA,13,245,0,NA
1148497250600521600,loft RuZ A Cerca de Ruzafa/Oceanografic VT55488V,67184747,Carlos,QUATRE CARRERES,EN CORTS,39.455758509174544,-0.3699976296502491,Entire home/apt,67,2,2,2024-06-21,1.87,10,32,2,NA
114850810766589e4,loft RuZ D Cerca de Ruzafa/Oceanografic,67184747,Carlos,QUATRE CARRERES,EN CORTS,39.454119535833016,-0.3699458074437539,Entire home/apt,74,2,4,2024-06-17,3.53,10,34,4,NA
1148509638051413e3,4D - Loft in the heart of Ruzafa,456135217,Julio,QUATRE CARRERES,EN CORTS,39.458233965117934,-0.3716993312302793,Entire home/apt,152,3,2,2024-06-10,2,52,280,2,NA
1148524806118841600,4E - Loft in the heart of Ruzafa,456135217,Julio,QUATRE CARRERES,EN CORTS,39.45842,-0.36998,Entire home/apt,102,3,1,2024-06-03,1,52,308,1,NA
1148543443035871200,4F - Loft in the heart of Ruzafa,456135217,Julio,L'EIXAMPLE,RUSSAFA,39.45989797884432,-0.37172073184819054,Entire home/apt,109,3,1,2024-06-20,1,52,301,1,NA
1148558483793586400,4G - Loft in the heart of Ruzafa,456135217,Julio,QUATRE CARRERES,EN CORTS,39.45827029100666,-0.371333212240224,Entire home/apt,112,3,3,2024-06-22,3,52,302,3,NA
1149177986304501200,Studio Aiora,515881670,Tatiana,CAMINS AL GRAU,AIORA,39.46460299912137,-0.34161653369665146,Entire home/apt,85,1,0,NA,NA,3,90,0,NA
1149240124938859500,Bajo en el centro de valencia,575751318,Pablo,QUATRE CARRERES,MALILLA,39.45481010599687,-0.37813918571970806,Entire home/apt,91,4,8,2024-06-10,5.71,1,201,8,NA
1149284033330414700,Elegante y nuevo,575764534,Filippo Maria,QUATRE CARRERES,EN CORTS,39.45750087203503,-0.37176623940467834,Entire home/apt,114,2,7,2024-06-18,5.25,3,253,7,NA
1149863068776394100,3 habitacion 2 baños cerca de la playa y C. Artes,49699750,Angela,CAMINS AL GRAU,LA CREU DEL GRAU,39.4597943,-0.3413846,Entire home/apt,55,30,0,NA,NA,2,141,0,NA
1149885621506333400,Amplio y colorido piso,575764534,Filippo Maria,QUATRE CARRERES,EN CORTS,39.45520987626484,-0.37307213991880417,Entire home/apt,124,2,3,2024-06-09,3,3,236,3,NA
1149976046063004e3,Cute & Comfort Studio E,561309948,Osito,CAMINS AL GRAU,AIORA,39.465628650089805,-0.34760209706939693,Entire home/apt,23,1,2,2024-06-07,1.4,17,326,2,NA
1150042658492786200,Zapa 7,80869460,Claudio,CIUTAT VELLA,LA SEU,39.47705329300598,-0.37444261720850447,Entire home/apt,86,2,1,2024-05-22,0.91,29,43,1,NA
1150051420356676100,Canovas Apartament,123160301,Place Your Place,L'EIXAMPLE,LA GRAN VIA,39.4677744,-0.3655123,Entire home/apt,103,28,0,NA,NA,51,115,0,NA
1150104736376222200,Apartamento Campanar Valencia,501217189,Jose Maria,CAMPANAR,CAMPANAR,39.48368562027006,-0.3959822282195091,Entire home/apt,120,6,1,2024-06-08,1,1,212,1,NA
1150453187766213e3,La Alfareria I Estudio,496589295,Coliving,POBLATS MARITIMS,CABANYAL-CANYAMELAR,39.46405,-0.33585,Entire home/apt,72,30,0,NA,NA,9,322,0,NA
1150514374341378600,Spacious Apartment in Valencia,43705585,Mayer,L'EIXAMPLE,RUSSAFA,39.46084,-0.36803,Entire home/apt,117,28,0,NA,NA,1,199,0,NA
1150541830927895200,Apartamento en el Cabanyal,563332958,Rafael,POBLATS MARITIMS,CABANYAL-CANYAMELAR,39.47341,-0.33289,Entire home/apt,104,6,0,NA,NA,2,355,0,NA
1150572257920666600,Apartamento A -  Cómodo y con estilo a estrenar,112413284,Pablo,CAMINS AL GRAU,AIORA,39.46354218451537,-0.3405089627054734,Entire home/apt,109,2,3,2024-06-02,2.57,3,128,3,NA
1150625293575249200,La Alfareria I Apartamento 3 habitaciones terraza,496589295,Coliving,POBLATS MARITIMS,EL GRAU,39.46192229521398,-0.3364980027615278,Entire home/apt,79,30,0,NA,NA,9,295,0,NA
1150631697798030700,1H - Attic with views in Ruzafa,456135217,Julio,QUATRE CARRERES,EN CORTS,39.458519989953494,-0.3698150140954537,Entire home/apt,182,3,0,NA,NA,52,208,0,NA
1150639819185757400,Two bedroom duplex for 6 guests next to Quart Towers,134221412,VLC Host,EXTRAMURS,EL BOTANIC,39.474882719344535,-0.38669001150507554,Entire home/apt,179,3,3,2024-06-15,3,151,308,3,NA
1150644582846444800,Spacious Studio Near Torres de Serrano for Six,134221412,VLC Host,LA SAIDIA,MORVEDRE,39.481732411843176,-0.37547660338819855,Entire home/apt,188,3,1,2024-05-19,0.83,151,272,1,NA
1150658251197037e3,aparmento en centro valencia 2,545934388,Zx,EXTRAMURS,LA ROQUETA,39.465496537402785,-0.3793270541120693,Entire home/apt,106,2,6,2024-06-09,4.19,2,113,6,NA
1150670009591064300,2H - Attic with views in Ruzafa,456135217,Julio,L'EIXAMPLE,RUSSAFA,39.45985379590019,-0.3720432840254645,Entire home/apt,145,3,0,NA,NA,52,307,0,NA
1150705966034746600,Valencia cerca de la playa,50125735,Vicent,POBLATS MARITIMS,BETERO,39.4723029,-0.3362141,Entire home/apt,120,10,0,NA,NA,3,23,0,NA
1150726041981758700,3H - Attic with views in Ruzafa,456135217,Julio,L'EIXAMPLE,RUSSAFA,39.46014,-0.37135,Entire home/apt,125,3,0,NA,NA,52,86,0,NA
1150734650362643e3,Cityscape central Retreats,576097773,Serhii,CIUTAT VELLA,EL MERCAT,39.47281380960433,-0.38015395107003863,Entire home/apt,109,2,6,2024-06-21,5,4,50,6,NA
1150735222696096100,the best experience Airbnb!,576127971,Daniela,CAMPANAR,SANT PAU,39.4941697,-0.402759,Entire home/apt,350,1,1,2024-05-24,1,1,263,1,NA
1150738174546975500,Loft Valencia al Mar,576128935,Jose Carlos,ALGIROS,LA CARRASCA,39.473,-0.33873,Entire home/apt,100,6,0,NA,NA,1,8,0,NA
1150746955125912400,Apartamento B - Cómodo y con estilo,112413284,Pablo,CAMINS AL GRAU,AIORA,39.46248,-0.34026,Entire home/apt,104,1,4,2024-06-18,4,3,206,4,NA
1150752633251129500,Apartamento C - Adaptado a movilidad reducida,112413284,Pablo,CAMINS AL GRAU,AIORA,39.46375,-0.33858,Entire home/apt,110,1,4,2024-06-13,3.43,3,203,4,NA
1150794456128893200,Central Modern Flat,576097773,Serhii,CIUTAT VELLA,EL PILAR,39.47423,-0.38168,Entire home/apt,101,2,3,2024-06-18,3,4,59,3,NA
1151143638610377100,Stylish 2 Bedroom 2 bathroom and patio. DG12I,41424043,Emma&Adrian,CAMINS AL GRAU,AIORA,39.465694114466785,-0.3507379899229093,Entire home/apt,177,1,5,2024-06-20,4.55,5,322,5,NA
1151152561557890400,Our Historic Apartment 4. Near the beach!,4096931,Jose,POBLATS MARITIMS,CABANYAL-CANYAMELAR,39.47051,-0.33001,Entire home/apt,99,3,2,2024-06-02,1.43,7,64,2,NA
1151161737855329e3,La Alfareria I Apartamento 2 habitaciones terraza,496589295,Coliving,POBLATS MARITIMS,CABANYAL-CANYAMELAR,39.46423615879135,-0.33463543296995446,Entire home/apt,68,30,0,NA,NA,9,277,0,NA
1151164528143106700,Stylish 2 Bedroom 2 bathroom and patio. DG12D,41424043,Emma&Adrian,CAMINS AL GRAU,AIORA,39.46511998725901,-0.3493703433245742,Entire home/apt,158,1,2,2024-06-18,2,5,328,2,NA
1151173673488387300,Estudio en el Cabanyal,563332958,Rafael,POBLATS MARITIMS,CABANYAL-CANYAMELAR,39.47278,-0.33155,Entire home/apt,88,5,0,NA,NA,2,225,0,NA
1151202478718153e3,Espacioso y acogedor apartamento,576250108,Ana Maria,EL PLA DEL REAL,MESTALLA,39.4740005,-0.3534417,Entire home/apt,175,3,0,NA,NA,1,48,0,NA
1151260401751675900,Green Relax Leones,562825494,Lucia,CAMINS AL GRAU,AIORA,39.467486486118645,-0.34690186015359803,Entire home/apt,95,2,4,2024-06-16,4,3,81,4,NA
1151271024604727e3,Cute & Comfort Studio D,561309948,Osito,CAMINS AL GRAU,AIORA,39.46675375165935,-0.3497709338292514,Entire home/apt,63,1,4,2024-06-15,2.93,17,303,4,NA
1151271238110037800,Cute & Comfort Studio F,561309948,Osito,CAMINS AL GRAU,AIORA,39.46587132980974,-0.3499658572195109,Entire home/apt,79,1,1,2024-05-15,0.75,17,320,1,NA
1151288192838379300,Hospedaje completo para 4 personas,513333999,Andres,CAMINS AL GRAU,LA CREU DEL GRAU,39.46164311307968,-0.3401654586195946,Entire home/apt,150,1,5,2024-06-15,3.57,4,344,5,NA
1151320692153692200,Cute & Comfort Studio G,561309948,Osito,CAMINS AL GRAU,AIORA,39.46538,-0.34937,Entire home/apt,90,1,1,2024-05-09,0.65,17,321,1,NA
1151401418694101100,Encantador Centro El Carmen Mercado Central,12524685,David,CIUTAT VELLA,EL MERCAT,39.476257475848456,-0.380847185333248,Entire home/apt,121,7,1,2024-06-04,1,17,65,1,NA
1151562914541350300,Clásico apartamento en El Cabanyal cerca del mar,555334257,Juanmi,POBLATS MARITIMS,CABANYAL-CANYAMELAR,39.4739442,-0.3295321,Entire home/apt,91,3,3,2024-06-17,3,3,234,3,NA
1151640359948873500,Apartamento con cocina y habitaciones individuales,172512652,Carlos Antonio,PATRAIX,SANT ISIDRE,39.4543029614825,-0.40391035623769106,Entire home/apt,90,1,1,2024-06-03,1,4,132,1,NA
1151849858667529200,Ciencias,532339032,Holidu,CAMINS AL GRAU,CAMI FONDO,39.46597390000001,-0.3556266,Entire home/apt,70,1,0,NA,NA,3,357,0,VT-51945-V
1151970544795840100,Уютные апартаменты в Валенсии.,364628343,Maksim,BENICALAP,CIUTAT FALLERA,39.49840142013618,-0.3938956993362374,Entire home/apt,75,1,3,2024-06-14,2.65,1,201,3,NA
1151986472225903900,Apartamento coqueto,142348833,Lachezar,L'EIXAMPLE,RUSSAFA,39.46304,-0.37394,Entire home/apt,70,1,8,2024-06-21,5.45,3,160,8,NA
1151995554416079900,Precioso bajo en el cabañal,499355436,Alvaro,POBLATS MARITIMS,CABANYAL-CANYAMELAR,39.46345,-0.33261,Entire home/apt,107,2,5,2024-06-22,3.49,1,217,5,NA
1152154859094195700,Casa Playa Cabanyal,117603598,Rami,POBLATS MARITIMS,CABANYAL-CANYAMELAR,39.466941363397616,-0.33266869448532077,Entire home/apt,146,1,1,2024-06-02,1,1,208,1,NA
1152193695571952100,LOFT3 junto Ruzafa & Ciudad Ciencias+Jardin,23572022,Francisco,QUATRE CARRERES,MONT-OLIVET,39.460042532155285,-0.3638739903540049,Entire home/apt,76,3,2,2024-06-08,2,13,234,2,NA
1152574742677167500,Zona Garbí - B,549699849,Holidu,BENICALAP,BENICALAP,39.4916335,-0.394495,Entire home/apt,211,1,0,NA,NA,5,364,0,VT-43830-V
1152665150062147200,bienvenida/o al abrazo de abuela,126248063,Naiara,L'OLIVERETA,NOU MOLES,39.47016834502832,-0.4010060057044029,Entire home/apt,80,1,2,2024-06-16,2,1,142,2,NA
1152704628368794600,Apartment in Valencia,88714670,Satu,QUATRE CARRERES,EN CORTS,39.453363736700766,-0.37254630296736657,Entire home/apt,120,2,0,NA,NA,3,173,0,NA
1152761869206312300,La Malva,200629096,Irina Florina,POBLATS MARITIMS,LA MALVA-ROSA,39.4813,-0.32944,Entire home/apt,109,2,4,2024-06-21,4,1,15,4,NA
1152787674002536700,Dorm4You Patraix,539223800,German,PATRAIX,PATRAIX,39.462919786527,-0.39670888465575,Entire home/apt,54,1,0,NA,NA,14,50,0,NA
1152812649727441900,GuestReady - Valencia's Sushine Terrace,576646309,Rute,QUATRE CARRERES,EN CORTS,39.45582,-0.37069,Entire home/apt,70,30,0,NA,NA,1,161,0,NA
1152954663547430100,Casa en zona tranquila,576696077,Mihaela,CAMPANAR,SANT PAU,39.49584436485002,-0.4244225426963079,Entire home/apt,109,1,1,2024-06-02,1,1,71,1,NA
1153091704902862800,"Уютная студия с кухней, балконом и отличным видом",505483712,Artemiy,RASCANYA,TORREFIEL,39.49702264004101,-0.3752417498965821,Entire home/apt,59,28,0,NA,NA,1,314,0,NA
1153381256167188200,Historic flat in central Ruzafa,82870315,Sarah,L'EIXAMPLE,RUSSAFA,39.45868,-0.37282,Entire home/apt,144,1,0,NA,NA,2,16,0,NA
1153414371019362300,Ermita apartamento.,576795258,Angeles,EXTRAMURS,LA ROQUETA,39.46525,-0.38026,Entire home/apt,103,3,2,2024-06-19,2,1,199,2,NA
115364892413207e4,Excelente apartamento en Amistat,184651689,Geronimo,CAMINS AL GRAU,AIORA,39.46844393661617,-0.3479427561863165,Entire home/apt,120,7,0,NA,NA,1,82,0,NA
11541524967309e5,Lovely flat,11619267,Angelica Maria,ALGIROS,L'AMISTAT,39.47362864656215,-0.35311415791511536,Entire home/apt,110,1,7,2024-06-16,5.68,1,39,7,NA
1154288795933069800,Gran Apartamento Valencia,361974031,Patrick,ALGIROS,L'AMISTAT,39.47143,-0.34972,Entire home/apt,253,1,1,2024-06-03,1,8,134,1,NA
1154527863725929500,Loft Industrial Doble Altura,558878496,Gemma,POBLATS MARITIMS,NATZARET,39.449686583600254,-0.33451974391937256,Entire home/apt,105,2,7,2024-06-10,5.83,12,41,7,NA
1154874205415363e3,Cozy and light flat in Valencia,577105947,Olga,BENICALAP,CIUTAT FALLERA,39.50017,-0.39205,Entire home/apt,106,2,2,2024-06-03,2,1,32,2,NA
1154912397012872200,Espectacular apartamento,510830861,Johana,PATRAIX,VARA DE QUART,39.46139980491824,-0.41357818990945816,Entire home/apt,238,2,0,NA,NA,1,136,0,NA
1154982636832026400,"Modern 2-Bed in Montolivet, Valencia - Mid-Term",40049184,Lianne,QUATRE CARRERES,MONT-OLIVET,39.45947780754823,-0.3643180802464486,Entire home/apt,110,60,0,NA,NA,1,285,0,NA
1155089812157305600,Mediterraneum. Suite F.,576804971,Ruddy,CAMINS AL GRAU,LA CREU DEL GRAU,39.46353271951459,-0.34906132447750643,Entire home/apt,56,1,0,NA,NA,3,213,0,NA
1155089963111217200,Mediterraneum. Flat E,576804971,Ruddy,CAMINS AL GRAU,LA CREU DEL GRAU,39.46373447442602,-0.34876664977724314,Entire home/apt,60,1,0,NA,NA,3,41,0,NA
1155090184313116400,Mediterraneum Suite D,576804971,Ruddy,CAMINS AL GRAU,LA CREU DEL GRAU,39.46346,-0.34875,Entire home/apt,56,1,0,NA,NA,3,39,0,NA
1155203139751936500,Modern apartment by Ruzafa,35220613,Desislava,QUATRE CARRERES,EN CORTS,39.45715400267536,-0.37390798330307007,Entire home/apt,128,3,1,2024-06-21,1,1,58,1,NA
1155492548952665e3,3 bedrooms Central apartment,576606073,Lino,LA SAIDIA,MORVEDRE,39.4829,-0.37403,Entire home/apt,94,1,5,2024-06-17,4.05,1,86,5,NA
1155515912692741600,Loft Apartment Vent de Vela  1,577271195,Estudio Macoa,POBLATS MARITIMS,CABANYAL-CANYAMELAR,39.473895,-0.3330854,Entire home/apt,106,2,6,2024-06-17,5.62,7,293,6,NA
1155598460926012e3,Piso en Valencia a 10 min playa,110141427,Jorge,CAMINS AL GRAU,AIORA,39.46507,-0.34632,Entire home/apt,120,5,0,NA,NA,1,105,0,NA
1155716985680726800,Apartamento en el Perellonet,252361206,Agustín,POBLATS DEL SUD,EL PERELLONET,39.28383,-0.28055,Entire home/apt,80,15,0,NA,NA,1,318,0,NA
1155823738234673200,Artes y Oficios Apartament I,123160301,Place Your Place,CAMINS AL GRAU,ALBORS,39.46806152018375,-0.35316042602062225,Entire home/apt,109,4,2,2024-05-26,1.71,51,79,2,VT-55207-V
1155860608515711e3,Artes y Oficios Apartament II,123160301,Place Your Place,CAMINS AL GRAU,ALBORS,39.46799248940751,-0.3530603386230524,Entire home/apt,109,4,1,2024-06-10,1,51,101,1,VT-55208-V
1155879810393016800,Apart-Estudio Parc de l'Oest,577375546,Rymma,PATRAIX,PATRAIX,39.4638655782077,-0.3938264049066974,Entire home/apt,78,1,2,2024-06-03,2,1,40,2,NA
1155964260107748e3,"Céntrico, coqueto y vintage",575764534,Filippo Maria,QUATRE CARRERES,EN CORTS,39.45786406014054,-0.371825248003006,Entire home/apt,109,2,7,2024-06-20,6,3,237,7,NA
1155985645687803e3,Amazing and cozy flat in Valencia,521596913,Bohdana,JESUS,L'HORT DE SENABRE,39.4551845140776,-0.3889746218919754,Entire home/apt,95,1,4,2024-06-02,3.16,2,351,4,NA
1156003339683542e3,Apartamento espacioso en valencia,172512652,Carlos Antonio,LA SAIDIA,TORMOS,39.48901,-0.38408,Entire home/apt,86,1,1,2024-05-31,1,4,43,1,NA
1156296797170500600,Loft Apartment Vent de Vela 2,577271195,Estudio Macoa,POBLATS MARITIMS,CABANYAL-CANYAMELAR,39.473895,-0.3330854,Entire home/apt,95,2,6,2024-06-11,4.86,7,251,6,NA
1156330681538497800,Loft Apartment Vent de Vela 3,577271195,Estudio Macoa,POBLATS MARITIMS,CABANYAL-CANYAMELAR,39.47391156348224,-0.3331497730163524,Entire home/apt,101,2,7,2024-06-20,5.83,7,276,7,NA
1156334693773331700,GuestReady - Flat near Malvarrosa Beach Valencia,526656769,GuestReady,POBLATS MARITIMS,LA MALVA-ROSA,39.47915,-0.3309,Entire home/apt,75,1,0,NA,NA,1,292,0,NA
1156342030001259300,Apartamento centro,18463780,Permafrost,CIUTAT VELLA,EL MERCAT,39.47547,-0.37907,Entire home/apt,111,2,0,NA,NA,27,88,0,NA
1156348696340527600,Piso céntrico de 3 habitaciones,577484429,Antonio,L'OLIVERETA,NOU MOLES,39.47194396661456,-0.39383547455966467,Entire home/apt,176,3,1,2024-06-16,1,1,155,1,NA
1156353124111433200,Loft Apartment Vent de Vela 6,577271195,Estudio Macoa,POBLATS MARITIMS,CABANYAL-CANYAMELAR,39.473895,-0.3330854,Entire home/apt,90,2,5,2024-06-16,4.17,7,268,5,NA
1156377386700701200,Loft Lux Apartment Vent de Vela,577271195,Estudio Macoa,POBLATS MARITIMS,CABANYAL-CANYAMELAR,39.473895,-0.3330854,Entire home/apt,127,2,3,2024-06-21,3,7,295,3,NA
1156488646690399500,Almar Collection Belmar Bajo Dch,500117969,Tamara,EXTRAMURS,ARRANCAPINS,39.4648298,-0.3882079,Entire home/apt,197,3,0,NA,NA,8,346,0,NA
1156520768382438100,Apartamento tranquilo y acogedor,22141319,Beni,L'OLIVERETA,SOTERNES,39.47059,-0.41394,Entire home/apt,80,1,0,NA,NA,2,66,0,NA
1156567343789233e3,Digital nomad apt center,460043598,Vik,QUATRE CARRERES,MONT-OLIVET,39.46030913398408,-0.3631331955475156,Entire home/apt,87,26,0,NA,NA,3,35,0,NA
1157017319680779500,A (va070.8) Th Mediterranean Suites 8,97229818,Travel Habitat,CAMINS AL GRAU,AIORA,39.46428,-0.34021,Entire home/apt,138,1,0,NA,NA,45,295,0,NA
1157071673569976600,2B- Estudio en el centro,72009114,Ciutat Vella,CIUTAT VELLA,EL MERCAT,39.47263,-0.3779,Entire home/apt,104,1,1,2024-06-07,1,10,179,1,NA
1157079276008077e3,The Soho Apartment in Ruzafa by Florit Flats,42125633,Florit,L'EIXAMPLE,RUSSAFA,39.46279675360545,-0.3772628075485275,Entire home/apt,151,1,1,2024-05-19,0.86,18,264,1,AT-41843-V
1157085660317842200,Disfruta de tu descanso,577658644,Claudio Maria,PATRAIX,FAVARA,39.45451,-0.39445,Entire home/apt,200,2,3,2024-06-17,2.57,1,247,3,NA
1157089813870796500,3A- Loft en el centro,72009114,Ciutat Vella,CIUTAT VELLA,EL MERCAT,39.471923657151805,-0.3795366362718193,Entire home/apt,97,1,0,NA,NA,10,194,0,NA
1157108159166466300,Estudio 4 Centro Histrico Valencia,568348803,Holidu,CIUTAT VELLA,EL CARME,39.4797772,-0.3799938,Entire home/apt,117,1,0,NA,NA,3,363,0,VT-37984-V
1157108707665702100,Loft 1º With Roof Terrace,568348803,Holidu,CIUTAT VELLA,EL CARME,39.4797772,-0.3799938,Entire home/apt,111,1,0,NA,NA,3,365,0,VT-37980-V
1157125804103131600,City centre apartment,29687939,Radna,CIUTAT VELLA,EL MERCAT,39.47573961047017,-0.3797132029397254,Entire home/apt,149,2,2,2024-06-08,2,1,14,2,NA
1.1571297269387039e+18,A (va070.5) Th Mediterranean Suites 5,97229818,Travel Habitat,CAMINS AL GRAU,AIORA,39.46414,-0.33932,Entire home/apt,132,1,0,NA,NA,45,298,0,NA
1157157371043032300,Central Penthouse,4984249,Liusy,CIUTAT VELLA,EL CARME,39.478640228757264,-0.3815086930990219,Entire home/apt,126,2,6,2024-06-19,5.45,2,64,6,NA
1157200843450935e3,Siéntete como en casa en tu visita a Valencia,52970648,Eduardo,L'OLIVERETA,NOU MOLES,39.47238,-0.39972,Entire home/apt,90,30,0,NA,NA,3,73,0,NA
1157317220096513800,Casa luminosa y espaciosa,277198016,Alvaro,EL PLA DEL REAL,MESTALLA,39.47545,-0.35349,Entire home/apt,111,7,0,NA,NA,2,156,0,NA
1157333035277624600,Piso en Valencia,47223754,María Paula,POBLATS MARITIMS,EL GRAU,39.46086,-0.33495,Entire home/apt,85,8,0,NA,NA,1,31,0,NA
1157754343688622300,Piso Pintor Maella 2,487998911,Tomáš,CAMINS AL GRAU,PENYA-ROJA,39.46047156665097,-0.3475775502624501,Entire home/apt,99,2,1,2024-06-02,1,2,66,1,NA
1157776935004945400,"Loft A5 Benicalap, Palacio Congresos",210705837,Roberto,BENICALAP,BENICALAP,39.49717279007518,-0.3918102989013898,Entire home/apt,137,1,1,2024-06-16,1,4,63,1,VT54511-V
1157841322120753e3,Almar Collection Belmar Bajo Izq,500117969,Tamara,EXTRAMURS,ARRANCAPINS,39.46483,-0.38821,Entire home/apt,184,1,0,NA,NA,8,328,0,NA
1157906663072141800,A 2 km de la playa y en la ciudad.,15845592,Beatriz,BENIMACLET,BENIMACLET,39.48669,-0.35671,Entire home/apt,90,10,1,2024-06-20,1,1,18,1,NA
1158472067839681e3,Disfruta de Valencia playa y ciudad en septiembre,52785462,Mina,L'OLIVERETA,NOU MOLES,39.468300405469776,-0.392297684498829,Entire home/apt,179,7,0,NA,NA,1,196,0,NA
1158495392255760600,Marina Real_Apartment,97352565,Ángel,POBLATS MARITIMS,EL GRAU,39.46230868767268,-0.33660837253415554,Entire home/apt,240,14,1,2024-06-05,1,3,230,1,NA
1158500804351826200,Espacio amplio y agradable,3641729,Glenny,POBLATS MARITIMS,CABANYAL-CANYAMELAR,39.46577,-0.32992,Entire home/apt,90,5,0,NA,NA,1,43,0,NA
1158508902963613700,La casa de Andrea,353947430,Giuseppe,ALGIROS,L'AMISTAT,39.4725,-0.35356,Entire home/apt,106,5,1,2024-06-10,1,1,16,1,NA
1158587746084081400,"Apartamento zona puerto, artes y ciencias MNA2",515074452,Anselmo,POBLATS MARITIMS,EL GRAU,39.459809,-0.3380524,Entire home/apt,120,3,0,NA,NA,6,65,0,NA
1158840777942102e3,"Apartment in Cabanayal, -Beach",425549869,Anna,POBLATS MARITIMS,CABANYAL-CANYAMELAR,39.46734131960288,-0.32672598405071523,Entire home/apt,126,4,0,NA,NA,1,140,0,NA
1159175703487832600,"NUEVO Apto. A - Cerca del metro, la playa y Turia",546607750,Dmitry,ALGIROS,CIUTAT JARDI,39.47233855422228,-0.3477121588607779,Entire home/apt,99,1,4,2024-06-16,4,3,52,4,VT-54413-V
1159179044021351200,Sky Penthouse,259818206,Bohdan,JESUS,L'HORT DE SENABRE,39.45515578188236,-0.3890061378479004,Entire home/apt,97,1,3,2024-06-17,3,2,351,3,NA
1159360122569321700,Nuevo Apartamento De 3 Habitaciones En El Centro,361974031,Patrick,L'EIXAMPLE,RUSSAFA,39.4628399629698,-0.3745223291612939,Entire home/apt,164,1,3,2024-06-14,3,8,136,3,NA
1159374386856684e3,Apartamento Yecla,361974031,Patrick,ALGIROS,L'AMISTAT,39.472835768385046,-0.3498299355681957,Entire home/apt,155,1,2,2024-06-07,2,8,241,2,NA
1159407533696768500,Apartamento en plaza del Carmen,577567578,Lara,CIUTAT VELLA,EL CARME,39.479125,-0.3780409,Entire home/apt,107,2,0,NA,NA,1,320,0,NA
1159420093798927400,Apartamento cama matrimonio Lebón,578264826,Dorma,CAMINS AL GRAU,CAMI FONDO,39.46472,-0.35181,Entire home/apt,169,4,0,NA,NA,1,7,0,NA
1159939895881295e3,New Calabuig Apartament 1,578379703,Lolita,POBLATS MARITIMS,EL GRAU,39.459962,-0.3331174,Entire home/apt,132,1,0,NA,NA,5,117,0,NA
1.1601044948026401e+18,Las Arenas Suites 1,566747909,Alicia,POBLATS MARITIMS,CABANYAL-CANYAMELAR,39.4656902,-0.3321733,Entire home/apt,106,2,2,2024-06-16,2,3,263,2,NA
1160119280487099600,Estudio a 50 metros de la playa,534161844,Jose Luis,POBLATS MARITIMS,LA MALVA-ROSA,39.48111865121532,-0.3271319721990284,Entire home/apt,108,2,1,2024-06-09,1,3,338,1,NA
1160297764545466e3,Ático con gran terraza Mestalla,37869923,Vicente,CAMINS AL GRAU,ALBORS,39.46948,-0.35489,Entire home/apt,120,1,0,NA,NA,1,78,0,NA
1160333700372324400,Buenos Aires Blues,487327510,Vlc,L'EIXAMPLE,RUSSAFA,39.4615498,-0.3771344,Entire home/apt,106,2,0,NA,NA,1,333,0,NA
1160406849136331300,"Piso completo, dos balcones",578389331,Miguel,JESUS,SANT MARCEL.LI,39.4445977,-0.3896614,Entire home/apt,70,4,0,NA,NA,1,180,0,NA
1160575068007387e3,Precioso apartamento en la playa,398852826,Carla,POBLATS MARITIMS,CABANYAL-CANYAMELAR,39.46734,-0.32998,Entire home/apt,94,2,4,2024-06-15,4,3,70,4,NA
1160640048289559800,Casa Playera 2H/1B Valencia,503645334,Housingvlc,POBLATS MARITIMS,LA MALVA-ROSA,39.48271,-0.3268,Entire home/apt,142,4,3,2024-06-16,3,6,94,3,NA
1160669816391947500,Estudio en centro,18463780,Permafrost,CIUTAT VELLA,LA SEU,39.47577,-0.37626,Entire home/apt,87,1,0,NA,NA,27,42,0,NA
1160793284826958300,Luxury Apartment in the Center 2-4P,503645334,Housingvlc,EXTRAMURS,LA ROQUETA,39.4660728,-0.3806823,Entire home/apt,150,3,1,2024-06-09,1,6,109,1,VT-55121-V
1160803119180069e3,Piso en pleno casco histórico,83005171,David,CIUTAT VELLA,EL PILAR,39.4754734,-0.3821604,Entire home/apt,86,28,0,NA,NA,1,360,0,NA
1160852827177389800,Luxury Apartment in Center 4-6P,503645334,Housingvlc,EXTRAMURS,LA ROQUETA,39.4660728,-0.3806823,Entire home/apt,211,3,0,NA,NA,6,249,0,VT-55121-V
1160920925623369e3,Mestalla River Apartment,1180427,Marcos,EL PLA DEL REAL,MESTALLA,39.4700365,-0.3573164,Entire home/apt,1000,1,0,NA,NA,1,134,0,NA
1160926624076123600,Aire,343064389,Raul,POBLATS MARITIMS,NATZARET,39.451428663816074,-0.33376503735780716,Entire home/apt,118,3,1,2024-06-03,1,2,245,1,NA
1160973979755420400,Loft Apartment Vent de Vela 5,577271195,Estudio Macoa,POBLATS MARITIMS,CABANYAL-CANYAMELAR,39.473895,-0.3330854,Entire home/apt,93,2,1,2024-06-19,1,7,270,1,NA
1160975864585402600,Apartamento luminoso y tranquilo,343052274,Mònica,BENIMACLET,BENIMACLET,39.485786535136434,-0.3564451262354851,Entire home/apt,121,2,0,NA,NA,1,49,0,NA
1161023170360187100,Apartamento en Valencia,487566195,Nicolas,POBLATS MARITIMS,BETERO,39.46954,-0.33568,Entire home/apt,120,15,0,NA,NA,1,47,0,NA
1161299244267684900,Elegante Loft con Jardín Privado y Piscina,117248818,Gestproyects,PATRAIX,VARA DE QUART,39.46032594448896,-0.4131563103665295,Entire home/apt,69,10,0,NA,NA,4,144,0,NA
1161318539430784300,Artes y ciencias D with fast Wifi and terrace,524635391,Ayres,QUATRE CARRERES,MONT-OLIVET,39.45900899999999,-0.3620558,Entire home/apt,111,5,1,2024-06-10,1,6,256,1,NA
1161352112892374300,Tierra,343064389,Raul,POBLATS MARITIMS,NATZARET,39.45011039365527,-0.33426661044359207,Entire home/apt,119,3,1,2024-06-01,1,2,180,1,NA
1161358400784896500,New Calabuig Apartament 2,578379703,Lolita,POBLATS MARITIMS,EL GRAU,39.46107166969119,-0.33275178324082383,Entire home/apt,109,1,0,NA,NA,5,113,0,NA
1161360060093376500,"New Loft park central, biopark",211991268,ValenciaGUEST,CAMPANAR,SANT PAU,39.47481984421611,-0.4094104827097535,Entire home/apt,120,1,1,2024-06-02,1,93,114,1,NA
1161361305294131e3,New Calabuig Apartaments 3,578379703,Lolita,POBLATS MARITIMS,EL GRAU,39.459962,-0.3331174,Entire home/apt,166,1,0,NA,NA,5,89,0,NA
1161365248138607600,New Calabuig Apartaments 4,578379703,Lolita,POBLATS MARITIMS,EL GRAU,39.459962,-0.3331174,Entire home/apt,143,1,0,NA,NA,5,71,0,NA
1161367664904304400,New Calabuig Apartaments 5,578379703,Lolita,POBLATS MARITIMS,EL GRAU,39.459962,-0.3331174,Entire home/apt,113,1,0,NA,NA,5,113,0,NA
1161378604662524200,casa bigotes,379417605,Rafael,POBLATS MARITIMS,CABANYAL-CANYAMELAR,39.463604361877685,-0.3302480076404725,Entire home/apt,96,1,0,NA,NA,1,223,0,NA
116139075407494e4,Piso en el centro de Valencia,104348482,Pilar,CIUTAT VELLA,LA XEREA,39.47457821759911,-0.37027148739929433,Entire home/apt,114,2,3,2024-06-03,3,8,223,3,NA
11614109828671e5,Bedtime Suites 2 by Concept Flats,432981976,Joan,LA SAIDIA,MORVEDRE,39.48374,-0.37496,Entire home/apt,130,1,0,NA,NA,21,215,0,NA
1161420632526750500,Apartamento de lujo en la playa,515224671,Mikel,POBLATS DEL SUD,EL PERELLONET,39.30648,-0.29625,Entire home/apt,110,6,0,NA,NA,1,38,0,NA
1161430075323695400,Esteve Silence 2 dormitorios,308967204,Coroa Gestion,JESUS,LA RAIOSA,39.4572,-0.38526,Entire home/apt,1500,30,0,NA,NA,24,78,0,NA
1161441145838964200,Noja Suite,12044109,Invalencia Flats,CAMINS AL GRAU,LA CREU DEL GRAU,39.46103,-0.34785,Entire home/apt,135,1,0,NA,NA,25,169,0,NA
1161543361336061200,Piso zona Ruzafa,507166324,Pablo,L'EIXAMPLE,RUSSAFA,39.45943146628308,-0.3702286630868912,Entire home/apt,240,5,0,NA,NA,1,240,0,NA
1161556243582597400,Piso céntrico Bailén estación norte 2 minutos,576635271,Erika Paola,EXTRAMURS,LA ROQUETA,39.46705344960955,-0.37692786128516265,Entire home/apt,142,2,1,2024-06-02,1,5,85,1,NA
1161563015209774600,Lujoso 1 apartamento nuevo,576635271,Erika Paola,L'EIXAMPLE,RUSSAFA,39.46491225097159,-0.37626326224074,Entire home/apt,118,2,1,2024-06-03,1,5,90,1,NA
1161571717302840600,apartamento B de lujo,576635271,Erika Paola,EXTRAMURS,LA ROQUETA,39.46431699572493,-0.37818749828257087,Entire home/apt,114,1,1,2024-06-03,1,5,85,1,NA
1161571858345179600,Remarkable 3 bedroom Apartment in L'Eixample,439074505,Travelnest,L'EIXAMPLE,LA GRAN VIA,39.46532726170838,-0.3699074469873797,Entire home/apt,360,1,0,NA,NA,2,333,0,VT-46481-V
1161572106235092e3,Impresionante Loft con Terraza,578834646,Silvia,PATRAIX,PATRAIX,39.46126836474031,-0.3918676801803805,Entire home/apt,207,1,1,2024-05-30,1,3,333,1,NA
1161573382409478400,Favara Suites B by Concept Flats,578835111,Amaya,PATRAIX,PATRAIX,39.46093919382618,-0.3929031244093312,Entire home/apt,103,1,5,2024-06-21,5,1,340,5,NA
1161590236193116e3,Modern seaside apartment,578836914,Tina,POBLATS MARITIMS,EL GRAU,39.45831,-0.34034,Entire home/apt,117,2,1,2024-06-05,1,1,66,1,NA
1161607797150415e3,Bright 2br apartment in Downtown,791187,Inés,CIUTAT VELLA,EL PILAR,39.472183818690446,-0.38045644490568703,Entire home/apt,159,5,0,NA,NA,7,36,0,NA
1161615874719179300,Piso en el corazón de Ruzafa con reforma moderna.,130922128,Rafael,L'EIXAMPLE,RUSSAFA,39.46063,-0.3729,Entire home/apt,136,4,0,NA,NA,2,56,0,NA
1161629210380798700,Loft Apartment Vent de Vela 4,577271195,Estudio Macoa,POBLATS MARITIMS,CABANYAL-CANYAMELAR,39.473895,-0.3330854,Entire home/apt,114,2,4,2024-06-16,4,7,297,4,NA
1161636691198221e3,Bonito piso reformado con encanto,130922128,Rafael,L'EIXAMPLE,RUSSAFA,39.46109376676328,-0.3745129858915654,Entire home/apt,126,5,0,NA,NA,2,67,0,NA
1161660491263715600,Malvarrosa Suites,501323625,Roots Capital,POBLATS MARITIMS,LA MALVA-ROSA,39.4791,-0.33243,Entire home/apt,97,1,3,2024-06-16,3,6,230,3,NA
1161667455320977700,Malvarrosa Suites 2,501323625,Roots Capital,POBLATS MARITIMS,LA MALVA-ROSA,39.4791,-0.33243,Entire home/apt,89,1,1,2024-06-08,1,6,202,1,NA
1161728755066729500,Blue - Estupendo loft en Valencia,546305160,Barbara Andrea,CAMINS AL GRAU,AIORA,39.46407,-0.34408,Entire home/apt,104,2,1,2024-06-10,1,2,72,1,NA
116204812550109e4,Apartamento Artes Gráficas,37122909,Marisa Make It Med,EL PLA DEL REAL,EXPOSICIO,39.4761407,-0.360436,Entire home/apt,125,1,0,NA,NA,11,26,0,VT-55323-V
1162100805868125700,Piso amplio y con terrazas.,367896580,Isabel,POBLATS MARITIMS,EL GRAU,39.46278008172109,-0.3350480428607801,Entire home/apt,75,30,0,NA,NA,1,267,0,NA
1162129322882461200,Acogedor departamento playero,566882725,Alberto,POBLATS MARITIMS,CABANYAL-CANYAMELAR,39.47362162437867,-0.3307595951130306,Entire home/apt,129,4,1,2024-06-03,1,11,55,1,NA
1162157499292635100,Moderno apartamento en Valencia.,578988683,Joaquin,RASCANYA,SANT LLORENS,39.4926136,-0.3675901,Entire home/apt,130,1,0,NA,NA,1,266,0,NA
1162176964235202800,Apartamento en Valencia,533098263,Ian Gabriel,BENIMACLET,BENIMACLET,39.4851079,-0.3589335,Entire home/apt,100,1,0,NA,NA,1,217,0,NA
1162253799360552700,PortFront 3 bed Valencia Bergous,579016729,Davide,POBLATS MARITIMS,NATZARET,39.44834737680713,-0.33470539494707574,Entire home/apt,113,3,5,2024-06-12,5,1,252,5,NA
1162307457533655600,Estiloso Apartamento con Terraza,578834646,Silvia,JESUS,LA RAIOSA,39.45989,-0.38872,Entire home/apt,80,60,0,NA,NA,3,169,0,NA
1162354959931254e3,Elegante Apartamento con Terraza,578834646,Silvia,PATRAIX,PATRAIX,39.459683244699704,-0.3904273103769684,Entire home/apt,70,30,0,NA,NA,3,195,0,NA
1162432001043526100,Punta Marina Valencia,170435665,Irene,QUATRE CARRERES,LA PUNTA,39.4475411,-0.3355627,Entire home/apt,120,4,0,NA,NA,1,37,0,NA
1162449146530913500,Apartamento de luxe,522205233,Monte,BENICALAP,BENICALAP,39.49191317255576,-0.3835484017539456,Entire home/apt,260,2,0,NA,NA,21,208,0,NA
1162806851463829200,Nuevo Apartamento Playa Mediterraneo 01,579165591,Sandro,POBLATS MARITIMS,CABANYAL-CANYAMELAR,39.4648498,-0.3290136,Entire home/apt,88,1,0,NA,NA,3,59,0,NA
1162827535117906400,The Trafalgar Apartment 04 by Florit Flats,42125633,Florit,CAMINS AL GRAU,LA CREU DEL GRAU,39.46170631809342,-0.3438219055283243,Entire home/apt,121,1,2,2024-06-09,2,18,305,2,VT-55180-V
1162845472742744800,Mina Taibat Ruzafa,125037312,Claudia,L'EIXAMPLE,RUSSAFA,39.462507592298,-0.3750866811007662,Entire home/apt,80,30,0,NA,NA,30,268,0,NA
1162877896398503700,"Playa & Sol 6 personas en ""El Cabanyal""",189526611,Ruben,POBLATS MARITIMS,EL GRAU,39.46257983237814,-0.3306772259301059,Entire home/apt,124,1,1,2024-06-16,1,24,91,1,NA
1162900042450819300,GuestReady - A perfect stay in Ciutat Vella,579185050,Lara,CIUTAT VELLA,LA SEU,39.47583521773489,-0.37775202364514365,Entire home/apt,136,1,0,NA,NA,1,353,0,NA
1162985846438150100,Apartamento Ribera,125037312,Claudia,PATRAIX,PATRAIX,39.46399,-0.39487,Entire home/apt,62,30,0,NA,NA,30,113,0,NA
1162992114439396e3,House Boat Valencia,62385605,Marco,CAMINS AL GRAU,AIORA,39.46257,-0.3396,Entire home/apt,50,1,0,NA,NA,1,269,0,NA
1163004095728059400,Luminoso apartamento centro,28748709,Gema,LA SAIDIA,MORVEDRE,39.48145,-0.37737,Entire home/apt,200,10,0,NA,NA,1,74,0,NA
1163015754466847200,Beach Flat for Family & Groups,44450805,Sergio,CAMINS AL GRAU,LA CREU DEL GRAU,39.4607258,-0.3426461,Entire home/apt,150,4,0,NA,NA,29,148,0,VT-50926-V
1163444847904498400,Cosy home on wheels,28687008,Sara,POBLATS MARITIMS,CABANYAL-CANYAMELAR,39.46449841998056,-0.3266239109972304,Entire home/apt,100,4,1,2024-06-09,1,3,131,1,NA
1163513861281020700,"Central, great wifi",562037676,L,QUATRE CARRERES,MONT-OLIVET,39.45891849482649,-0.363440059379946,Entire home/apt,33,28,0,NA,NA,1,32,0,NA
1163522557715223e3,¡Alojamiento ideal en Valencia!,566845355,Nacho,ALGIROS,L'ILLA PERDUDA,39.47121821773331,-0.340972564225509,Entire home/apt,171,5,0,NA,NA,26,57,0,NA
1163528247096392e3,Single Standard Viveros,579351535,Livensa Living,LA SAIDIA,MORVEDRE,39.4851576,-0.3752845,Entire home/apt,500,1,0,NA,NA,1,271,0,NA
1163550318020356e3,Espectacular Apartamento,579354760,Aitor,EL PLA DEL REAL,MESTALLA,39.47105,-0.35689,Entire home/apt,154,6,0,NA,NA,1,64,0,NA
1163600953535092700,Miniapt. Torres Serrano/río/parque @valenciayole,33118074,Christian,LA SAIDIA,MORVEDRE,39.48193,-0.3767,Entire home/apt,50,7,1,2024-06-08,1,5,60,1,NA
1163656449564408800,Renovaremos moderno apartment with 3 bedrooms,87010317,Jose,EXTRAMURS,ARRANCAPINS,39.4634729,-0.3827259,Entire home/apt,99,30,0,NA,NA,1,116,0,NA
1163681614190020900,Loft 3er piso,568348898,Holidu,CIUTAT VELLA,EL CARME,39.47977202434867,-0.37992674477462574,Entire home/apt,70,1,1,2024-06-01,1,1,361,1,VT-37982-V
1.1638769652906081e+18,Sweet Suites,579448331,JosÉ MarÍA,CAMINS AL GRAU,AIORA,39.4659676,-0.3480122,Entire home/apt,114,6,3,2024-06-16,3,1,151,3,NA
1164254550249584400,Nuevo Apartamento Playa Mediterraneo 04,579165591,Sandro,POBLATS MARITIMS,CABANYAL-CANYAMELAR,39.4648498,-0.3290136,Entire home/apt,124,1,0,NA,NA,3,36,0,NA
1164256384422497800,Nuevo Apartamento Playa Mediterraneo 03,579165591,Sandro,POBLATS MARITIMS,CABANYAL-CANYAMELAR,39.4648498,-0.3290136,Entire home/apt,104,1,1,2024-06-15,1,3,58,1,NA
1164446721754838500,Newly Renovated LOFT near The City Center,513997824,Yana,CAMINS AL GRAU,ALBORS,39.47109150386775,-0.35385131791088803,Entire home/apt,93,5,0,NA,NA,8,4,0,NA
1165345470135775700,Lofts J.Mª Orense D. Amplio y cercano a la playa.,314098619,Cromo,ALGIROS,LA CARRASCA,39.47311211379254,-0.33940774232788407,Entire home/apt,121,4,5,2024-06-21,5,2,168,5,NA
1165362769373595400,Lofts J.Mª Orense B,314098619,Cromo,ALGIROS,LA CARRASCA,39.47296304059736,-0.3395364883605989,Entire home/apt,132,4,2,2024-06-10,2,2,167,2,NA
1165372903475635200,Soleado en octubre,37029432,Vanessa,PATRAIX,SAFRANAR,39.45938,-0.39549,Entire home/apt,46,5,0,NA,NA,3,28,0,NA
1165649977625159400,Apartment in Ruzafa 2,456135217,Julio,L'EIXAMPLE,RUSSAFA,39.4608,-0.36939,Entire home/apt,139,3,2,2024-06-15,2,52,299,2,NA
1165691331867335200,Valencia Studios by Olala Homes,129000409,Olala Homes,PATRAIX,FAVARA,39.454348835599355,-0.3926998648237112,Entire home/apt,164,1,0,NA,NA,2,173,0,NA
1165696585581501700,Acogedor Vacacional Soleado,12524685,David,LA SAIDIA,TORMOS,39.49006,-0.37813,Entire home/apt,81,7,0,NA,NA,17,11,0,NA
1165713393838962e3,Lofts J.Mª Orense A. New and close to the beach.,261017982,Carlos,ALGIROS,LA CARRASCA,39.47296718152376,-0.3395418527786287,Entire home/apt,102,4,2,2024-06-17,2,4,227,2,NA
1165738173543852e3,Lofts J.Mª Orense E. Moderno y cercano a la playa.,261017982,Carlos,ALGIROS,LA CARRASCA,39.47314110021003,-0.3393970134918245,Entire home/apt,102,4,4,2024-06-15,4,4,171,4,NA
1165753868951604500,Apartamento incrible en Valencia,421433135,Rodrigo,CAMINS AL GRAU,PENYA-ROJA,39.459847594843566,-0.3509314284426508,Entire home/apt,87,3,0,NA,NA,1,96,0,NA
1165759673490613200,Balty cosy motorhome,185597380,Davy,POBLATS MARITIMS,LA MALVA-ROSA,39.47849710757518,-0.326437238867326,Entire home/apt,70,2,0,NA,NA,1,197,0,NA
1165762938756600600,Elegant ground floor in Valencian,491663354,Stl Apartamentos,PATRAIX,PATRAIX,39.46053089292068,-0.3908960658092364,Entire home/apt,83,3,0,NA,NA,11,172,0,NA
1165765229852465400,Piso en zona emblema de Valencia,566845355,Nacho,CIUTAT VELLA,LA SEU,39.47729708137757,-0.37615519089857063,Entire home/apt,114,3,0,NA,NA,26,61,0,NA
1165773121843380200,¡Increíble vivienda en Valencia!,566845355,Nacho,EXTRAMURS,ARRANCAPINS,39.466469103802346,-0.38560853730477634,Entire home/apt,147,3,0,NA,NA,26,54,0,NA
1165784625100328400,Elegante piso en Valencia centro,566845355,Nacho,JESUS,LA CREU COBERTA,39.45214204304557,-0.3835232371066143,Entire home/apt,138,4,0,NA,NA,26,61,0,NA
1165968753870123300,Tradicional Casa con patio. Ruzafa,123160301,Place Your Place,L'EIXAMPLE,RUSSAFA,39.46088597289703,-0.3733373433351517,Entire home/apt,242,4,0,NA,NA,51,103,0,VT-53343-V
1166080548977047800,Lofts J.Mª Orense C.,371046518,Ichi,ALGIROS,LA CARRASCA,39.47295475874383,-0.3394613865081819,Entire home/apt,114,4,3,2024-06-20,3,1,0,3,NA
1166394203574815e3,Marina Real Apartment,580083669,Angel Jose,POBLATS MARITIMS,EL GRAU,39.46227352902265,-0.33711067993868776,Entire home/apt,240,10,0,NA,NA,1,231,0,NA
1166514228345827600,Mercado Central Suites 2 Dormitorios,308967204,Coroa Gestion,CIUTAT VELLA,EL MERCAT,39.474827270227706,-0.3787021897253596,Entire home/apt,163,1,0,NA,NA,24,314,0,NA
1166541340650946600,NEW Modern loft near city center,580093295,Guillermo,JESUS,LA RAIOSA,39.4615950964186,-0.3875484277599029,Entire home/apt,97,2,1,2024-06-14,1,1,303,1,NA
1166544058631059700,Mercado Central Suites 2 Hab. y terraza,308967204,Coroa Gestion,CIUTAT VELLA,EL MERCAT,39.47265872415365,-0.3770160247196989,Entire home/apt,173,1,0,NA,NA,24,297,0,NA
1166550497348019700,Mercado Central Suites Dúplex y Terraza,308967204,Coroa Gestion,CIUTAT VELLA,EL MERCAT,39.47266,-0.37745,Entire home/apt,182,1,0,NA,NA,24,260,0,NA
1166558208182083600,Piso cerca de Artes y Ciencias,580092209,Luis,QUATRE CARRERES,NA ROVELLA,39.4567484,-0.3618227,Entire home/apt,99,2,0,NA,NA,1,57,0,NA
1166628360338003500,Precioso piso,209123232,Karim,RASCANYA,TORREFIEL,39.49419,-0.37377,Entire home/apt,93,3,0,NA,NA,2,136,0,NA
1166676293535294500,Felicidad en la playa Malvarrosa,580162767,Dirk,POBLATS MARITIMS,CABANYAL-CANYAMELAR,39.4741743,-0.326197,Entire home/apt,101,2,0,NA,NA,3,120,0,NA
1166702845149535200,Apartamento soleado,91261970,Majo Y Aurelio,L'EIXAMPLE,RUSSAFA,39.46033321046927,-0.36886607619100975,Entire home/apt,104,1,1,2024-06-18,1,4,210,1,NA
1166789517126308e3,Lovely apartment near the beach,135344367,Ilearn Innovaciones,CAMINS AL GRAU,LA CREU DEL GRAU,39.46309913202023,-0.3445679694414139,Entire home/apt,170,2,1,2024-06-17,1,2,260,1,NA
1167155530493966e3,Wonderful and bright flat in Ciutat Vella,417948112,Alexandra,CIUTAT VELLA,EL MERCAT,39.47354,-0.37734,Entire home/apt,113,3,1,2024-06-09,1,131,198,1,NA
1167171634330734800,Apartamento Cerca De La playa Malvarrosa,361974031,Patrick,POBLATS MARITIMS,BETERO,39.47248736151412,-0.3367598912471597,Entire home/apt,143,1,2,2024-06-16,2,8,223,2,NA
1167180379724236300,Piso céntrico de 2 habitaciones,577546308,Francisco,PATRAIX,PATRAIX,39.4659271110517,-0.3904495601587828,Entire home/apt,118,2,0,NA,NA,1,235,0,NA
1167257375393651e3,Loft valencia isla formentera B,505036561,Adriana,QUATRE CARRERES,MALILLA,39.44735,-0.38025,Entire home/apt,99,2,0,NA,NA,27,48,0,NA
1167260183898387700,Sunlit Historic apartment in Valencia City Center,30141190,David,LA SAIDIA,MORVEDRE,39.48155,-0.37477,Entire home/apt,67,4,0,NA,NA,7,155,0,VT-43877-V
1167308731753766100,Apartamento 7pax en Amistad,214440330,Alejandro,ALGIROS,CIUTAT JARDI,39.471215255841955,-0.3471694172517192,Entire home/apt,160,5,0,NA,NA,29,25,0,NA
1167390313506547700,La casa azul,44929549,Giorgia,POBLATS MARITIMS,CABANYAL-CANYAMELAR,39.46788,-0.33127,Entire home/apt,83,3,0,NA,NA,2,45,0,NA
1167504421205283600,"Magnífico piso en las Artes, cerca al centro",580397130,Felipe,QUATRE CARRERES,MONT-OLIVET,39.46079732581988,-0.3625411992427402,Entire home/apt,96,2,1,2024-06-20,1,1,66,1,NA
1167725767229003800,"Céntrico, cómoda, acogedor",198156724,Monica,EXTRAMURS,EL BOTANIC,39.47215,-0.38536,Entire home/apt,65,2,3,2024-06-21,3,1,8,3,NA
116781693490532e4,Apartamento en casco antiguo,58083967,Elena,CIUTAT VELLA,LA XEREA,39.4759,-0.37112,Entire home/apt,150,20,0,NA,NA,2,268,0,NA
1.1678423599892319e+18,Apartamento en la Malvarrosa,533801904,Juan,POBLATS MARITIMS,LA MALVA-ROSA,39.47719986694157,-0.32607243251696955,Entire home/apt,139,1,0,NA,NA,11,43,0,NA
1167871462216839200,Velázquez,178009159,Sergii,POBLATS MARITIMS,CABANYAL-CANYAMELAR,39.4691315,-0.3303109,Entire home/apt,104,2,0,NA,NA,11,278,0,NA
1167921838889611300,¡Apartamento Amplio y Cómodo!,562346272,Flavio,LA SAIDIA,TORMOS,39.4891666,-0.3845881,Entire home/apt,155,2,0,NA,NA,3,200,0,NA
1167967267309236200,Beautiful & charming Loft in Russafa (Soho),44450805,Sergio,L'EIXAMPLE,RUSSAFA,39.4630645,-0.3722803,Entire home/apt,89,4,0,NA,NA,29,120,0,NA
1168000630843459800,Luxury & Comfort Seasonal Stays,22311795,Charlie,EXTRAMURS,LA PETXINA,39.47322,-0.3878,Entire home/apt,105,30,0,NA,NA,1,172,0,NA
1168021225817945e3,"fantastic  new apartment, garaje",211991268,ValenciaGUEST,RASCANYA,SANT LLORENS,39.49444,-0.36276,Entire home/apt,96,1,0,NA,NA,93,91,0,NA
1168028067937757700,Vidal de Blanes Puerto de Valencia,12044109,Invalencia Flats,POBLATS MARITIMS,EL GRAU,39.45846,-0.33549,Entire home/apt,59,1,0,NA,NA,25,119,0,NA
1168030039689753600,Loft valencia Isla Formentera A,505036561,Adriana,QUATRE CARRERES,MALILLA,39.448480000000004,-0.38116,Entire home/apt,99,2,2,2024-06-16,2,27,64,2,NA
1168152260135166200,Tu hogar luminoso en Valencia + balcón,533801904,Juan,RASCANYA,TORREFIEL,39.492672206791504,-0.3777714120476146,Entire home/apt,104,1,0,NA,NA,11,217,0,NA
1168230586795503600,Piso Pintor Maella 1,487998911,Tomáš,CAMINS AL GRAU,LA CREU DEL GRAU,39.462932848886666,-0.3459612619018593,Entire home/apt,110,2,1,2024-06-03,1,2,52,1,NA
116825802940097e4,Apartment Ayora,154048802,René,CAMINS AL GRAU,AIORA,39.46701,-0.34672,Entire home/apt,148,4,0,NA,NA,30,46,0,NA
1168302983149229600,Apartamento completo,578880443,Hennadii,L'EIXAMPLE,RUSSAFA,39.4589868012879,-0.37209989948541033,Entire home/apt,232,1,0,NA,NA,6,153,0,NA
1168522962353367e3,Apartamento entero.,217009750,Rodrigo,JESUS,LA RAIOSA,39.45631036538036,-0.38832957132441337,Entire home/apt,128,7,0,NA,NA,5,38,0,NA
116858507316926e4,Excelente cerca centro y playa,79516682,Lourdes,CAMINS AL GRAU,ALBORS,39.468480130931944,-0.3511466418046557,Entire home/apt,155,4,0,NA,NA,2,8,0,NA
1168595577795801300,The Summer House,580672163,Francisco,POBLATS MARITIMS,CABANYAL-CANYAMELAR,39.47185,-0.32987,Entire home/apt,300,4,0,NA,NA,1,72,0,NA
1168601125007396400,Casa Canarias,178009159,Sergii,POBLATS MARITIMS,CABANYAL-CANYAMELAR,39.4690102,-0.3295412,Entire home/apt,113,2,0,NA,NA,11,269,0,NA
1168626148813064700,Sueños en la playa,580162767,Dirk,POBLATS MARITIMS,CABANYAL-CANYAMELAR,39.47447184056738,-0.3262301612318308,Entire home/apt,99,2,1,2024-06-09,1,3,137,1,NA
1168643713913663500,Cozy apartment near Russafa,214087309,David,QUATRE CARRERES,MONT-OLIVET,39.45637,-0.36674,Entire home/apt,53,31,0,NA,NA,10,201,0,NA
1168670427991541200,"Con encanto, amplio, wifi y terracita",26241496,Guillermo Y Margarita,ALGIROS,LA CARRASCA,39.47856163122466,-0.346760391570156,Entire home/apt,122,5,0,NA,NA,3,61,0,NA
116868165739886e4,Estupendo piso en Valencia,566845355,Nacho,ALGIROS,CIUTAT JARDI,39.47353604456763,-0.34446724254787703,Entire home/apt,171,3,0,NA,NA,26,55,0,NA
1168758635775565800,Piso de 3Hab en Valencia,580678549,John Alexander,L'EIXAMPLE,LA GRAN VIA,39.46786697213475,-0.36576365601231936,Entire home/apt,215,1,0,NA,NA,1,237,0,NA
1168768002703964200,Piso céntrico,361974031,Patrick,CIUTAT VELLA,EL MERCAT,39.47202406716753,-0.3770380519713483,Entire home/apt,149,1,0,NA,NA,8,128,0,NA
1168828168971057700,Apartamento con terraza chil out,580731443,Sandra,POBLATS MARITIMS,CABANYAL-CANYAMELAR,39.4656992,-0.3316078,Entire home/apt,140,1,1,2024-06-16,1,1,135,1,NA
116891121350818e4,Céntrico apartamento de diseño,23109440,Cristina,L'EIXAMPLE,EL PLA DEL REMEI,39.47060567912512,-0.3665128064880738,Entire home/apt,179,7,0,NA,NA,2,110,0,NA
1168958672180383200,Loft valencia Isla formentera C,505036561,Adriana,QUATRE CARRERES,MALILLA,39.4468036434263,-0.37945143737335585,Entire home/apt,101,2,2,2024-06-21,2,27,64,2,NA
1169020873947220700,Cómodo Apartamento,152197443,Leila Victoria,POBLATS DE L'OEST,BENIMAMET,39.5002665,-0.4258905,Entire home/apt,138,5,1,2024-06-18,1,1,144,1,NA
116939151512737e4,Casa Valencia,523318449,Jose,QUATRE CARRERES,EN CORTS,39.45808,-0.36875,Entire home/apt,94,1,0,NA,NA,5,220,0,NA
1169532293907500500,Apartamento centrico,180114034,David,CIUTAT VELLA,EL PILAR,39.472134711177766,-0.3808257975296415,Entire home/apt,106,5,4,2024-06-18,4,1,152,4,NA
1169583218683816700,Apartamento Poeta Mas y Ros,60653667,Dov,ALGIROS,L'AMISTAT,39.4711485,-0.3505438,Entire home/apt,120,3,0,NA,NA,2,233,0,NA
1169616619952948700,Luxury Vacation Apartment,168405214,Silvestre,CAMINS AL GRAU,PENYA-ROJA,39.45852379999999,-0.3487106,Entire home/apt,300,1,1,2024-06-16,1,1,200,1,NA
1169624672570112e3,aloja valencia,580926196,Esther,CAMINS AL GRAU,ALBORS,39.4712526,-0.3543956,Entire home/apt,150,3,0,NA,NA,1,19,0,NA
1170293705550522400,Alojamiento céntrico con encanto y ascensor,525245445,Juliana,BENICALAP,BENICALAP,39.48826,-0.39277,Entire home/apt,71,1,3,2024-06-19,3,2,47,3,NA
1170316102381423600,Perfecto para unas vacaciones románticas en pareja,116351023,Maria Elena,LA SAIDIA,MORVEDRE,39.4857232,-0.375497,Entire home/apt,110,3,0,NA,NA,1,152,0,NA
1170390133848510500,Piso de una habitación,317793031,Valeska,EL PLA DEL REAL,JAUME ROIG,39.48023098212445,-0.3626718744635582,Entire home/apt,68,1,0,NA,NA,3,23,0,NA
1170393643457351200,Wohnung in Strandnähe,79784075,Doris,POBLATS MARITIMS,CABANYAL-CANYAMELAR,39.46775,-0.32819,Entire home/apt,500,50,0,NA,NA,1,269,0,NA
1170764132009555700,"Apartament Beach 3Room 2bth, ac wifi",211991268,ValenciaGUEST,POBLATS MARITIMS,LA MALVA-ROSA,39.47994,-0.32585,Entire home/apt,157,2,0,NA,NA,93,65,0,NA
1170781471010525400,Bonito piso cerca del centro,261380186,Juan,LA SAIDIA,SANT ANTONI,39.4865923635107,-0.3752259769449208,Entire home/apt,100,4,0,NA,NA,1,58,0,NA
1170925805629971700,Casa La Playa Del Saler Cerca Del Parque Albufera,361974031,Patrick,POBLATS DEL SUD,EL SALER,39.38251,-0.33231,Entire home/apt,130,1,0,NA,NA,8,60,0,NA
1170925881483712500,The Trafalgar Apartment 01 by Florit Flats,579175749,Marta,CAMINS AL GRAU,LA CREU DEL GRAU,39.461900114473465,-0.34472711947978585,Entire home/apt,106,1,1,2024-06-09,1,3,278,1,VT-55177-V
1170933099646009600,Apart Valencia «В»,15704875,Toni,CAMINS AL GRAU,ALBORS,39.46928,-0.3489,Entire home/apt,89,2,1,2024-06-09,1,3,167,1,VT-55478-V
1170935760344384300,The Trafalgar Apartment 02 by Florit Flats,579175749,Marta,CAMINS AL GRAU,LA CREU DEL GRAU,39.46329,-0.3451,Entire home/apt,94,1,0,NA,NA,3,292,0,VT-55178-V
1170945243293047800,Penthouse in Russafa,514226051,Dasha,L'EIXAMPLE,RUSSAFA,39.4615,-0.37298,Entire home/apt,103,14,0,NA,NA,4,11,0,NA
1170949559421381600,Apart Valencia ! А,15704875,Toni,ALGIROS,CIUTAT JARDI,39.47078296359259,-0.3471640985744556,Entire home/apt,100,1,3,2024-06-21,3,3,73,3,VT-55478-V
1170954751617615400,The Trafalgar Apartment 03 by Florit Flats,579175749,Marta,CAMINS AL GRAU,AIORA,39.46346784553465,-0.3436626963862768,Entire home/apt,103,1,0,NA,NA,3,281,0,VT-55179-V
1170954895054010400,Apartamento plaza espanya,183703539,Zhouzhou,EXTRAMURS,ARRANCAPINS,39.4663756,-0.3856084,Entire home/apt,135,30,0,NA,NA,1,263,0,NA
1170956911529257700,Stunning 3 bedrooms apartment near Turia Park,514226051,Dasha,EXTRAMURS,EL BOTANIC,39.47677,-0.38663,Entire home/apt,119,28,0,NA,NA,4,34,0,NA
1171054243427697700,Apartamento acogedor en Valencia,354778384,Pilar,L'OLIVERETA,NOU MOLES,39.4713212,-0.3945976,Entire home/apt,104,4,0,NA,NA,1,51,0,NA
1171112503174076700,loft valencia en corts- porvenir,505036561,Adriana,QUATRE CARRERES,EN CORTS,39.45653721622207,-0.37112150044761105,Entire home/apt,101,2,0,NA,NA,27,70,0,NA
1171150024649409300,proche mer 3 chbr,581353162,Coralie,POBLATS MARITIMS,LA MALVA-ROSA,39.482945,-0.3271036,Entire home/apt,134,5,3,2024-06-16,3,1,45,3,NA
1171166629805541400,Chalet  El Saler,581356305,Jorge,POBLATS DEL SUD,EL SALER,39.38467176942138,-0.33248550052489945,Entire home/apt,248,2,0,NA,NA,1,364,0,NA
1171199023883049700,Luxury Apartment w/ Patio and Balcony - City Hall,68575885,Fabiola,CIUTAT VELLA,EL MERCAT,39.472659579401906,-0.3773691102903304,Entire home/apt,175,1,2,2024-06-19,2,1,62,2,Z0697614Y
1171266477937599e3,Comodidad y Encanto en Valencia (parejas),401994647,Marina,LA SAIDIA,MARXALENES,39.48498,-0.38078,Entire home/apt,86,2,0,NA,NA,2,94,0,VT-54464-T
1171404811165041e3,Adosado en el Carmen,123160301,Place Your Place,CIUTAT VELLA,EL CARME,39.48027419588891,-0.3799838572740555,Entire home/apt,132,28,0,NA,NA,51,50,0,NA
1171498497859991e3,Sunny Suit Apartment,576097773,Serhii,CIUTAT VELLA,SANT FRANCESC,39.47049222942039,-0.3721423821141373,Entire home/apt,106,2,1,2024-06-13,1,4,86,1,NA
1171500691042955800,Family Apartment on Port Avenue,451955537,Ting,CAMINS AL GRAU,ALBORS,39.46613573911447,-0.35140205912719075,Entire home/apt,68,1,0,NA,NA,1,343,0,NA
1171530120316811800,Luxury Grand Apartments,576097773,Serhii,QUATRE CARRERES,LA FONTETA S.LLUIS,39.44409733614526,-0.3680771719083459,Entire home/apt,165,2,1,2024-06-16,1,4,58,1,NA
1171545191138185700,Unieke loft in El Carmen centrum,580710179,Joran,CIUTAT VELLA,EL PILAR,39.47416588872679,-0.3814211382380846,Entire home/apt,110,3,0,NA,NA,1,257,0,NA
1171634762384301300,Favara Suites A by Concept Flats,24608456,Jaume,PATRAIX,PATRAIX,39.46065,-0.39311,Entire home/apt,99,1,2,2024-06-09,2,1,338,2,NA
1171699325594684e3,Espacioso apartamento en Valencia 7pax,214440330,Alejandro,BENIMACLET,BENIMACLET,39.48386,-0.36235,Entire home/apt,160,5,0,NA,NA,29,43,0,NA
1171729465993769e3,"Moderno, amplio y muy cómodo.",581504221,Carlo Antonio,RASCANYA,TORREFIEL,39.49556662716135,-0.3767777037048403,Entire home/apt,95,2,0,NA,NA,1,221,0,NA
1171747002079604500,Luminoso apartamento para 6 pax,94456786,Andrea,CAMINS AL GRAU,AIORA,39.46735,-0.3494,Entire home/apt,125,3,0,NA,NA,10,5,0,NA
1171758761870343200,Family-friendly apartment next to the park,44450805,Sergio,BENICALAP,CIUTAT FALLERA,39.49672,-0.39803,Entire home/apt,109,6,0,NA,NA,29,32,0,NA
1171805340014284e3,piso mágico,269540677,Nicoleta,CAMPANAR,CAMPANAR,39.4839787,-0.3987295,Entire home/apt,113,2,0,NA,NA,4,62,0,NA
1171807276008147700,Apartamento Valencia,16541470,Esther,LA SAIDIA,TRINITAT,39.485301,-0.3681569,Entire home/apt,120,2,0,NA,NA,1,61,0,NA
1171876724033093400,Hermoso piso en el Cabanyal,565900104,Juan Miguel,POBLATS MARITIMS,CABANYAL-CANYAMELAR,39.4689234131177,-0.33081953601363645,Entire home/apt,97,1,0,NA,NA,2,332,0,NA
1172147697272397600,En el corazón de Valencia,3859309,Cristina,CIUTAT VELLA,SANT FRANCESC,39.47126541460218,-0.374300764380412,Entire home/apt,105,2,0,NA,NA,1,240,0,NA
117216932045735e4,Spacious Flat by City of Arts and Sciences,163139642,Miguel,QUATRE CARRERES,NA ROVELLA,39.45559515603338,-0.36162961861070464,Entire home/apt,195,2,0,NA,NA,6,66,0,NA
1172226851809743600,Spacious apartment in Ruzafa,14505249,Sophie,L'EIXAMPLE,RUSSAFA,39.46142,-0.37406,Entire home/apt,125,7,0,NA,NA,9,62,0,NA
1172238271288877800,Loft Luminoso_poeta_1,505330483,Favio,ALGIROS,CIUTAT JARDI,39.47113,-0.34839,Entire home/apt,40,1,0,NA,NA,15,85,0,NA
1172257134099138e3,Apartamento en El Perellonet,313915782,Maria,POBLATS DEL SUD,EL PERELLONET,39.308416286572225,-0.2971425745183835,Entire home/apt,130,7,0,NA,NA,1,194,0,NA
1172269003087824400,Acogedor apartamento en Valencia 6pax,214440330,Alejandro,LA SAIDIA,TRINITAT,39.48375,-0.37145,Entire home/apt,120,5,0,NA,NA,29,37,0,NA
1172271924749141e3,Mi zona de descanso 1,580162767,Dirk,EL PLA DEL REAL,MESTALLA,39.46611903864723,-0.35736733690995537,Entire home/apt,91,2,1,2024-06-16,1,3,140,1,NA
1172317754025083600,Apartamentos 1240,577500659,Maria Eugenia,EXTRAMURS,EL BOTANIC,39.47469352180244,-0.3863771479428863,Entire home/apt,173,2,0,NA,NA,1,207,0,5945906
1172448616125517e3,Piso espectacular,142348833,Lachezar,EL PLA DEL REAL,MESTALLA,39.46806336280094,-0.3568983750975011,Entire home/apt,80,33,0,NA,NA,3,237,0,NA
1172603463800483600,"Apartment from 1842, in  El Carmen",40971576,Eduardo,CIUTAT VELLA,EL CARME,39.47824,-0.37853,Entire home/apt,133,2,1,2024-06-20,1,5,17,1,NA
1172639043095456800,Historical Building from 1842,40971576,Eduardo,CIUTAT VELLA,EL CARME,39.479832936423435,-0.37704218340202805,Entire home/apt,116,2,1,2024-06-16,1,5,22,1,NA
1172962898408782800,The Trafalgar Apartment 06 by Florit Flats,581438304,Marta,CAMINS AL GRAU,LA CREU DEL GRAU,39.46192,-0.34346,Entire home/apt,105,1,0,NA,NA,2,300,0,VT-55182-V
1172969689949700600,The Trafalgar Apartment 05 by Florit Flats,581438304,Marta,CAMINS AL GRAU,LA CREU DEL GRAU,39.46170898034419,-0.343456736097537,Entire home/apt,96,1,0,NA,NA,2,299,0,VT-55181-V
1173035007920574e3,Apartment in El Carmen,40971576,Eduardo,CIUTAT VELLA,EL CARME,39.47930407192431,-0.3785359960870101,Entire home/apt,108,2,0,NA,NA,5,16,0,NA
1173170057558021400,Apartamento cerca de la playa,573603532,Scd,POBLATS MARITIMS,CABANYAL-CANYAMELAR,39.4633528,-0.3311657,Entire home/apt,250,1,0,NA,NA,3,20,0,NA
1173295052820795e3,Apart Valencia Gran Equipo !,15704875,Toni,ALGIROS,CIUTAT JARDI,39.47070080490363,-0.34859023638699654,Entire home/apt,293,1,0,NA,NA,3,257,0,VT-55478-V
117367270006173e4,The Trafalgar Apartment 07 by Florit Flats,581636302,Marta,CAMINS AL GRAU,LA CREU DEL GRAU,39.46310285096713,-0.3452269515998113,Entire home/apt,114,1,0,NA,NA,1,306,0,VT-55183-V
1173714037476894200,Family-friendly apartment with pool in Valencia Ci,452371463,Alvaro,QUATRE CARRERES,LA PUNTA,39.452578223586,-0.3401567296752062,Entire home/apt,90,1,0,NA,NA,1,63,0,NA
1173823910380365300,Apartment Malvarrosa I,154048802,René,POBLATS MARITIMS,LA MALVA-ROSA,39.481705,-0.328842,Entire home/apt,160,4,0,NA,NA,30,32,0,NA
1173823962794166300,Apartment Malvarrosa II,154048802,René,POBLATS MARITIMS,LA MALVA-ROSA,39.480932,-0.329117,Entire home/apt,154,4,0,NA,NA,30,24,0,NA
1173831154349791200,Apartamento cerca de la playa,582075092,Sergio,POBLATS MARITIMS,BETERO,39.46938406677059,-0.3379639748715488,Entire home/apt,118,3,0,NA,NA,2,64,0,NA
117383206219834e4,Ciudad de las ciencias - Alojamento completo,492846374,Carlos,QUATRE CARRERES,CIUTAT DE LES ARTS I DE LES CIENCIES,39.45139,-0.36052,Entire home/apt,164,1,0,NA,NA,2,81,0,NA
1173844106413227e3,Casa of Spain Valencia,581538490,Antonius,PATRAIX,SAFRANAR,39.45990535195403,-0.3952995982758971,Entire home/apt,132,1,0,NA,NA,1,321,0,NA
1173846816217803300,Almar 52 Apartamento 1 dormitorio Mar,308967204,Coroa Gestion,POBLATS MARITIMS,CABANYAL-CANYAMELAR,39.46603195250618,-0.32465870610534864,Entire home/apt,999,1,0,NA,NA,24,173,0,NA
1173943719818027500,"Rualva Flats,Convento with patio",129996041,Marcos,EXTRAMURS,LA ROQUETA,39.46482411442043,-0.3807435086623715,Entire home/apt,150,4,1,2024-06-17,1,8,157,1,NA
1174324114943044e3,Cozy apartment in Russafa,575857486,Jaime,L'EIXAMPLE,RUSSAFA,39.46356265411223,-0.3735694640882276,Entire home/apt,300,2,0,NA,NA,1,247,0,NA
117435882165541e4,Bonito apartamento con fantástica ubicación,582082136,Angel Javier,ALGIROS,L'AMISTAT,39.47079,-0.35169,Entire home/apt,96,1,0,NA,NA,1,47,0,NA
1174579295284221700,2-Bedrooms Apartment near CityofArts&Oceanografic,501837131,Lyubov,CAMINS AL GRAU,LA CREU DEL GRAU,39.46127331458506,-0.34712045406900865,Entire home/apt,98,5,0,NA,NA,12,3,0,NA
1174668089584526600,Con vistas a l’Albufera.,399678021,Pere,POBLATS DEL SUD,EL SALER,39.35322804708457,-0.32362745774247714,Entire home/apt,150,15,0,NA,NA,3,330,0,NA
1175349075775172400,"Chic studio Palm Dreams C, entre playa y centro C",3397546,Olga,ALGIROS,L'ILLA PERDUDA,39.4682924,-0.3413598,Entire home/apt,100,2,1,2024-06-16,1,8,228,1,NA
1175366426478935300,Ruzafa´s Gate 2,582467242,Isan Exteak,QUATRE CARRERES,EN CORTS,39.4570507,-0.3715479,Entire home/apt,70,2,0,NA,NA,4,257,0,NA
1175418736130045200,Ruzafa´s Gate 4,582467242,Isan Exteak,QUATRE CARRERES,EN CORTS,39.4570507,-0.3715479,Entire home/apt,70,2,0,NA,NA,4,252,0,NA
1175570766484352300,La Casita de la Malva,580619891,MarÍA Amparo,POBLATS MARITIMS,LA MALVA-ROSA,39.4815429,-0.3268478,Entire home/apt,120,2,1,2024-06-16,1,1,244,1,NA
1175838109689214700,Apartamento de Lujo en el Centro,540155274,Oscar,L'EIXAMPLE,LA GRAN VIA,39.46543449039965,-0.36735291509487306,Entire home/apt,258,1,0,NA,NA,3,286,0,NA
1175902233359860200,Authentic Valencian retreat : Beach & Relax,225390196,RentitUP,POBLATS MARITIMS,NATZARET,39.45016288707606,-0.3342425216187935,Entire home/apt,53,1,0,NA,NA,1,300,0,NA
1175984718641002500,Apartamento para tres personas,44852591,Maria Fernanda,CIUTAT VELLA,SANT FRANCESC,39.47151736084379,-0.3793212090927898,Entire home/apt,126,2,0,NA,NA,1,340,0,NA
1175999747117534e3,New>Tiny Home>King Bed>Jacuzzi>Patio>Free-Parking,329239048,Linli,POBLATS MARITIMS,NATZARET,39.44672741870925,-0.3328764034420927,Entire home/apt,93,1,4,2024-06-19,4,8,36,4,NA
1176020193587384300,Lovely and modern apartment in Downtown,417948112,Alexandra,CIUTAT VELLA,EL MERCAT,39.47323543876498,-0.379001360809438,Entire home/apt,115,3,1,2024-06-16,1,131,244,1,NA
1176022113200598300,El Rincón del Carmen - Loft-wifi - NO turistas,548661217,Dulce,CIUTAT VELLA,EL CARME,39.4789651,-0.3813648,Entire home/apt,110,2,0,NA,NA,3,353,0,NA
1176027877898285600,Cosy studio between beach & city centre,3397546,Olga,ALGIROS,L'ILLA PERDUDA,39.4682924,-0.3413598,Entire home/apt,103,2,1,2024-06-16,1,8,235,1,NA
1176121286267378700,Ruzafa´s Gate 3,582467242,Isan Exteak,QUATRE CARRERES,EN CORTS,39.4570507,-0.3715479,Entire home/apt,67,2,0,NA,NA,4,246,0,NA
1176160091677639200,Casa De Banana,188555054,Marina,POBLATS MARITIMS,NATZARET,39.4478397,-0.3325741,Entire home/apt,98,2,3,2024-06-15,3,7,68,3,NA
1176254367794097700,Dulces Sueños Ruzafa,475257779,Joao,QUATRE CARRERES,EN CORTS,39.4583159,-0.3709444,Entire home/apt,139,4,0,NA,NA,1,31,0,NA
1176542702289009700,Loft luminosoX estancia temporal,505330483,Favio,CAMINS AL GRAU,CAMI FONDO,39.4654,-0.3508,Entire home/apt,70,1,0,NA,NA,15,262,0,NA
1176584343344104700,"Planta baja, bien comunicada, cerca de la playa.",137603816,Fernando,CAMINS AL GRAU,AIORA,39.46699980634199,-0.34292396597024155,Entire home/apt,114,1,0,NA,NA,4,139,0,VT46513V
1176584918433265200,Loft duplex industrial near the sea + bicicles,137603816,Fernando,POBLATS MARITIMS,CABANYAL-CANYAMELAR,39.472173509408705,-0.3282311640222752,Entire home/apt,108,1,0,NA,NA,4,168,0,VT-46504V
1176585523152853e3,Valencia Beach Pink,137603816,Fernando,POBLATS MARITIMS,CABANYAL-CANYAMELAR,39.46910602003175,-0.33115394074597765,Entire home/apt,114,1,0,NA,NA,4,13,0,VT53711V
1176586134924551700,Valencia Beach Red,137603816,Fernando,POBLATS MARITIMS,CABANYAL-CANYAMELAR,39.46808211894022,-0.32966255726448684,Entire home/apt,114,1,0,NA,NA,4,14,0,VT53712V
1176601596550756900,Apartamento céntrico,2628404,Rocio,CIUTAT VELLA,EL PILAR,39.47477166432994,-0.3838701040815842,Entire home/apt,107,7,0,NA,NA,1,63,0,NA
11766295955689e5,Duplex ático  terraza solarium,28987486,Amparo,POBLATS DEL SUD,EL PERELLONET,39.283728895648,-0.2811490544921913,Entire home/apt,160,5,0,NA,NA,1,351,0,NA
1176659524970562300,Renewed 3bedroom apt (valencia),550521861,Maria Azucena,CIUTAT VELLA,LA XEREA,39.472015,-0.3717368,Entire home/apt,129,30,0,NA,NA,13,228,0,NA
1.1766673860719201e+18,Modern Studio close to Ruzafa,134221412,VLC Host,QUATRE CARRERES,EN CORTS,39.45823,-0.36935,Entire home/apt,83,3,0,NA,NA,151,228,0,NA
1176673301285929200,Chic Loft Near Ruzafa: Urban Living in Valencia,134221412,VLC Host,QUATRE CARRERES,MONT-OLIVET,39.459800026464535,-0.36828085040614905,Entire home/apt,96,3,0,NA,NA,151,286,0,NA
1176675248444518700,Stylish Apartment close to Ruzafa,134221412,VLC Host,QUATRE CARRERES,EN CORTS,39.45804210650502,-0.3692817847326119,Entire home/apt,83,3,0,NA,NA,151,257,0,NA
1176687309639621e3,The Giorgeta Apartment by Florit Flats,581637304,Marta,EXTRAMURS,ARRANCAPINS,39.462906572457555,-0.38707290776030817,Entire home/apt,104,1,0,NA,NA,1,270,0,VT-55223-V
1176767062772219400,The Beach House Valencia,582863125,Irma,POBLATS MARITIMS,CABANYAL-CANYAMELAR,39.47167366138491,-0.32411614342845607,Entire home/apt,719,1,0,NA,NA,1,257,0,NA
1176769888738593500,Avakianni Boutique 1,582866746,Lena,PATRAIX,VARA DE QUART,39.460569,-0.4029148,Entire home/apt,121,3,0,NA,NA,3,67,0,NA
1176789627845575200,Contemporary Hideaway :Urban Retreat in Valencia,134221412,VLC Host,QUATRE CARRERES,EN CORTS,39.45871528265051,-0.3698695196314379,Entire home/apt,96,3,0,NA,NA,151,249,0,NA
1176790949208313300,apartamento muy bien ubicado,556735321,Mohamed,CIUTAT VELLA,LA XEREA,39.47480611010409,-0.3728203448027645,Entire home/apt,80,1,0,NA,NA,1,324,0,NA
1176827083927515400,Apartamento Puerto 1,522205233,Monte,CAMINS AL GRAU,LA CREU DEL GRAU,39.4643702846736,-0.34910315673039893,Entire home/apt,140,1,0,NA,NA,21,130,0,NA
1176830520848057900,Urban Oasis in Ruzafa: Modern Comfort in Valencia,134221412,VLC Host,QUATRE CARRERES,EN CORTS,39.45792361830682,-0.36971060149649576,Entire home/apt,96,3,0,NA,NA,151,268,0,NA
1176839346847844400,Apartamento en Puerto 2,522205233,Monte,CAMINS AL GRAU,CAMI FONDO,39.46466282409413,-0.35206836977995426,Entire home/apt,144,1,0,NA,NA,21,130,0,NA
1176842648843184400,Designer Studio near Ruzafa,134221412,VLC Host,QUATRE CARRERES,EN CORTS,39.45855163714686,-0.3699272502968952,Entire home/apt,96,3,0,NA,NA,151,270,0,NA
1176864627372077800,Loft in the Heart of Valencia,134221412,VLC Host,L'EIXAMPLE,RUSSAFA,39.45952,-0.36976,Entire home/apt,96,3,0,NA,NA,151,247,0,NA
1176868449905431300,Relaxing BeachSide Cabanyal Loft,44450805,Sergio,POBLATS MARITIMS,CABANYAL-CANYAMELAR,39.463745,-0.3330383,Entire home/apt,142,4,0,NA,NA,29,102,0,NA
1176886582690032400,Your Valencia Home Away from Home in Ruzafa,417948112,Alexandra,L'EIXAMPLE,RUSSAFA,39.459988425342246,-0.3697224405202925,Entire home/apt,83,3,0,NA,NA,131,261,0,NA
1176891868744068600,Precioso y amplio apartamento.,582697554,Gonzalo,EL PLA DEL REAL,MESTALLA,39.467603,-0.3575504,Entire home/apt,160,5,0,NA,NA,1,36,0,NA
1176895234485267e3,Luminoso piso cerca de la playa y centro,457069854,José,EL PLA DEL REAL,JAUME ROIG,39.48199,-0.36046,Entire home/apt,80,14,0,NA,NA,2,341,0,NA
1176902653422392800,Cruz cubierta de Valencia,533801904,Juan,JESUS,LA CREU COBERTA,39.44927,-0.3872,Entire home/apt,90,1,0,NA,NA,11,233,0,NA
1176904811745430300,Barrier-Free fully accesible vacation studio,134221412,VLC Host,QUATRE CARRERES,MONT-OLIVET,39.4579,-0.36778,Entire home/apt,96,3,0,NA,NA,151,268,0,NA
1176908477279614e3,Precioso bajo de playa,209123232,Karim,POBLATS MARITIMS,CABANYAL-CANYAMELAR,39.4707701,-0.3313491,Entire home/apt,100,3,0,NA,NA,2,238,0,NA
1176931064324619300,Ruzafa´s Gate 1,582467242,Isan Exteak,QUATRE CARRERES,EN CORTS,39.4570507,-0.3715479,Entire home/apt,67,2,0,NA,NA,4,264,0,NA
1176932958512158500,Apartamento urbano estación Joaquin sorolla,576635271,Erika Paola,JESUS,LA RAIOSA,39.457786254434005,-0.3843119304470799,Entire home/apt,130,2,0,NA,NA,5,362,0,NA
1177025552467663e3,Apartamento centro de Valencia 2,20760397,Andy,EXTRAMURS,LA ROQUETA,39.46789159285045,-0.3788211501429986,Entire home/apt,117,30,0,NA,NA,3,181,0,NA
1177263996000541400,GuestReady - Lovely flat by Valencia University,582823457,Rute,EL PLA DEL REAL,MESTALLA,39.47496543850661,-0.3591510345888372,Entire home/apt,80,30,0,NA,NA,1,325,0,NA
1177314744725269800,Mi apartamento feliz,583021397,Andres,LA SAIDIA,TORMOS,39.48962525432343,-0.3791023979156585,Entire home/apt,76,2,0,NA,NA,1,49,0,NA
1177386207557565e3,Apartamento en Valencia,582810709,Fabian Gustavo,L'OLIVERETA,NOU MOLES,39.47359831768104,-0.397490582308934,Entire home/apt,42,30,0,NA,NA,9,362,0,NA
1177483584588979e3,Apartamento en la playa,189985910,Pedro,POBLATS DEL SUD,EL PERELLONET,39.29547,-0.28625,Entire home/apt,250,1,0,NA,NA,1,266,0,NA
1177498296934760700,Casa verde: preciosa e ideal para compartir,24910925,Carmen,POBLATS MARITIMS,NATZARET,39.45232792262328,-0.3327184007118801,Entire home/apt,200,31,0,NA,NA,11,109,0,NA
1177518418240925200,Explore Valencia: Premium Stays,100725734,Tom,QUATRE CARRERES,EN CORTS,39.45831,-0.36926,Entire home/apt,72,5,0,NA,NA,1,8,0,NA
1177530106535730700,apartamento ciudad cetro,578880443,Hennadii,EXTRAMURS,EL BOTANIC,39.4753,-0.38698,Entire home/apt,275,1,0,NA,NA,6,245,0,NA
1177683452341824300,Casa de campo en la ciudad,214171475,Diego,POBLATS DEL SUD,EL FORN D'ALCEDO,39.43426290000001,-0.3771158000000001,Entire home/apt,117,1,0,NA,NA,1,265,0,NA
1177731549644106800,Avakianni Boutique 2,582866746,Lena,PATRAIX,VARA DE QUART,39.46083,-0.40032,Entire home/apt,117,1,1,2024-06-16,1,3,248,1,NA
1177787426189476400,Piscina Privada en casa céntrica,28760192,Pablo,POBLATS DE L'OEST,BENIMAMET,39.50324569266379,-0.41895951406550536,Entire home/apt,200,3,0,NA,NA,1,25,0,NA
1178110451521605e3,Riu Jalon Flat,12044109,Invalencia Flats,CAMINS AL GRAU,AIORA,39.46493,-0.33906,Entire home/apt,59,1,0,NA,NA,25,219,0,NA
1178128619119325e3,Apartment in trendy Russafa,533533922,Arnold,L'EIXAMPLE,RUSSAFA,39.46160780527347,-0.3762239760445216,Entire home/apt,95,1,0,NA,NA,1,101,0,NA
1178148548115838200,Próximo de la playa y el centro,580334755,Julio Alexander,CAMINS AL GRAU,ALBORS,39.46856701775711,-0.35507217049598694,Entire home/apt,94,3,0,NA,NA,1,21,0,NA
1178181144592299800,"Sol & Playa 5 personas en ""La Malvarrosa""",189526611,Ruben,POBLATS MARITIMS,LA MALVA-ROSA,39.47917,-0.3277,Entire home/apt,139,1,0,NA,NA,24,164,0,NA
1178193114767498e3,Apartamento con terraza en Valencia,582810709,Fabian Gustavo,L'OLIVERETA,NOU MOLES,39.47396,-0.39893,Entire home/apt,56,30,0,NA,NA,9,364,0,NA
1178212140974874e3,"Apartamento en Goya, 2A",582810709,Fabian Gustavo,L'OLIVERETA,NOU MOLES,39.47388323144271,-0.3994678517567045,Entire home/apt,56,30,0,NA,NA,9,362,0,NA
1178222332579985700,Apartamento con balcón en Valencia,582810709,Fabian Gustavo,L'OLIVERETA,NOU MOLES,39.47430265481509,-0.3992861295496885,Entire home/apt,54,30,0,NA,NA,9,362,0,NA
1178238929095976200,"Apartamento en Goya, 2B",582810709,Fabian Gustavo,L'OLIVERETA,NOU MOLES,39.47418,-0.39944,Entire home/apt,45,30,0,NA,NA,9,362,0,NA
1178242286707806700,"Apartamento en Goya, 3B",582810709,Fabian Gustavo,L'OLIVERETA,NOU MOLES,39.47444,-0.39771,Entire home/apt,45,30,0,NA,NA,9,362,0,NA
1178334625762361900,Urban Oasis Retreat,232356580,Cong,CAMINS AL GRAU,ALBORS,39.46767,-0.35182,Entire home/apt,68,15,0,NA,NA,14,229,0,NA
1178385127154547500,Terrace Lux Apartment,503201340,Liliana Gomez,EXTRAMURS,ARRANCAPINS,39.461624496267,-0.3828443873283944,Entire home/apt,142,1,0,NA,NA,1,85,0,NA
1178386828655043600,Cabanyal: Apto Luminoso y Playa,580769631,Melanie,POBLATS MARITIMS,CABANYAL-CANYAMELAR,39.46738,-0.33141,Entire home/apt,117,1,1,2024-06-16,1,1,206,1,NA
1178436027862795300,Apartamento en valencia centro,140790615,Harut,CAMPANAR,SANT PAU,39.487795714666326,-0.4055476968877348,Entire home/apt,240,1,0,NA,NA,1,39,0,NA
1178504315521624e3,Bonito apartamento en Valencia,522205233,Monte,LA SAIDIA,MARXALENES,39.48647,-0.38647,Entire home/apt,138,1,0,NA,NA,21,206,0,NA
1178512740165235700,Luxe apartamento,522205233,Monte,BENICALAP,CIUTAT FALLERA,39.498497744165086,-0.3941335156559944,Entire home/apt,159,2,0,NA,NA,21,238,0,NA
1178526465453509400,Apartamento Comodo en Valencia 1,522205233,Monte,POBLATS DE L'OEST,BENIMAMET,39.50027,-0.42589,Entire home/apt,104,2,0,NA,NA,21,175,0,NA
1178698799425045500,Piso en la PLAYA Malvarrosa,120332649,Maria,POBLATS MARITIMS,LA MALVA-ROSA,39.48072448280092,-0.3299467585279375,Entire home/apt,100,8,0,NA,NA,1,21,0,NA
1178732634688969700,"Precioso Loft, zona tranquila",371349037,Maria Jose,PATRAIX,VARA DE QUART,39.46087,-0.41328,Entire home/apt,89,1,0,NA,NA,1,119,0,NA
1178743261485841e3,Stylish quiet refuge,583407286,Silvia,QUATRE CARRERES,EN CORTS,39.45433,-0.37367,Entire home/apt,92,1,0,NA,NA,1,4,0,NA
1178762795247607e3,Encantador ÁTICO con vistas al Mercado Central!,211991268,ValenciaGUEST,CIUTAT VELLA,LA SEU,39.47402416984784,-0.3766582750224622,Entire home/apt,120,3,0,NA,NA,93,133,0,NA
1178775283966325200,Benimaclet Industrial I,560729683,Fates,BENIMACLET,BENIMACLET,39.4874295,-0.3664967,Entire home/apt,103,1,0,NA,NA,2,123,0,NA
1178843617155179800,4 apartamentos completos para 8 personas en total,189526611,Ruben,CAMINS AL GRAU,AIORA,39.46458,-0.34378,Entire home/apt,405,1,0,NA,NA,24,134,0,NA
1178886524718511e3,Apartamento en playa Malvarrosa,516550417,Karen,POBLATS MARITIMS,LA MALVA-ROSA,39.48128,-0.32826,Entire home/apt,250,3,0,NA,NA,2,72,0,NA
1178912984437915100,2 apartamentos completos para 4 personas en total,189526611,Ruben,CAMINS AL GRAU,CAMI FONDO,39.46514793914113,-0.3552685278527194,Entire home/apt,214,1,0,NA,NA,24,327,0,NA
1178968975922385700,"Apartamento en Goya, 3C",582810709,Fabian Gustavo,L'OLIVERETA,NOU MOLES,39.47455002744656,-0.3973467695592203,Entire home/apt,54,30,0,NA,NA,9,362,0,NA
1.1789806790406239e+18,"Apartamento en Goya, 4A",582810709,Fabian Gustavo,L'OLIVERETA,NOU MOLES,39.47257707951081,-0.39916656195079553,Entire home/apt,54,30,0,NA,NA,9,362,0,NA
1178990683152156400,Apartamento en Valencia,582810709,Fabian Gustavo,L'OLIVERETA,NOU MOLES,39.473837389118096,-0.3992948224590349,Entire home/apt,46,30,0,NA,NA,9,308,0,NA
1179045438737361700,Suite Centro,558018001,Nazeli,CIUTAT VELLA,EL MERCAT,39.472200693164375,-0.3768873710100665,Entire home/apt,160,1,0,NA,NA,3,109,0,NA
1179046706043757300,Apartamento Cómodo Valencia 2,582866746,Lena,POBLATS DE L'OEST,BENIMAMET,39.49923869843839,-0.4262823302623777,Entire home/apt,130,1,0,NA,NA,3,175,0,NA
1179162988168702e3,Apartamento centro de valencia 1,20760397,Andy,EXTRAMURS,LA ROQUETA,39.46733142389525,-0.3776359992878178,Entire home/apt,96,2,0,NA,NA,3,8,0,NA
1179376499205334800,casa ramona,49779174,Inmaculada,QUATRE CARRERES,MONT-OLIVET,39.45940085374278,-0.368236624686177,Entire home/apt,70,31,0,NA,NA,1,142,0,NA
1179438974805318100,Apartamento nuevo a estrenar cerca del mar.,99656509,M Jesús,POBLATS MARITIMS,EL GRAU,39.459660379483665,-0.3378301138568863,Entire home/apt,130,2,0,NA,NA,5,351,0,NA
1179544317777851400,La terraza del barrio | Ático,3343648,Fernando,PATRAIX,PATRAIX,39.4592136,-0.3926051,Entire home/apt,173,1,0,NA,NA,1,83,0,NA
1179630419961782300,Elegant apartment with pool in El Saler,491663354,Stl Apartamentos,POBLATS DEL SUD,EL SALER,39.35355,-0.3203,Entire home/apt,86,7,0,NA,NA,11,168,0,NA
1179771867599433200,Apartamento Moderno Centro C,22730671,Marcela,CAMPANAR,LES TENDETES,39.483344807210784,-0.3849402442574501,Entire home/apt,130,3,0,NA,NA,10,59,0,NA
1179773694641518300,Urban Comfort Cove,232356580,Cong,CAMINS AL GRAU,ALBORS,39.46794,-0.35071,Entire home/apt,80,7,0,NA,NA,14,224,0,NA
1180127598088751e3,Apartamento Campanar con piscina,8433598,Ignacio,CAMPANAR,SANT PAU,39.4864279,-0.4029386,Entire home/apt,220,25,0,NA,NA,1,71,0,NA
1180184153240595700,Apartamento nuevo 400 mt al mar.,99656509,M Jesús,POBLATS MARITIMS,EL GRAU,39.4589221252174,-0.3377110123506986,Entire home/apt,110,2,0,NA,NA,5,354,0,NA
1180579573822680600,Valencia El Saler (a pie de playa),138413254,Lorena,POBLATS DEL SUD,EL SALER,39.36541365286183,-0.32410840269457647,Entire home/apt,117,5,0,NA,NA,1,268,0,NA
1180766394872968700,Muy cerca de la playa,386377263,Francisco Javier,POBLATS MARITIMS,CABANYAL-CANYAMELAR,39.46793729548271,-0.3296545520424843,Entire home/apt,123,3,0,NA,NA,1,201,0,NA
1180841238968126e3,Valencia-live,432584184,Holidu,EL PLA DEL REAL,MESTALLA,39.4751691741387,-0.353593435138464,Entire home/apt,141,1,0,NA,NA,1,365,0,VT-44805-V
1180918433730404400,Dormitorio individual,583961810,Cristina,QUATRE CARRERES,EN CORTS,39.457007225097534,-0.3716498985886574,Entire home/apt,35,2,0,NA,NA,1,355,0,NA
1180930684501075e3,Ca La Leni Beach II. WiFi + A/C + 4 Pax,14182776,Alberto,POBLATS MARITIMS,CABANYAL-CANYAMELAR,39.47389659932029,-0.3285326894103924,Entire home/apt,163,1,0,NA,NA,70,210,0,AV-37
1180937299740134700,Elegante piso en el corazón de Valencia,583958552,Maria Pilar,EXTRAMURS,ARRANCAPINS,39.4655757,-0.3814639,Entire home/apt,125,3,0,NA,NA,1,62,0,NA
1180948705202001e3,Apartamento lindo en playa,583968689,Maris Del Sol,POBLATS MARITIMS,CABANYAL-CANYAMELAR,39.46937,-0.32927,Entire home/apt,120,3,0,NA,NA,1,52,0,NA
1180960848017300700,Urban Oasis Retreat 2,516540480,Haiqiong,CAMINS AL GRAU,AIORA,39.4664877651064,-0.34973980032262203,Entire home/apt,72,15,0,NA,NA,2,159,0,NA
1180964254802628900,Urban Comfort Cove 2,516540480,Haiqiong,CAMINS AL GRAU,ALBORS,39.46628241655689,-0.3520165592533036,Entire home/apt,72,7,0,NA,NA,2,251,0,NA
1180982249323737900,Boutique El Carmen,515191119,Mafermar Investments,CIUTAT VELLA,EL CARME,39.47899,-0.3798,Entire home/apt,200,1,0,NA,NA,1,206,0,NA
1181006244350764e3,Cozy loft Cabanyal,154048802,René,POBLATS MARITIMS,CABANYAL-CANYAMELAR,39.46978,-0.33273,Entire home/apt,120,3,0,NA,NA,30,0,0,NA
1181008013845688600,Moderno piso muy cerca de la playa,583982963,Adolfo,POBLATS MARITIMS,CABANYAL-CANYAMELAR,39.46830569999999,-0.328626,Entire home/apt,155,4,0,NA,NA,1,17,0,NA
1181017718244055300,Ca La Leni Beach III. WiFi + A/C + 4 Pax,14182776,Alberto,POBLATS MARITIMS,CABANYAL-CANYAMELAR,39.4730783156545,-0.3294829863924303,Entire home/apt,156,1,0,NA,NA,70,245,0,AV-37
1181070942228048600,Piso Joaquín terminal cerca,576635271,Erika Paola,JESUS,LA RAIOSA,39.45633,-0.38687,Entire home/apt,98,2,0,NA,NA,5,84,0,NA
118109927577982e4,Piso en Valencia,570537837,AleHome,EXTRAMURS,LA PETXINA,39.4706,-0.39171,Entire home/apt,130,1,0,NA,NA,1,346,0,NA
1181138314629188900,Apartamento centro histórico,1475373,Marta,CIUTAT VELLA,EL CARME,39.47849345258917,-0.3767676881819544,Entire home/apt,80,30,0,NA,NA,9,181,0,NA
1181253057702097e3,Ca La Leni Beach IV. WiFi+A/C+ 6 Pax,14182776,Alberto,POBLATS MARITIMS,CABANYAL-CANYAMELAR,39.47386165237488,-0.32853338351200856,Entire home/apt,177,1,0,NA,NA,70,223,0,AV-37
1181282803345455400,Verano perfecto,273061835,Esther,EXTRAMURS,LA PETXINA,39.47592419780975,-0.3944924179718468,Entire home/apt,65,6,0,NA,NA,1,320,0,NA
1181298835155440600,Apartamento acogedor en El Carme,108743106,Angeles,CIUTAT VELLA,EL CARME,39.47734336246968,-0.38043650763237047,Entire home/apt,130,1,0,NA,NA,1,361,0,NA
1181612016151882500,Precioso piso en Valencia,566845355,Nacho,CIUTAT VELLA,SANT FRANCESC,39.471068637168145,-0.3784307140053925,Entire home/apt,185,4,0,NA,NA,26,61,0,NA
1181612164775071700,Encantador apartamento Zarra_2,505330483,Favio,ALGIROS,CIUTAT JARDI,39.470984473851,-0.3458069390236494,Entire home/apt,70,1,0,NA,NA,15,176,0,NA
1181620082284162600,Piso para vacaciones playeras,566882725,Alberto,POBLATS MARITIMS,CABANYAL-CANYAMELAR,39.47449581737621,-0.32813909843586975,Entire home/apt,175,3,0,NA,NA,11,43,0,NA
1181637318326214e3,3 bedroom apartment in Cabanyal,556202305,Carolin,POBLATS MARITIMS,CABANYAL-CANYAMELAR,39.469895645732,-0.3314587428843188,Entire home/apt,139,1,0,NA,NA,1,230,0,NA
1181643209214131500,Vivienda al lado de la playa,566882725,Alberto,POBLATS MARITIMS,LA MALVA-ROSA,39.47489543077731,-0.3279930866134104,Entire home/apt,190,3,0,NA,NA,11,38,0,NA
1181656134011412200,Estupenda vivienda valenciana,566882725,Alberto,RASCANYA,TORREFIEL,39.49491257822746,-0.3783213740616709,Entire home/apt,200,3,0,NA,NA,11,43,0,NA
1181668786056701700,Piso nuevo en Valencia,582075092,Sergio,JESUS,CAMI REAL,39.43845188232426,-0.3898929020774709,Entire home/apt,110,3,0,NA,NA,2,179,0,NA
1181672164915638e3,¡Alojamiento en Valencia!,566882725,Alberto,POBLATS MARITIMS,BETERO,39.47135,-0.33684,Entire home/apt,165,3,0,NA,NA,11,36,0,NA
1181696711897281300,Alojamiento valenciano,566882725,Alberto,RASCANYA,SANT LLORENS,39.49018121484308,-0.35988137019369043,Entire home/apt,250,3,0,NA,NA,11,61,0,NA
1181706426506538e3,4 apartamentos completos para 8 personas en total,198340702,Edgar,CAMINS AL GRAU,AIORA,39.46679554747174,-0.3468833532911477,Entire home/apt,405,1,0,NA,NA,1,118,0,NA
1181710674152704500,Extraordinario piso vacacional,566882725,Alberto,BENIMACLET,BENIMACLET,39.48794,-0.36079,Entire home/apt,260,3,0,NA,NA,11,57,0,NA
1181738996502496300,Ca La Leni Beach V. WiFi+A/C+4 Pax,14182776,Alberto,POBLATS MARITIMS,CABANYAL-CANYAMELAR,39.47314842317963,-0.3293089074103375,Entire home/apt,115,1,0,NA,NA,70,235,0,AV-37
1181784895515468e3,Estudio Bohemio Centro,157381973,Jose Luis,EXTRAMURS,EL BOTANIC,39.4729,-0.38431,Entire home/apt,100,1,0,NA,NA,4,130,0,NA
1181888282440382e3,Ca La Leni Beach I. WiFi + A/A + Disabled Pers.,14182776,Alberto,POBLATS MARITIMS,CABANYAL-CANYAMELAR,39.47387,-0.32847,Entire home/apt,121,1,0,NA,NA,70,243,0,AV-37
1181981244913890300,Bellísimo Apartamento El Saler,584285692,Manuel,POBLATS DEL SUD,EL SALER,39.34906,-0.32241,Entire home/apt,207,1,0,NA,NA,1,129,0,NA
1182358153350457900,Aparment Rent in Valencia - El Carmen,514226051,Dasha,CIUTAT VELLA,EL CARME,39.47902,-0.37912,Entire home/apt,74,28,0,NA,NA,4,60,0,NA
1182466446707787500,Preciosa casa a 1 minuto andando de la playa,584408388,Iris,POBLATS DEL SUD,PINEDO,39.4195032,-0.3354591,Entire home/apt,200,1,0,NA,NA,1,353,0,NA
1182481827179613200,Bonito Estudio en el centro de Valencia,192221980,Jessica & Víctor,EXTRAMURS,LA PETXINA,39.473059777914614,-0.3894215571711708,Entire home/apt,71,1,0,NA,NA,2,323,0,NA
1182506139482806300,Benimaclet Industrial II,560729683,Fates,BENIMACLET,BENIMACLET,39.4874295,-0.3664967,Entire home/apt,105,1,0,NA,NA,2,0,0,NA
1182579707478642400,Apartamento Eda,443699940,Oana,JESUS,CAMI REAL,39.438864801969586,-0.3873739581970259,Entire home/apt,100,14,0,NA,NA,1,85,0,NA
1182668863629155800,Séjour atypique la belle étoile,147295996,Chevallier,POBLATS MARITIMS,EL GRAU,39.46167120836195,-0.3197062388062477,Entire home/apt,87,1,0,NA,NA,1,255,0,NA
1182709928444756200,Vives,475741408,Angel,POBLATS MARITIMS,CABANYAL-CANYAMELAR,39.47067431763833,-0.3254398046214508,Entire home/apt,179,1,0,NA,NA,23,61,0,NA
1182710590759020800,Marina 3a,475741408,Angel,POBLATS MARITIMS,CABANYAL-CANYAMELAR,39.46456,-0.32818,Entire home/apt,158,1,0,NA,NA,23,178,0,NA
1182710759115497200,Marina 3b,475741408,Angel,POBLATS MARITIMS,CABANYAL-CANYAMELAR,39.46401751613698,-0.3296994106723892,Entire home/apt,142,1,0,NA,NA,23,181,0,NA
1182723825212454700,A 5 min del centro de la ciudad,505252283,Tamara,LA SAIDIA,MORVEDRE,39.48448327023206,-0.37785996210533856,Entire home/apt,117,1,0,NA,NA,2,49,0,NA
1182918810117113600,ViviendaTuristica  grandes grupos A1,195184288,Astrocornucopia S.L,QUATRE CARRERES,CIUTAT DE LES ARTS I DE LES CIENCIES,39.4546292,-0.3592063,Entire home/apt,429,1,0,NA,NA,6,361,0,VT-4449-V
1183037726667711500,Palacio burgués en Valencia,104348482,Pilar,CIUTAT VELLA,LA SEU,39.475669060848354,-0.37544725797829104,Entire home/apt,400,2,0,NA,NA,8,171,0,NA
1183106845593037800,"Piso nuevo, cerca del Puerto de Valencia",584597423,Rafael,POBLATS MARITIMS,EL GRAU,39.46068,-0.33535,Entire home/apt,140,3,0,NA,NA,1,169,0,NA
1183147775350997500,Piso junto estadio de Baloncesto. Media estancia,535705569,Miguel,QUATRE CARRERES,NA ROVELLA,39.45192,-0.36664,Entire home/apt,92,30,0,NA,NA,1,364,0,NA
1183174050012822e3,Perellonet Las Gaviotas,261149179,Vacansis,POBLATS DEL SUD,EL PERELLONET,39.29513083904253,-0.2887930296737771,Entire home/apt,132,1,0,NA,NA,6,239,0,NA
1183286434060028400,Cosy Nordic studio in Benimaclet,2134754,Phil,RASCANYA,ELS ORRIOLS,39.48977645020518,-0.3688267167030209,Entire home/apt,71,30,0,NA,NA,2,329,0,NA
1183323419378264600,Encantador Loft A Reformado,102194865,Angelica,EXTRAMURS,EL BOTANIC,39.473658240907334,-0.386058304860617,Entire home/apt,76,2,0,NA,NA,1,9,0,NA
1183414879173328400,Geräumige helle Unterkunft,489756393,Leonard,CAMINS AL GRAU,AIORA,39.4672,-0.34874,Entire home/apt,130,5,0,NA,NA,1,225,0,NA
1183854782614009e3,Cute and bright by El Carmen square. Seasonal Rent,516127294,Ana,CIUTAT VELLA,EL CARME,39.47979,-0.38003,Entire home/apt,96,28,0,NA,NA,2,269,0,NA
1183946618068901600,Apartamento Valencia capital 2A,551527047,Pau,RASCANYA,TORREFIEL,39.49369526456486,-0.3758544595655956,Entire home/apt,57,3,0,NA,NA,4,50,0,NA
1183957651467399400,Fantástico piso centro valencia,465324815,Elodie,CIUTAT VELLA,EL PILAR,39.47318953348324,-0.3831999814970107,Entire home/apt,400,2,0,NA,NA,28,269,0,NA
1184465100859032600,Studio 2º In The Old Center,568348803,Holidu,CIUTAT VELLA,EL CARME,39.4797772,-0.3799938,Entire home/apt,70,1,0,NA,NA,3,365,0,VT-37981-V
